NmId,Question,Description,Answer,label
3440033,"ошибочно постпвила 1 звезду, на самом деле 5. Ботинки очень понравились!","{'Страна производства': 'Таиланд', 'ТНВЭД': '6403511500', 'Метод крепления подошвы': 'Вулканизация', 'Высота подошвы': '1 см', 'Коллекция': 'Осень-Зима 2024', 'Длина упаковки': '34 см', 'Ортопедия': 'нет', 'Материал стельки': 'Искусственная шерсть', 'Ставка НДС': '20', 'Материал подошвы обуви': 'Полиуретан', 'Высота обуви': 'высокие', 'Материал подкладки обуви': 'Искусственная шерсть', 'Дата окончания действия сертификата/декларации': '25.05.2025', 'Высота упаковки': '13 см', 'Назначение обуви': 'повседневная', 'Цвет': 'черный', 'Особенности модели': 'Gore-Tex мембрана', 'Модель ботинок': 'ботинки', 'Дата регистрации сертификата/декларации': '26.05.2022', 'Декоративные элементы': 'без элементов', 'Номер сертификата соответствия': 'ЕАЭС RU С-DK.АЯ46.В.25234/22', 'Комплектация': 'Ботинки - 1 пара', 'Вид застежки': 'Шнурки', 'Полнота обуви (EUR)': 'F (6)', 'Ширина упаковки': '34 см', 'Пол': 'Женский', 'Сезон': 'демисезон', 'Состав': 'натуральный нубук'} {'Российский размер 42': '(Размер производителя: 42, Длина стопы, в см: 26.5-27. )', 'Российский размер 41': '(Размер производителя: 41, Длина стопы, в см: 26-26.5. )', 'Российский размер 35': '(Размер производителя: 35, Длина стопы, в см: 22-22.5. )', 'Российский размер 38': '(Размер производителя: 38, Длина стопы, в см: 24-24.5. )', 'Российский размер 39': '(Размер производителя: 39, Длина стопы, в см: 24.5-25. )', 'Российский размер 40': '(Размер производителя: 40, Длина стопы, в см: 25-25.5. )', 'Российский размер 36': '(Размер производителя: 36, Длина стопы, в см: 22.5-23. )', 'Российский размер 37': '(Размер производителя: 37, Длина стопы, в см: 23-23.5. )'} Ботинки женские демисезонные ECCO из натурального нубука. Демисезонные женские ботинки из натурального нубука ECCO BABETT BOOT идеальны для прохладных дней. Утепленная подкладка и климатическая мембрана подарят тепло и защитят от непогоды. Анатомическая колодка обеспечит максимальную поддержку стопы. Полиуретановая подошва с глубоким протектором легкая, устойчивая и упругая при ходьбе. Текстильная шнуровка помогает отрегулировать посадку модели. Утепленная подкладка защитит ноги от холода. Съемные стельки ECFS из войлока и пеноматериала обеспечивают дополнительную амортизацию. Современный силуэт с удлиненным верхом до щиколотки универсален и идеально сочетается с повседневными нарядами, романтичными платьями и джинсами. Монохромный верх переносит акцент на фактуру нубука и создает трендовый образ. Технология ECCO FLUIDFORM создает подошву, в точности повторяющую изгибы стопы, для исключительного комфорта движения. Климатическая мембрана GORE-TEX защищает обувь от промокания и эффективно отводит испарения, позволяя ногам «дышать».","Добрый день! Благодарим за отзыв. Нам очень важна обратная связь от наших покупателей. Мы рады, что у Вас остались положительные впечатления от покупки. Будем рады Вашим новым заказам!",0
2025564,"Я знаю что такое 48 мл ! Я пользуюсь этой краской 5 лет! В этот раз пришла полупустая бутылка ! Я требую возврата денег! Что непонятного ?! И ваша служба поддержки - это ни о чем , там ничем не могут помочь !","{'Длина упаковки': '8 см', 'Особенности краски для волос': 'безаммиачная', 'Срок годности': '36 месяцев', 'Вес товара с упаковкой (г)': '239 г', 'Комплектация': ""краска-уход для волос L'Oreal Paris (Лореаль Париж) - 1 шт"", 'Тип краски': 'полустойкая', 'Раздел меню': 'Окрашивание волос и химическая завивка', 'Состав': 'вода', 'Упаковка': 'коробка', 'Тон краски для волос': '603, Молочный шоколад', 'Дата окончания действия сертификата/декларации': '27.05.2026', 'Дата регистрации сертификата/декларации': '28.05.2021', 'Ширина упаковки': '9 см', 'Объем товара': '180 мл', 'Страна производства': 'Бельгия', 'Цвет': 'молочный шоколад', 'Номер декларации соответствия': 'ЕАЭС N RU Д-BE.РА01.В.97110/21', 'Высота упаковки': '17 см', 'Назначение косметического средства': 'для волос', 'Прямые поставки от производителя': 'да', 'Форма упаковки': 'без давления'}  Краска для волос Casting Creme Gloss. Окрашивание волос превращается в настоящую процедуру ухода, сравнимую с оздоровлением волос в салоне красоты. Уникальный состав стойкой краски-ухода для волос CASTING CREME GLOSS от L'Oreal Paris (Лореаль Париж) без аммиака во время окрашивания защищает структуру волос от повреждения, одновременно ухаживая и разглаживая их по всей длине. Сохранить и усилить эффект шелковых блестящих волос после окрашивания позволит использование Нового бальзама для волос с Медом, который придает Вашим волосам мягкость, блеск и шелковистость. В состав упаковки входит: красящий крем без аммиака (48мл), тюбик с проявляющим молочком (72мл), флакон с бальзамом для волос с Медом (60мл), пара перчаток, инструкция по применению. Краска для волос Casting Creme Gloss от Лореаль легка в использовании, благодаря наличию специального флакона-аппликатора, нанесение краски становится точным и простым. Полная информация о процедуре окрашивания содержится в инструкции. Соблазнительный цвет и блеск. Стойкий цвет. Закрашивание седых волос. Ухаживает за волосами во время окрашивания. Без аммиака.","Добрый день! Благодарим за обращение. Мы понимаем, что данная ситуация могла принести Вам неудобства. Обращаем внимание, что бренд не может проконтролировать заказ на этапе комплектации. Мы рекомендуем тщательно осматривать товар при получении и, в случае обнаружения повреждений или неверного вложения, незамедлительно сообщить об этом сотруднику. Если Вы обнаружили несоответствие заказу уже после того, как забрали покупку, то обратитесь напрямую в службу поддержки. Для разрешения возникшего вопроса создайте обращение с телефона: зайдите в личный кабинет, перейдите в раздел ""обращения"", выберите ""создать обращение"", далее появится окно для ввода. Для создания обращения с компьютера: зайдите в раздел ""доставка"", выберите ""обратная связь"", далее выберите тему: ""Доставка товара"". Хорошего дня!",0
2025564,"здравствуйте, очень нравится и краска, и прилагаемый к ней бальзам. подскажите артикул этого бальзама в большой упаковке","{'Длина упаковки': '8 см', 'Особенности краски для волос': 'безаммиачная', 'Срок годности': '36 месяцев', 'Вес товара с упаковкой (г)': '239 г', 'Комплектация': ""краска-уход для волос L'Oreal Paris (Лореаль Париж) - 1 шт"", 'Тип краски': 'полустойкая', 'Раздел меню': 'Окрашивание волос и химическая завивка', 'Состав': 'вода', 'Упаковка': 'коробка', 'Тон краски для волос': '603, Молочный шоколад', 'Дата окончания действия сертификата/декларации': '27.05.2026', 'Дата регистрации сертификата/декларации': '28.05.2021', 'Ширина упаковки': '9 см', 'Объем товара': '180 мл', 'Страна производства': 'Бельгия', 'Цвет': 'молочный шоколад', 'Номер декларации соответствия': 'ЕАЭС N RU Д-BE.РА01.В.97110/21', 'Высота упаковки': '17 см', 'Назначение косметического средства': 'для волос', 'Прямые поставки от производителя': 'да', 'Форма упаковки': 'без давления'}  Краска для волос Casting Creme Gloss. Окрашивание волос превращается в настоящую процедуру ухода, сравнимую с оздоровлением волос в салоне красоты. Уникальный состав стойкой краски-ухода для волос CASTING CREME GLOSS от L'Oreal Paris (Лореаль Париж) без аммиака во время окрашивания защищает структуру волос от повреждения, одновременно ухаживая и разглаживая их по всей длине. Сохранить и усилить эффект шелковых блестящих волос после окрашивания позволит использование Нового бальзама для волос с Медом, который придает Вашим волосам мягкость, блеск и шелковистость. В состав упаковки входит: красящий крем без аммиака (48мл), тюбик с проявляющим молочком (72мл), флакон с бальзамом для волос с Медом (60мл), пара перчаток, инструкция по применению. Краска для волос Casting Creme Gloss от Лореаль легка в использовании, благодаря наличию специального флакона-аппликатора, нанесение краски становится точным и простым. Полная информация о процедуре окрашивания содержится в инструкции. Соблазнительный цвет и блеск. Стойкий цвет. Закрашивание седых волос. Ухаживает за волосами во время окрашивания. Без аммиака.","Здравствуйте! Примите нашу благодарность за ваш интерес к нашему бренду! Данный бальзам содержится только в комплекте с краской. Приобретение его как отдельного продукта не представляется возможным. Для максимального ухода за окрашенными волосами рекомендуем использовать ламинирующий бальзам Elseve Эксперт Цвета (Артикул: 14735580). Бальзам питает, восстанавливает и защищает волосы от агрессивного внешнего воздействия. С уважением, команда L`Oreal Paris!",0
2025407,Есть возможность отдельно купить бальзам из этого набора?,"{'Упаковка': 'коробка', 'Комплектация': ""краска-уход для волос L'Oreal Paris (Лореаль Париж) - 1 шт"", 'Прямые поставки от производителя': 'да', 'Номер декларации соответствия': 'ЕАЭС N RU Д-BE.РА01.В.97110/21', 'Форма упаковки': 'без давления', 'Срок годности': '36 месяцев', 'Длина упаковки': '8 см', 'Дата регистрации сертификата/декларации': '28.05.2021', 'Раздел меню': 'Окрашивание волос и химическая завивка', 'Объем товара': '180 мл', 'Тип краски': 'полустойкая', 'Ширина упаковки': '9 см', 'Тон краски для волос': '1021, Светло-светло-русый перламутровый', 'Особенности краски для волос': 'безаммиачная', 'Высота упаковки': '17 см', 'Страна производства': 'Бельгия', 'Цвет': 'светло-русый', 'Состав': 'вода', 'Вес товара с упаковкой (г)': '239 г', 'Назначение косметического средства': 'для волос', 'Дата окончания действия сертификата/декларации': '27.05.2026'}  Краска для волос Casting Creme Gloss. Окрашивание волос превращается в настоящую процедуру ухода, сравнимую с оздоровлением волос в салоне красоты. Уникальный состав стойкой краски-ухода для волос CASTING CREME GLOSS от L'Oreal Paris (Лореаль Париж) без аммиака во время окрашивания защищает структуру волос от повреждения, одновременно ухаживая и разглаживая их по всей длине. Сохранить и усилить эффект шелковых блестящих волос после окрашивания позволит использование Нового бальзама для волос с Медом, который придает Вашим волосам мягкость, блеск и шелковистость. В состав упаковки входит: красящий крем без аммиака (48мл), тюбик с проявляющим молочком (72мл), флакон с бальзамом для волос с Медом (60мл), пара перчаток, инструкция по применению. Краска для волос Casting Creme Gloss от Лореаль легка в использовании, благодаря наличию специального флакона-аппликатора, нанесение краски становится точным и простым. Полная информация о процедуре окрашивания содержится в инструкции. Соблазнительный цвет и блеск. Стойкий цвет. Закрашивание седых волос. Ухаживает за волосами во время окрашивания. Без аммиака.",Добрый день! Спасибо за проявленный интерес к нашему продукту! Данный бальзам содержится только в комплекте с краской Casting Creme Gloss. Приобретение его как отдельного продукта не представляется возможным. Для ухода за окрашенными волосами рекомендуем ламинирующий бальзам Elseve Эксперт Цвета (Артикул: 14735580). Он защищает волосы от агрессивного внешнего воздействия и придает ослепительный блеск и шелковистость!,0
2025407,Здравствуйте. 10.21 убирает желтизну?,"{'Упаковка': 'коробка', 'Комплектация': ""краска-уход для волос L'Oreal Paris (Лореаль Париж) - 1 шт"", 'Прямые поставки от производителя': 'да', 'Номер декларации соответствия': 'ЕАЭС N RU Д-BE.РА01.В.97110/21', 'Форма упаковки': 'без давления', 'Срок годности': '36 месяцев', 'Длина упаковки': '8 см', 'Дата регистрации сертификата/декларации': '28.05.2021', 'Раздел меню': 'Окрашивание волос и химическая завивка', 'Объем товара': '180 мл', 'Тип краски': 'полустойкая', 'Ширина упаковки': '9 см', 'Тон краски для волос': '1021, Светло-светло-русый перламутровый', 'Особенности краски для волос': 'безаммиачная', 'Высота упаковки': '17 см', 'Страна производства': 'Бельгия', 'Цвет': 'светло-русый', 'Состав': 'вода', 'Вес товара с упаковкой (г)': '239 г', 'Назначение косметического средства': 'для волос', 'Дата окончания действия сертификата/декларации': '27.05.2026'}  Краска для волос Casting Creme Gloss. Окрашивание волос превращается в настоящую процедуру ухода, сравнимую с оздоровлением волос в салоне красоты. Уникальный состав стойкой краски-ухода для волос CASTING CREME GLOSS от L'Oreal Paris (Лореаль Париж) без аммиака во время окрашивания защищает структуру волос от повреждения, одновременно ухаживая и разглаживая их по всей длине. Сохранить и усилить эффект шелковых блестящих волос после окрашивания позволит использование Нового бальзама для волос с Медом, который придает Вашим волосам мягкость, блеск и шелковистость. В состав упаковки входит: красящий крем без аммиака (48мл), тюбик с проявляющим молочком (72мл), флакон с бальзамом для волос с Медом (60мл), пара перчаток, инструкция по применению. Краска для волос Casting Creme Gloss от Лореаль легка в использовании, благодаря наличию специального флакона-аппликатора, нанесение краски становится точным и простым. Полная информация о процедуре окрашивания содержится в инструкции. Соблазнительный цвет и блеск. Стойкий цвет. Закрашивание седых волос. Ухаживает за волосами во время окрашивания. Без аммиака.","Здравствуйте! Большое спасибо за обращение к команде L`Oreal Paris! Краска для волос Casting Creme Gloss в оттенке 1021 Светло-Светло Русый Перламутровый имеет оксид - 7.5%, осветляет натуральные неокрашенные волосы до 1 тона. Желаем прекрасного дня!",0
2025407,тон 10.21 закрасит 90% седину? спасибо,"{'Упаковка': 'коробка', 'Комплектация': ""краска-уход для волос L'Oreal Paris (Лореаль Париж) - 1 шт"", 'Прямые поставки от производителя': 'да', 'Номер декларации соответствия': 'ЕАЭС N RU Д-BE.РА01.В.97110/21', 'Форма упаковки': 'без давления', 'Срок годности': '36 месяцев', 'Длина упаковки': '8 см', 'Дата регистрации сертификата/декларации': '28.05.2021', 'Раздел меню': 'Окрашивание волос и химическая завивка', 'Объем товара': '180 мл', 'Тип краски': 'полустойкая', 'Ширина упаковки': '9 см', 'Тон краски для волос': '1021, Светло-светло-русый перламутровый', 'Особенности краски для волос': 'безаммиачная', 'Высота упаковки': '17 см', 'Страна производства': 'Бельгия', 'Цвет': 'светло-русый', 'Состав': 'вода', 'Вес товара с упаковкой (г)': '239 г', 'Назначение косметического средства': 'для волос', 'Дата окончания действия сертификата/декларации': '27.05.2026'}  Краска для волос Casting Creme Gloss. Окрашивание волос превращается в настоящую процедуру ухода, сравнимую с оздоровлением волос в салоне красоты. Уникальный состав стойкой краски-ухода для волос CASTING CREME GLOSS от L'Oreal Paris (Лореаль Париж) без аммиака во время окрашивания защищает структуру волос от повреждения, одновременно ухаживая и разглаживая их по всей длине. Сохранить и усилить эффект шелковых блестящих волос после окрашивания позволит использование Нового бальзама для волос с Медом, который придает Вашим волосам мягкость, блеск и шелковистость. В состав упаковки входит: красящий крем без аммиака (48мл), тюбик с проявляющим молочком (72мл), флакон с бальзамом для волос с Медом (60мл), пара перчаток, инструкция по применению. Краска для волос Casting Creme Gloss от Лореаль легка в использовании, благодаря наличию специального флакона-аппликатора, нанесение краски становится точным и простым. Полная информация о процедуре окрашивания содержится в инструкции. Соблазнительный цвет и блеск. Стойкий цвет. Закрашивание седых волос. Ухаживает за волосами во время окрашивания. Без аммиака.","Добрый день! Благодарим за внимание к бренду. Краска для волос Casting Creme Gloss в оттенке 1021 Светло-светло-русый перламутровый (Артикул: 2025407) имеет фиолетово-пепельный подтон. Обращаем ваше внимание, что при окрашивание седины очень важно учитывать структурные особенности волос: хрупкость, ломкость и наличие микропустот в структуре локонов. Напоминаем, что окрашивание является строго индивидуальным процессом, и его результат зависит от таких факторов, как, например, исходный тон волос, был ли волос уже окрашен, природа использованного красителя, структура волоса и процент седины. Важно предварительно ознакомиться с инструкцией и полностью следовать ее рекомендациям.",1
2025407,Можно ли в один раз покрасить руссые волосы в оттенок 1021?,"{'Упаковка': 'коробка', 'Комплектация': ""краска-уход для волос L'Oreal Paris (Лореаль Париж) - 1 шт"", 'Прямые поставки от производителя': 'да', 'Номер декларации соответствия': 'ЕАЭС N RU Д-BE.РА01.В.97110/21', 'Форма упаковки': 'без давления', 'Срок годности': '36 месяцев', 'Длина упаковки': '8 см', 'Дата регистрации сертификата/декларации': '28.05.2021', 'Раздел меню': 'Окрашивание волос и химическая завивка', 'Объем товара': '180 мл', 'Тип краски': 'полустойкая', 'Ширина упаковки': '9 см', 'Тон краски для волос': '1021, Светло-светло-русый перламутровый', 'Особенности краски для волос': 'безаммиачная', 'Высота упаковки': '17 см', 'Страна производства': 'Бельгия', 'Цвет': 'светло-русый', 'Состав': 'вода', 'Вес товара с упаковкой (г)': '239 г', 'Назначение косметического средства': 'для волос', 'Дата окончания действия сертификата/декларации': '27.05.2026'}  Краска для волос Casting Creme Gloss. Окрашивание волос превращается в настоящую процедуру ухода, сравнимую с оздоровлением волос в салоне красоты. Уникальный состав стойкой краски-ухода для волос CASTING CREME GLOSS от L'Oreal Paris (Лореаль Париж) без аммиака во время окрашивания защищает структуру волос от повреждения, одновременно ухаживая и разглаживая их по всей длине. Сохранить и усилить эффект шелковых блестящих волос после окрашивания позволит использование Нового бальзама для волос с Медом, который придает Вашим волосам мягкость, блеск и шелковистость. В состав упаковки входит: красящий крем без аммиака (48мл), тюбик с проявляющим молочком (72мл), флакон с бальзамом для волос с Медом (60мл), пара перчаток, инструкция по применению. Краска для волос Casting Creme Gloss от Лореаль легка в использовании, благодаря наличию специального флакона-аппликатора, нанесение краски становится точным и простым. Полная информация о процедуре окрашивания содержится в инструкции. Соблазнительный цвет и блеск. Стойкий цвет. Закрашивание седых волос. Ухаживает за волосами во время окрашивания. Без аммиака.","Добрый день! Благодарим за вопрос! Обращаем ваше внимание, что окрашивание является строго индивидуальным процессом, и его результат зависит от типа, состояния и исходного оттенка ваших волос, а также от того, чем волосы были окрашены ранее. Краска для волос Casting Creme Gloss в оттенке 1021 Светло-Светло Русый Перламутровый осветляет натуральные неокрашенные волосы до 1 тона. Для поднятия тона волос рекомендуем предварительно осветлить волосы с помощью осветлителя для волос Preference (Артикул: 30320027) до соответствующего выбранному оттенку уровня осветления. Далее вы можете окрашивать волосы в нужный цвет. Хорошего дня!",0
2025407,"Добрый день, подскажите пожалуйста, ожидать падение цен??","{'Упаковка': 'коробка', 'Комплектация': ""краска-уход для волос L'Oreal Paris (Лореаль Париж) - 1 шт"", 'Прямые поставки от производителя': 'да', 'Номер декларации соответствия': 'ЕАЭС N RU Д-BE.РА01.В.97110/21', 'Форма упаковки': 'без давления', 'Срок годности': '36 месяцев', 'Длина упаковки': '8 см', 'Дата регистрации сертификата/декларации': '28.05.2021', 'Раздел меню': 'Окрашивание волос и химическая завивка', 'Объем товара': '180 мл', 'Тип краски': 'полустойкая', 'Ширина упаковки': '9 см', 'Тон краски для волос': '1021, Светло-светло-русый перламутровый', 'Особенности краски для волос': 'безаммиачная', 'Высота упаковки': '17 см', 'Страна производства': 'Бельгия', 'Цвет': 'светло-русый', 'Состав': 'вода', 'Вес товара с упаковкой (г)': '239 г', 'Назначение косметического средства': 'для волос', 'Дата окончания действия сертификата/декларации': '27.05.2026'}  Краска для волос Casting Creme Gloss. Окрашивание волос превращается в настоящую процедуру ухода, сравнимую с оздоровлением волос в салоне красоты. Уникальный состав стойкой краски-ухода для волос CASTING CREME GLOSS от L'Oreal Paris (Лореаль Париж) без аммиака во время окрашивания защищает структуру волос от повреждения, одновременно ухаживая и разглаживая их по всей длине. Сохранить и усилить эффект шелковых блестящих волос после окрашивания позволит использование Нового бальзама для волос с Медом, который придает Вашим волосам мягкость, блеск и шелковистость. В состав упаковки входит: красящий крем без аммиака (48мл), тюбик с проявляющим молочком (72мл), флакон с бальзамом для волос с Медом (60мл), пара перчаток, инструкция по применению. Краска для волос Casting Creme Gloss от Лореаль легка в использовании, благодаря наличию специального флакона-аппликатора, нанесение краски становится точным и простым. Полная информация о процедуре окрашивания содержится в инструкции. Соблазнительный цвет и блеск. Стойкий цвет. Закрашивание седых волос. Ухаживает за волосами во время окрашивания. Без аммиака.","Добрый день! Благодарим что Ваш выбор пал на продукцию нашего бренда. Добавляйте бренд L`Oreal Paris в избранное, чтобы не пропускать скидки и новинки!",0
2025407,Когда скидки будут? Цена стала выше магазинной.,"{'Упаковка': 'коробка', 'Комплектация': ""краска-уход для волос L'Oreal Paris (Лореаль Париж) - 1 шт"", 'Прямые поставки от производителя': 'да', 'Номер декларации соответствия': 'ЕАЭС N RU Д-BE.РА01.В.97110/21', 'Форма упаковки': 'без давления', 'Срок годности': '36 месяцев', 'Длина упаковки': '8 см', 'Дата регистрации сертификата/декларации': '28.05.2021', 'Раздел меню': 'Окрашивание волос и химическая завивка', 'Объем товара': '180 мл', 'Тип краски': 'полустойкая', 'Ширина упаковки': '9 см', 'Тон краски для волос': '1021, Светло-светло-русый перламутровый', 'Особенности краски для волос': 'безаммиачная', 'Высота упаковки': '17 см', 'Страна производства': 'Бельгия', 'Цвет': 'светло-русый', 'Состав': 'вода', 'Вес товара с упаковкой (г)': '239 г', 'Назначение косметического средства': 'для волос', 'Дата окончания действия сертификата/декларации': '27.05.2026'}  Краска для волос Casting Creme Gloss. Окрашивание волос превращается в настоящую процедуру ухода, сравнимую с оздоровлением волос в салоне красоты. Уникальный состав стойкой краски-ухода для волос CASTING CREME GLOSS от L'Oreal Paris (Лореаль Париж) без аммиака во время окрашивания защищает структуру волос от повреждения, одновременно ухаживая и разглаживая их по всей длине. Сохранить и усилить эффект шелковых блестящих волос после окрашивания позволит использование Нового бальзама для волос с Медом, который придает Вашим волосам мягкость, блеск и шелковистость. В состав упаковки входит: красящий крем без аммиака (48мл), тюбик с проявляющим молочком (72мл), флакон с бальзамом для волос с Медом (60мл), пара перчаток, инструкция по применению. Краска для волос Casting Creme Gloss от Лореаль легка в использовании, благодаря наличию специального флакона-аппликатора, нанесение краски становится точным и простым. Полная информация о процедуре окрашивания содержится в инструкции. Соблазнительный цвет и блеск. Стойкий цвет. Закрашивание седых волос. Ухаживает за волосами во время окрашивания. Без аммиака.","Добрый день! Спасибо за внимание к бренду L`Oreal Paris! Чтобы следить за стоимостью товара было удобнее, добавьте ""Любимые продукты"" в избранное. Желаем приятного шопинга!",0
2025407,"Здравствуйте, много лет крашусь вашей краской в оттенке 1021 свой цвет светло русый всегда осветлялся равномерно до такоего цвета как на коробочке, в последние разы изменилась формула краски и длинна которая была уже окрашенна старой формулой светлая а новая формула не осветляет корни делая их желтыми, подскажите пожалуйста какая другая краска вашей фирмы похожа на стурую формулу и могла бы осветлить корни?","{'Упаковка': 'коробка', 'Комплектация': ""краска-уход для волос L'Oreal Paris (Лореаль Париж) - 1 шт"", 'Прямые поставки от производителя': 'да', 'Номер декларации соответствия': 'ЕАЭС N RU Д-BE.РА01.В.97110/21', 'Форма упаковки': 'без давления', 'Срок годности': '36 месяцев', 'Длина упаковки': '8 см', 'Дата регистрации сертификата/декларации': '28.05.2021', 'Раздел меню': 'Окрашивание волос и химическая завивка', 'Объем товара': '180 мл', 'Тип краски': 'полустойкая', 'Ширина упаковки': '9 см', 'Тон краски для волос': '1021, Светло-светло-русый перламутровый', 'Особенности краски для волос': 'безаммиачная', 'Высота упаковки': '17 см', 'Страна производства': 'Бельгия', 'Цвет': 'светло-русый', 'Состав': 'вода', 'Вес товара с упаковкой (г)': '239 г', 'Назначение косметического средства': 'для волос', 'Дата окончания действия сертификата/декларации': '27.05.2026'}  Краска для волос Casting Creme Gloss. Окрашивание волос превращается в настоящую процедуру ухода, сравнимую с оздоровлением волос в салоне красоты. Уникальный состав стойкой краски-ухода для волос CASTING CREME GLOSS от L'Oreal Paris (Лореаль Париж) без аммиака во время окрашивания защищает структуру волос от повреждения, одновременно ухаживая и разглаживая их по всей длине. Сохранить и усилить эффект шелковых блестящих волос после окрашивания позволит использование Нового бальзама для волос с Медом, который придает Вашим волосам мягкость, блеск и шелковистость. В состав упаковки входит: красящий крем без аммиака (48мл), тюбик с проявляющим молочком (72мл), флакон с бальзамом для волос с Медом (60мл), пара перчаток, инструкция по применению. Краска для волос Casting Creme Gloss от Лореаль легка в использовании, благодаря наличию специального флакона-аппликатора, нанесение краски становится точным и простым. Полная информация о процедуре окрашивания содержится в инструкции. Соблазнительный цвет и блеск. Стойкий цвет. Закрашивание седых волос. Ухаживает за волосами во время окрашивания. Без аммиака.","Здравствуйте! Благодарим за вопрос! Обращаем ваше внимание, что окрашивание является строго индивидуальным процессом, и его результат зависит от типа, состояния и исходного оттенка ваших волос, а также от того, чем волосы были окрашены ранее. Краска для волос Casting Creme Gloss в оттенке 1021 осветляет натуральные неокрашенные волосы до 1 тона. Для подробной консультации, пожалуйста, обратитесь за консультацией к нашим специалистам по телефону горячей линии, указанной на упаковке средства. Хорошего дня!",0
2025407,тон 1021 подходит для окрашивания седины?,"{'Упаковка': 'коробка', 'Комплектация': ""краска-уход для волос L'Oreal Paris (Лореаль Париж) - 1 шт"", 'Прямые поставки от производителя': 'да', 'Номер декларации соответствия': 'ЕАЭС N RU Д-BE.РА01.В.97110/21', 'Форма упаковки': 'без давления', 'Срок годности': '36 месяцев', 'Длина упаковки': '8 см', 'Дата регистрации сертификата/декларации': '28.05.2021', 'Раздел меню': 'Окрашивание волос и химическая завивка', 'Объем товара': '180 мл', 'Тип краски': 'полустойкая', 'Ширина упаковки': '9 см', 'Тон краски для волос': '1021, Светло-светло-русый перламутровый', 'Особенности краски для волос': 'безаммиачная', 'Высота упаковки': '17 см', 'Страна производства': 'Бельгия', 'Цвет': 'светло-русый', 'Состав': 'вода', 'Вес товара с упаковкой (г)': '239 г', 'Назначение косметического средства': 'для волос', 'Дата окончания действия сертификата/декларации': '27.05.2026'}  Краска для волос Casting Creme Gloss. Окрашивание волос превращается в настоящую процедуру ухода, сравнимую с оздоровлением волос в салоне красоты. Уникальный состав стойкой краски-ухода для волос CASTING CREME GLOSS от L'Oreal Paris (Лореаль Париж) без аммиака во время окрашивания защищает структуру волос от повреждения, одновременно ухаживая и разглаживая их по всей длине. Сохранить и усилить эффект шелковых блестящих волос после окрашивания позволит использование Нового бальзама для волос с Медом, который придает Вашим волосам мягкость, блеск и шелковистость. В состав упаковки входит: красящий крем без аммиака (48мл), тюбик с проявляющим молочком (72мл), флакон с бальзамом для волос с Медом (60мл), пара перчаток, инструкция по применению. Краска для волос Casting Creme Gloss от Лореаль легка в использовании, благодаря наличию специального флакона-аппликатора, нанесение краски становится точным и простым. Полная информация о процедуре окрашивания содержится в инструкции. Соблазнительный цвет и блеск. Стойкий цвет. Закрашивание седых волос. Ухаживает за волосами во время окрашивания. Без аммиака.","Добрый день! Благодарим за обращение. При окрашивании седины очень важно учитывать структурные особенности волос: хрупкость, ломкость и наличие микропустот в структуре локонов, а также процент седины. Мы не рекомендуем использовать оттенки выше 9 уровня для волос, чей процент седины превышает 50%, так как в них недостаточно пигмента для заполнения седого волоса. Краска-уход Casting Creme Gloss относится к группе полустойких красителей и обеспечивает закрашивание седины до 70%. Чтобы добиться наиболее качественного окрашивания седых волос, следует окрашивать волосы стойкими красителями. Возможно, Вас заинтересует стойкая крем-краска Excellence (Арт: 9462675), которая до 100% закрашивает седину и обеспечивает уход за цветом, кожей головы и волосами. Хорошего дня!",1
2025407,"здравствуйте,а отдельно купить бальзам который входит в набор где-то можно?","{'Упаковка': 'коробка', 'Комплектация': ""краска-уход для волос L'Oreal Paris (Лореаль Париж) - 1 шт"", 'Прямые поставки от производителя': 'да', 'Номер декларации соответствия': 'ЕАЭС N RU Д-BE.РА01.В.97110/21', 'Форма упаковки': 'без давления', 'Срок годности': '36 месяцев', 'Длина упаковки': '8 см', 'Дата регистрации сертификата/декларации': '28.05.2021', 'Раздел меню': 'Окрашивание волос и химическая завивка', 'Объем товара': '180 мл', 'Тип краски': 'полустойкая', 'Ширина упаковки': '9 см', 'Тон краски для волос': '1021, Светло-светло-русый перламутровый', 'Особенности краски для волос': 'безаммиачная', 'Высота упаковки': '17 см', 'Страна производства': 'Бельгия', 'Цвет': 'светло-русый', 'Состав': 'вода', 'Вес товара с упаковкой (г)': '239 г', 'Назначение косметического средства': 'для волос', 'Дата окончания действия сертификата/декларации': '27.05.2026'}  Краска для волос Casting Creme Gloss. Окрашивание волос превращается в настоящую процедуру ухода, сравнимую с оздоровлением волос в салоне красоты. Уникальный состав стойкой краски-ухода для волос CASTING CREME GLOSS от L'Oreal Paris (Лореаль Париж) без аммиака во время окрашивания защищает структуру волос от повреждения, одновременно ухаживая и разглаживая их по всей длине. Сохранить и усилить эффект шелковых блестящих волос после окрашивания позволит использование Нового бальзама для волос с Медом, который придает Вашим волосам мягкость, блеск и шелковистость. В состав упаковки входит: красящий крем без аммиака (48мл), тюбик с проявляющим молочком (72мл), флакон с бальзамом для волос с Медом (60мл), пара перчаток, инструкция по применению. Краска для волос Casting Creme Gloss от Лореаль легка в использовании, благодаря наличию специального флакона-аппликатора, нанесение краски становится точным и простым. Полная информация о процедуре окрашивания содержится в инструкции. Соблазнительный цвет и блеск. Стойкий цвет. Закрашивание седых волос. Ухаживает за волосами во время окрашивания. Без аммиака.","Добрый день! Благодарим Вас за обращение к бренду! Данный бальзам содержится только в комплекте с краской. Приобретение его как отдельного продукта не представляется возможным. Для максимального ухода за окрашенными волосами рекомендуем использовать ламинирующий бальзам Elseve Эксперт Цвета (Артикул: 14735580). Бальзам питает, восстанавливает и защищает волосы от агрессивного внешнего воздействия. С уважением, команда L`Oreal Paris!",0
2025407,Здравствуйте! Будет ли поступление 1010?,"{'Упаковка': 'коробка', 'Комплектация': ""краска-уход для волос L'Oreal Paris (Лореаль Париж) - 1 шт"", 'Прямые поставки от производителя': 'да', 'Номер декларации соответствия': 'ЕАЭС N RU Д-BE.РА01.В.97110/21', 'Форма упаковки': 'без давления', 'Срок годности': '36 месяцев', 'Длина упаковки': '8 см', 'Дата регистрации сертификата/декларации': '28.05.2021', 'Раздел меню': 'Окрашивание волос и химическая завивка', 'Объем товара': '180 мл', 'Тип краски': 'полустойкая', 'Ширина упаковки': '9 см', 'Тон краски для волос': '1021, Светло-светло-русый перламутровый', 'Особенности краски для волос': 'безаммиачная', 'Высота упаковки': '17 см', 'Страна производства': 'Бельгия', 'Цвет': 'светло-русый', 'Состав': 'вода', 'Вес товара с упаковкой (г)': '239 г', 'Назначение косметического средства': 'для волос', 'Дата окончания действия сертификата/декларации': '27.05.2026'}  Краска для волос Casting Creme Gloss. Окрашивание волос превращается в настоящую процедуру ухода, сравнимую с оздоровлением волос в салоне красоты. Уникальный состав стойкой краски-ухода для волос CASTING CREME GLOSS от L'Oreal Paris (Лореаль Париж) без аммиака во время окрашивания защищает структуру волос от повреждения, одновременно ухаживая и разглаживая их по всей длине. Сохранить и усилить эффект шелковых блестящих волос после окрашивания позволит использование Нового бальзама для волос с Медом, который придает Вашим волосам мягкость, блеск и шелковистость. В состав упаковки входит: красящий крем без аммиака (48мл), тюбик с проявляющим молочком (72мл), флакон с бальзамом для волос с Медом (60мл), пара перчаток, инструкция по применению. Краска для волос Casting Creme Gloss от Лореаль легка в использовании, благодаря наличию специального флакона-аппликатора, нанесение краски становится точным и простым. Полная информация о процедуре окрашивания содержится в инструкции. Соблазнительный цвет и блеск. Стойкий цвет. Закрашивание седых волос. Ухаживает за волосами во время окрашивания. Без аммиака.","Добрый день, покупатель! Благодарим Вас за внимание к бренду L`Oreal Paris! Даты новых поступлений на данный момент неизвестны. Для автоматического оповещения о поступлении рекомендуем добавить продукт в лист ожидания.",0
4803002,нужно ли смывать бб крем гидрофильным маслом? если он содержит спф,"{'Состав': 'Вода,этилгексилметоксициннамат,каприловый/каприновый триглицерид,диметикон', 'Раздел меню': 'корейские бренды', 'Водостойкость средства': 'да', 'Срок годности': '30 месяцев', 'Ширина упаковки': '3 см', 'Страна производства': 'Россия', 'Комплектация': 'бб крем', 'Упаковка': 'картонная коробка', 'Длина упаковки': '5 см', 'Возрастные ограничения': '16+', 'Номер сертификата соответствия': 'RU.77.01.34.001.E.003032.12.16', 'Ставка НДС': '20', 'Дата регистрации сертификата/декларации': '13.12.2016', 'Высота упаковки': '16 см', 'Вес товара с упаковкой (г)': '62 г', 'SPF': 'SPF 10+', 'Вес товара без упаковки (г)': '42 г', 'Объем товара': '40 мл', 'Прямые поставки от производителя': 'да', 'Назначение косметического средства': 'для лица', 'Форма упаковки': 'без давления'}  Крем для лица BB идеальная кожа 10в1 с экстрактом розы 40 мл. Специально для ровного и сияющего тона лица эксперты бренда Чистая Линия разработали ВВ-крем 10 в 1 Идеальная кожа. Гарантированное безупречное покрытие на 12 часов2. Его невесомая текстура со светоотражающими частицами мгновенно преображает кожу. Экстракт розы увлажняет и улучшает цвет лица. Растительные1 и минеральные пигменты выравнивают тон и матируют. Защищает от UV-лучей благодаря SPF 10. Подстраивается под любой тип и тон кожи. Одобрен дерматологами. [1] каротиноиды, входящие в состав экстракта облепихи. [2] Свойства, включая мгновенное действие и безупречное покрытие на 12 часов, подтверждены потребительским тестированием при участии 100 девушек, min 84% согласившихся, РФ, 2016.","Добрый день!
Благодарим за вопрос. Если SPF дает тональное средство, пудра или ВВ-крем, то лучше начать очищение с мицеллярной воды, а затем продолжить с пенящимся средством. 
Если же Вы пользуетесь дневным кремом с SPF без тональных средств, то можем предложить попробовать очищать кожу с помощью геля для умывания. Будем рады видеть Вас в числе наших потребителей!
Хорошего дня!",0
4803002,нужно ли наносить базу под этот крем?,"{'Состав': 'Вода,этилгексилметоксициннамат,каприловый/каприновый триглицерид,диметикон', 'Раздел меню': 'корейские бренды', 'Водостойкость средства': 'да', 'Срок годности': '30 месяцев', 'Ширина упаковки': '3 см', 'Страна производства': 'Россия', 'Комплектация': 'бб крем', 'Упаковка': 'картонная коробка', 'Длина упаковки': '5 см', 'Возрастные ограничения': '16+', 'Номер сертификата соответствия': 'RU.77.01.34.001.E.003032.12.16', 'Ставка НДС': '20', 'Дата регистрации сертификата/декларации': '13.12.2016', 'Высота упаковки': '16 см', 'Вес товара с упаковкой (г)': '62 г', 'SPF': 'SPF 10+', 'Вес товара без упаковки (г)': '42 г', 'Объем товара': '40 мл', 'Прямые поставки от производителя': 'да', 'Назначение косметического средства': 'для лица', 'Форма упаковки': 'без давления'}  Крем для лица BB идеальная кожа 10в1 с экстрактом розы 40 мл. Специально для ровного и сияющего тона лица эксперты бренда Чистая Линия разработали ВВ-крем 10 в 1 Идеальная кожа. Гарантированное безупречное покрытие на 12 часов2. Его невесомая текстура со светоотражающими частицами мгновенно преображает кожу. Экстракт розы увлажняет и улучшает цвет лица. Растительные1 и минеральные пигменты выравнивают тон и матируют. Защищает от UV-лучей благодаря SPF 10. Подстраивается под любой тип и тон кожи. Одобрен дерматологами. [1] каротиноиды, входящие в состав экстракта облепихи. [2] Свойства, включая мгновенное действие и безупречное покрытие на 12 часов, подтверждены потребительским тестированием при участии 100 девушек, min 84% согласившихся, РФ, 2016.","Добрый день!
Благодарим за вопрос. Вы можете использовать базу под макияж перед нанесением вв-крема, так и использовать крем как самостоятельное средство. Будем рады видеть Вас в числе наших потребителей!
Хорошего дня!",0
4803002,у меня гусиная кожа.этот бб крем скроет это или нет???👉🏿👈🏿💅🏿🍞,"{'Состав': 'Вода,этилгексилметоксициннамат,каприловый/каприновый триглицерид,диметикон', 'Раздел меню': 'корейские бренды', 'Водостойкость средства': 'да', 'Срок годности': '30 месяцев', 'Ширина упаковки': '3 см', 'Страна производства': 'Россия', 'Комплектация': 'бб крем', 'Упаковка': 'картонная коробка', 'Длина упаковки': '5 см', 'Возрастные ограничения': '16+', 'Номер сертификата соответствия': 'RU.77.01.34.001.E.003032.12.16', 'Ставка НДС': '20', 'Дата регистрации сертификата/декларации': '13.12.2016', 'Высота упаковки': '16 см', 'Вес товара с упаковкой (г)': '62 г', 'SPF': 'SPF 10+', 'Вес товара без упаковки (г)': '42 г', 'Объем товара': '40 мл', 'Прямые поставки от производителя': 'да', 'Назначение косметического средства': 'для лица', 'Форма упаковки': 'без давления'}  Крем для лица BB идеальная кожа 10в1 с экстрактом розы 40 мл. Специально для ровного и сияющего тона лица эксперты бренда Чистая Линия разработали ВВ-крем 10 в 1 Идеальная кожа. Гарантированное безупречное покрытие на 12 часов2. Его невесомая текстура со светоотражающими частицами мгновенно преображает кожу. Экстракт розы увлажняет и улучшает цвет лица. Растительные1 и минеральные пигменты выравнивают тон и матируют. Защищает от UV-лучей благодаря SPF 10. Подстраивается под любой тип и тон кожи. Одобрен дерматологами. [1] каротиноиды, входящие в состав экстракта облепихи. [2] Свойства, включая мгновенное действие и безупречное покрытие на 12 часов, подтверждены потребительским тестированием при участии 100 девушек, min 84% согласившихся, РФ, 2016.","Добрый день! Благодарим за вопрос. Данное средство является BB-кремом с легкой текстурой и покрытием. Он подстраивается под тон кожи, скрывает несовершенства без ""Эффекта маски"", придаёт сияние, увлажняет и питает кожу лица. Будем рады видеть Вас в числе наших потребителей! Хорошего дня!",1
4803002,Здравствуйте!Будет ли ещё в наличии крем?,"{'Состав': 'Вода,этилгексилметоксициннамат,каприловый/каприновый триглицерид,диметикон', 'Раздел меню': 'корейские бренды', 'Водостойкость средства': 'да', 'Срок годности': '30 месяцев', 'Ширина упаковки': '3 см', 'Страна производства': 'Россия', 'Комплектация': 'бб крем', 'Упаковка': 'картонная коробка', 'Длина упаковки': '5 см', 'Возрастные ограничения': '16+', 'Номер сертификата соответствия': 'RU.77.01.34.001.E.003032.12.16', 'Ставка НДС': '20', 'Дата регистрации сертификата/декларации': '13.12.2016', 'Высота упаковки': '16 см', 'Вес товара с упаковкой (г)': '62 г', 'SPF': 'SPF 10+', 'Вес товара без упаковки (г)': '42 г', 'Объем товара': '40 мл', 'Прямые поставки от производителя': 'да', 'Назначение косметического средства': 'для лица', 'Форма упаковки': 'без давления'}  Крем для лица BB идеальная кожа 10в1 с экстрактом розы 40 мл. Специально для ровного и сияющего тона лица эксперты бренда Чистая Линия разработали ВВ-крем 10 в 1 Идеальная кожа. Гарантированное безупречное покрытие на 12 часов2. Его невесомая текстура со светоотражающими частицами мгновенно преображает кожу. Экстракт розы увлажняет и улучшает цвет лица. Растительные1 и минеральные пигменты выравнивают тон и матируют. Защищает от UV-лучей благодаря SPF 10. Подстраивается под любой тип и тон кожи. Одобрен дерматологами. [1] каротиноиды, входящие в состав экстракта облепихи. [2] Свойства, включая мгновенное действие и безупречное покрытие на 12 часов, подтверждены потребительским тестированием при участии 100 девушек, min 84% согласившихся, РФ, 2016.",Вопрос к WB,0
4803002,когда появится в продаже?,"{'Состав': 'Вода,этилгексилметоксициннамат,каприловый/каприновый триглицерид,диметикон', 'Раздел меню': 'корейские бренды', 'Водостойкость средства': 'да', 'Срок годности': '30 месяцев', 'Ширина упаковки': '3 см', 'Страна производства': 'Россия', 'Комплектация': 'бб крем', 'Упаковка': 'картонная коробка', 'Длина упаковки': '5 см', 'Возрастные ограничения': '16+', 'Номер сертификата соответствия': 'RU.77.01.34.001.E.003032.12.16', 'Ставка НДС': '20', 'Дата регистрации сертификата/декларации': '13.12.2016', 'Высота упаковки': '16 см', 'Вес товара с упаковкой (г)': '62 г', 'SPF': 'SPF 10+', 'Вес товара без упаковки (г)': '42 г', 'Объем товара': '40 мл', 'Прямые поставки от производителя': 'да', 'Назначение косметического средства': 'для лица', 'Форма упаковки': 'без давления'}  Крем для лица BB идеальная кожа 10в1 с экстрактом розы 40 мл. Специально для ровного и сияющего тона лица эксперты бренда Чистая Линия разработали ВВ-крем 10 в 1 Идеальная кожа. Гарантированное безупречное покрытие на 12 часов2. Его невесомая текстура со светоотражающими частицами мгновенно преображает кожу. Экстракт розы увлажняет и улучшает цвет лица. Растительные1 и минеральные пигменты выравнивают тон и матируют. Защищает от UV-лучей благодаря SPF 10. Подстраивается под любой тип и тон кожи. Одобрен дерматологами. [1] каротиноиды, входящие в состав экстракта облепихи. [2] Свойства, включая мгновенное действие и безупречное покрытие на 12 часов, подтверждены потребительским тестированием при участии 100 девушек, min 84% согласившихся, РФ, 2016.",Вопрос к WB,0
4803002,Здравствуйте.Когда крем появится в продаже?,"{'Состав': 'Вода,этилгексилметоксициннамат,каприловый/каприновый триглицерид,диметикон', 'Раздел меню': 'корейские бренды', 'Водостойкость средства': 'да', 'Срок годности': '30 месяцев', 'Ширина упаковки': '3 см', 'Страна производства': 'Россия', 'Комплектация': 'бб крем', 'Упаковка': 'картонная коробка', 'Длина упаковки': '5 см', 'Возрастные ограничения': '16+', 'Номер сертификата соответствия': 'RU.77.01.34.001.E.003032.12.16', 'Ставка НДС': '20', 'Дата регистрации сертификата/декларации': '13.12.2016', 'Высота упаковки': '16 см', 'Вес товара с упаковкой (г)': '62 г', 'SPF': 'SPF 10+', 'Вес товара без упаковки (г)': '42 г', 'Объем товара': '40 мл', 'Прямые поставки от производителя': 'да', 'Назначение косметического средства': 'для лица', 'Форма упаковки': 'без давления'}  Крем для лица BB идеальная кожа 10в1 с экстрактом розы 40 мл. Специально для ровного и сияющего тона лица эксперты бренда Чистая Линия разработали ВВ-крем 10 в 1 Идеальная кожа. Гарантированное безупречное покрытие на 12 часов2. Его невесомая текстура со светоотражающими частицами мгновенно преображает кожу. Экстракт розы увлажняет и улучшает цвет лица. Растительные1 и минеральные пигменты выравнивают тон и матируют. Защищает от UV-лучей благодаря SPF 10. Подстраивается под любой тип и тон кожи. Одобрен дерматологами. [1] каротиноиды, входящие в состав экстракта облепихи. [2] Свойства, включая мгновенное действие и безупречное покрытие на 12 часов, подтверждены потребительским тестированием при участии 100 девушек, min 84% согласившихся, РФ, 2016.",Вопрос к WB,0
4803002,"Здравствуйте, а когда bb крем появится в наличии?","{'Состав': 'Вода,этилгексилметоксициннамат,каприловый/каприновый триглицерид,диметикон', 'Раздел меню': 'корейские бренды', 'Водостойкость средства': 'да', 'Срок годности': '30 месяцев', 'Ширина упаковки': '3 см', 'Страна производства': 'Россия', 'Комплектация': 'бб крем', 'Упаковка': 'картонная коробка', 'Длина упаковки': '5 см', 'Возрастные ограничения': '16+', 'Номер сертификата соответствия': 'RU.77.01.34.001.E.003032.12.16', 'Ставка НДС': '20', 'Дата регистрации сертификата/декларации': '13.12.2016', 'Высота упаковки': '16 см', 'Вес товара с упаковкой (г)': '62 г', 'SPF': 'SPF 10+', 'Вес товара без упаковки (г)': '42 г', 'Объем товара': '40 мл', 'Прямые поставки от производителя': 'да', 'Назначение косметического средства': 'для лица', 'Форма упаковки': 'без давления'}  Крем для лица BB идеальная кожа 10в1 с экстрактом розы 40 мл. Специально для ровного и сияющего тона лица эксперты бренда Чистая Линия разработали ВВ-крем 10 в 1 Идеальная кожа. Гарантированное безупречное покрытие на 12 часов2. Его невесомая текстура со светоотражающими частицами мгновенно преображает кожу. Экстракт розы увлажняет и улучшает цвет лица. Растительные1 и минеральные пигменты выравнивают тон и матируют. Защищает от UV-лучей благодаря SPF 10. Подстраивается под любой тип и тон кожи. Одобрен дерматологами. [1] каротиноиды, входящие в состав экстракта облепихи. [2] Свойства, включая мгновенное действие и безупречное покрытие на 12 часов, подтверждены потребительским тестированием при участии 100 девушек, min 84% согласившихся, РФ, 2016.",Вопрос к WB,0
4803002,"здравствуйте, когда снова появится на складе?","{'Состав': 'Вода,этилгексилметоксициннамат,каприловый/каприновый триглицерид,диметикон', 'Раздел меню': 'корейские бренды', 'Водостойкость средства': 'да', 'Срок годности': '30 месяцев', 'Ширина упаковки': '3 см', 'Страна производства': 'Россия', 'Комплектация': 'бб крем', 'Упаковка': 'картонная коробка', 'Длина упаковки': '5 см', 'Возрастные ограничения': '16+', 'Номер сертификата соответствия': 'RU.77.01.34.001.E.003032.12.16', 'Ставка НДС': '20', 'Дата регистрации сертификата/декларации': '13.12.2016', 'Высота упаковки': '16 см', 'Вес товара с упаковкой (г)': '62 г', 'SPF': 'SPF 10+', 'Вес товара без упаковки (г)': '42 г', 'Объем товара': '40 мл', 'Прямые поставки от производителя': 'да', 'Назначение косметического средства': 'для лица', 'Форма упаковки': 'без давления'}  Крем для лица BB идеальная кожа 10в1 с экстрактом розы 40 мл. Специально для ровного и сияющего тона лица эксперты бренда Чистая Линия разработали ВВ-крем 10 в 1 Идеальная кожа. Гарантированное безупречное покрытие на 12 часов2. Его невесомая текстура со светоотражающими частицами мгновенно преображает кожу. Экстракт розы увлажняет и улучшает цвет лица. Растительные1 и минеральные пигменты выравнивают тон и матируют. Защищает от UV-лучей благодаря SPF 10. Подстраивается под любой тип и тон кожи. Одобрен дерматологами. [1] каротиноиды, входящие в состав экстракта облепихи. [2] Свойства, включая мгновенное действие и безупречное покрытие на 12 часов, подтверждены потребительским тестированием при участии 100 девушек, min 84% согласившихся, РФ, 2016.",Вопрос к WB,0
4803002,"Добрый день, будет ли поставка в ближайшее время","{'Состав': 'Вода,этилгексилметоксициннамат,каприловый/каприновый триглицерид,диметикон', 'Раздел меню': 'корейские бренды', 'Водостойкость средства': 'да', 'Срок годности': '30 месяцев', 'Ширина упаковки': '3 см', 'Страна производства': 'Россия', 'Комплектация': 'бб крем', 'Упаковка': 'картонная коробка', 'Длина упаковки': '5 см', 'Возрастные ограничения': '16+', 'Номер сертификата соответствия': 'RU.77.01.34.001.E.003032.12.16', 'Ставка НДС': '20', 'Дата регистрации сертификата/декларации': '13.12.2016', 'Высота упаковки': '16 см', 'Вес товара с упаковкой (г)': '62 г', 'SPF': 'SPF 10+', 'Вес товара без упаковки (г)': '42 г', 'Объем товара': '40 мл', 'Прямые поставки от производителя': 'да', 'Назначение косметического средства': 'для лица', 'Форма упаковки': 'без давления'}  Крем для лица BB идеальная кожа 10в1 с экстрактом розы 40 мл. Специально для ровного и сияющего тона лица эксперты бренда Чистая Линия разработали ВВ-крем 10 в 1 Идеальная кожа. Гарантированное безупречное покрытие на 12 часов2. Его невесомая текстура со светоотражающими частицами мгновенно преображает кожу. Экстракт розы увлажняет и улучшает цвет лица. Растительные1 и минеральные пигменты выравнивают тон и матируют. Защищает от UV-лучей благодаря SPF 10. Подстраивается под любой тип и тон кожи. Одобрен дерматологами. [1] каротиноиды, входящие в состав экстракта облепихи. [2] Свойства, включая мгновенное действие и безупречное покрытие на 12 часов, подтверждены потребительским тестированием при участии 100 девушек, min 84% согласившихся, РФ, 2016.",Вопрос к WB,0
4803002,"Хотела уточнить перед заказом! крем перикрывает прыщи, поры и круги под гоазами? а так же он в светлом одтенке идет или де в темном?","{'Состав': 'Вода,этилгексилметоксициннамат,каприловый/каприновый триглицерид,диметикон', 'Раздел меню': 'корейские бренды', 'Водостойкость средства': 'да', 'Срок годности': '30 месяцев', 'Ширина упаковки': '3 см', 'Страна производства': 'Россия', 'Комплектация': 'бб крем', 'Упаковка': 'картонная коробка', 'Длина упаковки': '5 см', 'Возрастные ограничения': '16+', 'Номер сертификата соответствия': 'RU.77.01.34.001.E.003032.12.16', 'Ставка НДС': '20', 'Дата регистрации сертификата/декларации': '13.12.2016', 'Высота упаковки': '16 см', 'Вес товара с упаковкой (г)': '62 г', 'SPF': 'SPF 10+', 'Вес товара без упаковки (г)': '42 г', 'Объем товара': '40 мл', 'Прямые поставки от производителя': 'да', 'Назначение косметического средства': 'для лица', 'Форма упаковки': 'без давления'}  Крем для лица BB идеальная кожа 10в1 с экстрактом розы 40 мл. Специально для ровного и сияющего тона лица эксперты бренда Чистая Линия разработали ВВ-крем 10 в 1 Идеальная кожа. Гарантированное безупречное покрытие на 12 часов2. Его невесомая текстура со светоотражающими частицами мгновенно преображает кожу. Экстракт розы увлажняет и улучшает цвет лица. Растительные1 и минеральные пигменты выравнивают тон и матируют. Защищает от UV-лучей благодаря SPF 10. Подстраивается под любой тип и тон кожи. Одобрен дерматологами. [1] каротиноиды, входящие в состав экстракта облепихи. [2] Свойства, включая мгновенное действие и безупречное покрытие на 12 часов, подтверждены потребительским тестированием при участии 100 девушек, min 84% согласившихся, РФ, 2016.","Добрый день! Благодарим за вопрос. Данное средство является BB-кремом с легкой текстурой и покрытием. Он подстраивается под тон кожи, скрывает несовершенства без ""Эффекта маски"", придаёт сияние, увлажняет и питает кожу лица. Будем рады видеть Вас в числе наших потребителей! Хорошего дня!",1
4803002,"Здравствуйте, мне пришёл освежитель дыхания closeup. На у паковке штрих код от крема ипп чистая линия bb-крем. Как это понимать? Получала не я, а муж сразу не проверил. Распечатала только сегодня так как кончился другой крем.","{'Состав': 'Вода,этилгексилметоксициннамат,каприловый/каприновый триглицерид,диметикон', 'Раздел меню': 'корейские бренды', 'Водостойкость средства': 'да', 'Срок годности': '30 месяцев', 'Ширина упаковки': '3 см', 'Страна производства': 'Россия', 'Комплектация': 'бб крем', 'Упаковка': 'картонная коробка', 'Длина упаковки': '5 см', 'Возрастные ограничения': '16+', 'Номер сертификата соответствия': 'RU.77.01.34.001.E.003032.12.16', 'Ставка НДС': '20', 'Дата регистрации сертификата/декларации': '13.12.2016', 'Высота упаковки': '16 см', 'Вес товара с упаковкой (г)': '62 г', 'SPF': 'SPF 10+', 'Вес товара без упаковки (г)': '42 г', 'Объем товара': '40 мл', 'Прямые поставки от производителя': 'да', 'Назначение косметического средства': 'для лица', 'Форма упаковки': 'без давления'}  Крем для лица BB идеальная кожа 10в1 с экстрактом розы 40 мл. Специально для ровного и сияющего тона лица эксперты бренда Чистая Линия разработали ВВ-крем 10 в 1 Идеальная кожа. Гарантированное безупречное покрытие на 12 часов2. Его невесомая текстура со светоотражающими частицами мгновенно преображает кожу. Экстракт розы увлажняет и улучшает цвет лица. Растительные1 и минеральные пигменты выравнивают тон и матируют. Защищает от UV-лучей благодаря SPF 10. Подстраивается под любой тип и тон кожи. Одобрен дерматологами. [1] каротиноиды, входящие в состав экстракта облепихи. [2] Свойства, включая мгновенное действие и безупречное покрытие на 12 часов, подтверждены потребительским тестированием при участии 100 девушек, min 84% согласившихся, РФ, 2016.",Вопрос к WB,0
4803002,"Здравствуйте! Подойдет для, проблемной кожи?Поры забивает?","{'Состав': 'Вода,этилгексилметоксициннамат,каприловый/каприновый триглицерид,диметикон', 'Раздел меню': 'корейские бренды', 'Водостойкость средства': 'да', 'Срок годности': '30 месяцев', 'Ширина упаковки': '3 см', 'Страна производства': 'Россия', 'Комплектация': 'бб крем', 'Упаковка': 'картонная коробка', 'Длина упаковки': '5 см', 'Возрастные ограничения': '16+', 'Номер сертификата соответствия': 'RU.77.01.34.001.E.003032.12.16', 'Ставка НДС': '20', 'Дата регистрации сертификата/декларации': '13.12.2016', 'Высота упаковки': '16 см', 'Вес товара с упаковкой (г)': '62 г', 'SPF': 'SPF 10+', 'Вес товара без упаковки (г)': '42 г', 'Объем товара': '40 мл', 'Прямые поставки от производителя': 'да', 'Назначение косметического средства': 'для лица', 'Форма упаковки': 'без давления'}  Крем для лица BB идеальная кожа 10в1 с экстрактом розы 40 мл. Специально для ровного и сияющего тона лица эксперты бренда Чистая Линия разработали ВВ-крем 10 в 1 Идеальная кожа. Гарантированное безупречное покрытие на 12 часов2. Его невесомая текстура со светоотражающими частицами мгновенно преображает кожу. Экстракт розы увлажняет и улучшает цвет лица. Растительные1 и минеральные пигменты выравнивают тон и матируют. Защищает от UV-лучей благодаря SPF 10. Подстраивается под любой тип и тон кожи. Одобрен дерматологами. [1] каротиноиды, входящие в состав экстракта облепихи. [2] Свойства, включая мгновенное действие и безупречное покрытие на 12 часов, подтверждены потребительским тестированием при участии 100 девушек, min 84% согласившихся, РФ, 2016.","Добрый день! Благодарим за вопрос. Подбор средств для каждого человека индивидуален. ВВ-крем подходит для всех типов кожи. Данное средство обладает легкой текстурой и покрытием, подстраивается под тон кожи, скрывает несовершенства без ""Эффекта маски"", придаёт сияние, увлажняет и питает кожу лица. Будем рады видеть Вас в числе наших потребителей! Хорошего дня!",1
150257877,Здравствуйте! Планируется ли поставка  браслета 17 или 18 размера (артикул товара 150257877)?,"{'Длина упаковки': '8 см', 'Модель браслета': 'Для шармов', 'Проба': '925', 'Вставка': 'цирконий кубический', 'Повод': 'Выпускной', 'Минимальный вес (г)': '10.1 г', 'Назначение подарка': 'девушке', 'Цвет': 'серебристый', 'Покрытие': 'родий', 'Ставка НДС': '20', 'ТНВЭД': '7113110000', 'Состав ювелирного изделия': 'серебро', 'Ширина упаковки': '6 см', 'Высота упаковки': '3 см', 'Пол': 'Женский', 'Страна производства': 'Китай', 'Вид замка': 'защелка', 'Вид браслета': 'миланская лента', 'Комплектация': 'браслет 1 - шт.'}  Браслет серебро 925. Браслет LUCENTE (Люченте) выполнен из серебра 925 пробы. Модель классическая, впишется в любой образ. Роскошное миланское плетение: гладкое, блестящее, с ровным узором. Рука под таким украшением не потеет, а за счет длительной полировки и гладкой поверхности он не выщипывает волоски и не царапает кожу. Браслет с таким универсальным плетением понравится женщинам. Украшение прекрасно смотрится на руке как отдельный аксессуар, так и с дополнительными украшениями: например, подвески шармы. Браслет широкий 7 мм плоский, толщина 1,13 мм. Замок – клипса (защелка) с декоративным элементом 10 х 10 мм; толщина 7,6 мм. С обратной стороны замок гладкий, зеркальный, с логотипом бренда LUCENTE. Браслет из серебра мужской и женский можно комбинировать с разными аксессуарами – от черного шнурка до часов. Ювелирное изделие – отличный вариант подарка мужчине женщине девушке подростку на любой праздник. В нашем ассортименте Вы найдете браслет на руку и ногу из серебра 925 пробы и из золота 585 пробы: гибкий жесткий широкий и узкий бэнгл, Оберег красная и черная нить с подвесками бэнгл православный с молитвой.",Добрый день! Не планируется поступление данного артикула. Спасибо за обращение.,0
12256541,"Здравствуйте, если у меня Лимон еще молодой, плодов не давал еще. Можно таким удобрять ?","{'Срок годности': '36 мес', 'Транспортировка': 'не опасный груз', 'Вид удобрения': 'комплексное', 'Комплектация': 'Удобрение Фертика Кристалон для Цитрусовых, 250 мл', 'Высота упаковки': '22 см', 'Способ внесения': 'корневое', 'Состав': 'NPK: N (Азот) - 3,4', 'Применение удобрения': 'комнатное растение', 'Дата окончания действия сертификата/декларации': '16.03.2025', 'Упаковка': 'флакон', 'Длина упаковки': '14 см', 'Вид растения': 'лимон', 'Объем (мл)': '250 мл', 'Тип удобрения': 'минеральное', 'Страна производства': 'Россия', 'Дата регистрации сертификата/декларации': '17.03.2022', 'Ширина упаковки': '14 см', 'Номер декларации соответствия': 'РОСС RU Д-RU.РА01.В.09815/22', 'Форма выпуска': 'жидкость'}  Фертика удобрение Kristalon для цитрусовых 250мл. Официальный представитель производителя. Комплексное удобрение Fertika Kristalon для цитрусовых 250мл. Для подкормки всех видов цитрусовых (лимон, апельсин, грейпфрут, цитрон). Обеспечивает интенсивное развитие корневой системы растений, хорошее плодоношение, накопление в плодах сахаристых веществ и витаминов. Повышает интенсивность окраски листьев. Продлевает срок службы грунта горшечных культур. Нормы и способы внесения: 5 -10 мл развести в 1 литре воды и этим раствором поливать растения весной - летом 1 раз в неделю, а зимой - 1 раз в месяц. Некорневые подкормки (опрыскивание по листьям, избегая попадания раствора на цветок и плоды) - 1-2 раза в месяц. Не подкармливать растения, находящиеся в состоянии покоя и свежепересаженные, особенно если грунт богат питательными элементами.","Добрый день! Спасибо за проявленный интерес к нашему товару. Можно. 
Нормы и способы внесения: 5 -10 мл развести в 1 литре воды и этим раствором поливать растения весной - летом 1 раз в неделю, а зимой - 1 раз в месяц. Некорневые подкормки (опрыскивание по листьям, избегая попадания раствора на цветок и плоды) - 1-2 раза в месяц.",1
2025398,"подскажите, цвет ледяной мокко с холодным подтоном?","{'Комплектация': ""краска-уход для волос L'Oreal Paris (Лореаль Париж) - 1 шт"", 'Длина упаковки': '8 см', 'Прямые поставки от производителя': 'да', 'Тип краски': 'полустойкая', 'Ширина упаковки': '9 см', 'Высота упаковки': '17 см', 'Вес товара с упаковкой (г)': '239 г', 'Форма упаковки': 'без давления', 'Страна производства': 'Бельгия', 'Тон краски для волос': '515, Ледяной Мокко', 'Номер декларации соответствия': 'ЕАЭС N RU Д-BE.РА01.В.97110/21', 'Объем товара': '180 мл', 'Дата окончания действия сертификата/декларации': '27.05.2026', 'Особенности краски для волос': 'безаммиачная', 'Назначение косметического средства': 'для волос', 'Упаковка': 'коробка', 'Цвет': 'мокко', 'Состав': 'вода', 'Срок годности': '36 месяцев', 'Дата регистрации сертификата/декларации': '28.05.2021', 'Раздел меню': 'Окрашивание волос и химическая завивка'}  Краска для волос Casting Creme Gloss. Окрашивание волос превращается в настоящую процедуру ухода, сравнимую с оздоровлением волос в салоне красоты. Уникальный состав стойкой краски-ухода для волос CASTING CREME GLOSS от L'Oreal Paris (Лореаль Париж) без аммиака во время окрашивания защищает структуру волос от повреждения, одновременно ухаживая и разглаживая их по всей длине. Сохранить и усилить эффект шелковых блестящих волос после окрашивания позволит использование Нового бальзама для волос с Медом, который придает Вашим волосам мягкость, блеск и шелковистость. В состав упаковки входит: красящий крем без аммиака (48мл), тюбик с проявляющим молочком (72мл), флакон с бальзамом для волос с Медом (60мл), пара перчаток, инструкция по применению. Краска для волос Casting Creme Gloss от Лореаль легка в использовании, благодаря наличию специального флакона-аппликатора, нанесение краски становится точным и простым. Полная информация о процедуре окрашивания содержится в инструкции. Соблазнительный цвет и блеск. Стойкий цвет. Закрашивание седых волос. Ухаживает за волосами во время окрашивания. Без аммиака.","Добрый день, благодарим за Ваш интерес к продукции бренда L`Oreal Paris. Краска для волос Casting Creme Gloss в оттенке 515 Ледяной мокко обладает светло-каштановым цветом с подтоном из таких пигментов, как пепельный и красное дерево. Для более холодного подтона рекомендуем обратить внимание на в оттенке 5102 Холодный Мокко (Артикул: 10390010), который имеет пепельно-фиолетовый подтон. Хорошего дня!",1
2025398,"Здравствуйте! Можно ли смешивать  этот тон краски, например с тоном 7304  ?","{'Комплектация': ""краска-уход для волос L'Oreal Paris (Лореаль Париж) - 1 шт"", 'Длина упаковки': '8 см', 'Прямые поставки от производителя': 'да', 'Тип краски': 'полустойкая', 'Ширина упаковки': '9 см', 'Высота упаковки': '17 см', 'Вес товара с упаковкой (г)': '239 г', 'Форма упаковки': 'без давления', 'Страна производства': 'Бельгия', 'Тон краски для волос': '515, Ледяной Мокко', 'Номер декларации соответствия': 'ЕАЭС N RU Д-BE.РА01.В.97110/21', 'Объем товара': '180 мл', 'Дата окончания действия сертификата/декларации': '27.05.2026', 'Особенности краски для волос': 'безаммиачная', 'Назначение косметического средства': 'для волос', 'Упаковка': 'коробка', 'Цвет': 'мокко', 'Состав': 'вода', 'Срок годности': '36 месяцев', 'Дата регистрации сертификата/декларации': '28.05.2021', 'Раздел меню': 'Окрашивание волос и химическая завивка'}  Краска для волос Casting Creme Gloss. Окрашивание волос превращается в настоящую процедуру ухода, сравнимую с оздоровлением волос в салоне красоты. Уникальный состав стойкой краски-ухода для волос CASTING CREME GLOSS от L'Oreal Paris (Лореаль Париж) без аммиака во время окрашивания защищает структуру волос от повреждения, одновременно ухаживая и разглаживая их по всей длине. Сохранить и усилить эффект шелковых блестящих волос после окрашивания позволит использование Нового бальзама для волос с Медом, который придает Вашим волосам мягкость, блеск и шелковистость. В состав упаковки входит: красящий крем без аммиака (48мл), тюбик с проявляющим молочком (72мл), флакон с бальзамом для волос с Медом (60мл), пара перчаток, инструкция по применению. Краска для волос Casting Creme Gloss от Лореаль легка в использовании, благодаря наличию специального флакона-аппликатора, нанесение краски становится точным и простым. Полная информация о процедуре окрашивания содержится в инструкции. Соблазнительный цвет и блеск. Стойкий цвет. Закрашивание седых волос. Ухаживает за волосами во время окрашивания. Без аммиака.","Добрый день! Благодарим Вас за обращение! Мы не рекомендуем смешивать оттенки между собой, поскольку наборы красок бренда разработаны таким образом, чтобы все их компоненты оптимально взаимодействовали друг с другом. Желаем Вам хорошего дня!",0
2025398,"доьрый день ,скажите можно ли смешать  525 номер с 535 ,так получилось что в магазине осталась только одна шт 525 цвета пришлось взять еще 535 )","{'Комплектация': ""краска-уход для волос L'Oreal Paris (Лореаль Париж) - 1 шт"", 'Длина упаковки': '8 см', 'Прямые поставки от производителя': 'да', 'Тип краски': 'полустойкая', 'Ширина упаковки': '9 см', 'Высота упаковки': '17 см', 'Вес товара с упаковкой (г)': '239 г', 'Форма упаковки': 'без давления', 'Страна производства': 'Бельгия', 'Тон краски для волос': '515, Ледяной Мокко', 'Номер декларации соответствия': 'ЕАЭС N RU Д-BE.РА01.В.97110/21', 'Объем товара': '180 мл', 'Дата окончания действия сертификата/декларации': '27.05.2026', 'Особенности краски для волос': 'безаммиачная', 'Назначение косметического средства': 'для волос', 'Упаковка': 'коробка', 'Цвет': 'мокко', 'Состав': 'вода', 'Срок годности': '36 месяцев', 'Дата регистрации сертификата/декларации': '28.05.2021', 'Раздел меню': 'Окрашивание волос и химическая завивка'}  Краска для волос Casting Creme Gloss. Окрашивание волос превращается в настоящую процедуру ухода, сравнимую с оздоровлением волос в салоне красоты. Уникальный состав стойкой краски-ухода для волос CASTING CREME GLOSS от L'Oreal Paris (Лореаль Париж) без аммиака во время окрашивания защищает структуру волос от повреждения, одновременно ухаживая и разглаживая их по всей длине. Сохранить и усилить эффект шелковых блестящих волос после окрашивания позволит использование Нового бальзама для волос с Медом, который придает Вашим волосам мягкость, блеск и шелковистость. В состав упаковки входит: красящий крем без аммиака (48мл), тюбик с проявляющим молочком (72мл), флакон с бальзамом для волос с Медом (60мл), пара перчаток, инструкция по применению. Краска для волос Casting Creme Gloss от Лореаль легка в использовании, благодаря наличию специального флакона-аппликатора, нанесение краски становится точным и простым. Полная информация о процедуре окрашивания содержится в инструкции. Соблазнительный цвет и блеск. Стойкий цвет. Закрашивание седых волос. Ухаживает за волосами во время окрашивания. Без аммиака.","Добрый день! Благодарим за вопрос. Мы не рекомендуем смешивать оттенки между собой поскольку наборы красок бренда разработаны таким образом, чтобы все их компоненты оптимально взаимодействовали друг с другом. Для автоматического оповещения о поступлении продукта рекомендуем добавить продукт в лист ожидания. Желаем хорошего дня!",0
2025398,"Добрый день! на коробке выбит серийный номер. на кондиционере и краске номер совпадает, а на окислителе другой. это нормально? он может быть под другим номером?","{'Комплектация': ""краска-уход для волос L'Oreal Paris (Лореаль Париж) - 1 шт"", 'Длина упаковки': '8 см', 'Прямые поставки от производителя': 'да', 'Тип краски': 'полустойкая', 'Ширина упаковки': '9 см', 'Высота упаковки': '17 см', 'Вес товара с упаковкой (г)': '239 г', 'Форма упаковки': 'без давления', 'Страна производства': 'Бельгия', 'Тон краски для волос': '515, Ледяной Мокко', 'Номер декларации соответствия': 'ЕАЭС N RU Д-BE.РА01.В.97110/21', 'Объем товара': '180 мл', 'Дата окончания действия сертификата/декларации': '27.05.2026', 'Особенности краски для волос': 'безаммиачная', 'Назначение косметического средства': 'для волос', 'Упаковка': 'коробка', 'Цвет': 'мокко', 'Состав': 'вода', 'Срок годности': '36 месяцев', 'Дата регистрации сертификата/декларации': '28.05.2021', 'Раздел меню': 'Окрашивание волос и химическая завивка'}  Краска для волос Casting Creme Gloss. Окрашивание волос превращается в настоящую процедуру ухода, сравнимую с оздоровлением волос в салоне красоты. Уникальный состав стойкой краски-ухода для волос CASTING CREME GLOSS от L'Oreal Paris (Лореаль Париж) без аммиака во время окрашивания защищает структуру волос от повреждения, одновременно ухаживая и разглаживая их по всей длине. Сохранить и усилить эффект шелковых блестящих волос после окрашивания позволит использование Нового бальзама для волос с Медом, который придает Вашим волосам мягкость, блеск и шелковистость. В состав упаковки входит: красящий крем без аммиака (48мл), тюбик с проявляющим молочком (72мл), флакон с бальзамом для волос с Медом (60мл), пара перчаток, инструкция по применению. Краска для волос Casting Creme Gloss от Лореаль легка в использовании, благодаря наличию специального флакона-аппликатора, нанесение краски становится точным и простым. Полная информация о процедуре окрашивания содержится в инструкции. Соблазнительный цвет и блеск. Стойкий цвет. Закрашивание седых волос. Ухаживает за волосами во время окрашивания. Без аммиака.","Добрый день! Благодарим Вас за внимание к продукции нашего бренда. Хотим отметить, что номер партии на флаконе с проявляющим молочком может отличаться от номера партии, указанного на флаконе с краской и кондиционере, поскольку каждому продукту присваивается индивидуальный номер партии выпуска. Поэтому мы рекомендуем руководствоваться номером партии, который указан непосредственно на упаковке, в которой поставляется набор для окрашивания. Это не свидетельствует о каких-либо недостатках продукта. С Уважением, команда L`Oreal Paris!",0
2025463,"здравствуйте! я бы хотела узнать о краске красного цвета, он есть в наличии или нет?","{'Особенности краски для волос': 'аммиачная', 'Упаковка': 'коробка', 'Вес товара с упаковкой (г)': '243 г', 'Форма упаковки': 'без давления', 'Ширина упаковки': '10 см', 'Срок годности': '36 месяцев', 'Страна производства': 'Бельгия', 'Состав': 'вода', 'Прямые поставки от производителя': 'да', 'Комплектация': ""стойкая гель-краска для волос L'Oreal Paris (Лореаль Париж) - 1 шт"", 'Длина упаковки': '7 см', 'Высота упаковки': '17 см', 'Номер сертификата соответствия': 'RU.77.99.29.001.R.001208.05.24', 'Раздел меню': 'Окрашивание волос и химическая завивка', 'Тип краски': 'перманентная', 'Цвет': 'янтарный', 'Объем товара': '174 мл', 'Назначение косметического средства': 'для волос', 'Тон краски для волос': '6.35 Светлый янтарь', 'Дата регистрации сертификата/декларации': '26.11.2013'}  Стойкая краска для волос Preference. Стойкая краска для волос Preference (Преферанс) от L'Oreal Paris (Лореаль Париж) - премиальное качество окрашивания! Она создана ведущими экспертами лабораторий Лореаль Париж в сотрудничестве с профессиональным колористом Кристофом Робином. В результате исследований был разработан уникальный состав краски, основанный на более объемных красящих пигментах. Стойкая краска способна дольше удерживаться в структуре волос, создавая неповторимый яркий цвет, устойчивый к вымыванию и возникновению тусклости. Комплекс Экстраблеск добавит блеска насыщенному цвету волос. Красивые шелковые волосы с насыщенным цветом на протяжении 8 недель после окрашивания! В состав упаковки входит: флакон гель-краски (60 мл), флакон-аппликатор с проявляющим кремом (60 мл), бальзам Усилитель цвета (54 мл), инструкция, пара перчаток. Перед началом окрашивания необходимо снять украшения и нанести крем по контуру лица, чтобы защитить кожу от попадания краски. Перед применением следует пройти тест на аллергическую реакцию. Внимательно прочтите инструкцию.",Добрый день! Благодарим за вопрос! Обратите внимание на стойкую краску для волос Preference в оттенке 8.624 Яркий Красный (Артикул: 81601634). Отличных покупок!,0
2025463,"Здравствуйте! Это по старым цветам ,, Гавана,,??? Теперь сложно ориентироваться","{'Особенности краски для волос': 'аммиачная', 'Упаковка': 'коробка', 'Вес товара с упаковкой (г)': '243 г', 'Форма упаковки': 'без давления', 'Ширина упаковки': '10 см', 'Срок годности': '36 месяцев', 'Страна производства': 'Бельгия', 'Состав': 'вода', 'Прямые поставки от производителя': 'да', 'Комплектация': ""стойкая гель-краска для волос L'Oreal Paris (Лореаль Париж) - 1 шт"", 'Длина упаковки': '7 см', 'Высота упаковки': '17 см', 'Номер сертификата соответствия': 'RU.77.99.29.001.R.001208.05.24', 'Раздел меню': 'Окрашивание волос и химическая завивка', 'Тип краски': 'перманентная', 'Цвет': 'янтарный', 'Объем товара': '174 мл', 'Назначение косметического средства': 'для волос', 'Тон краски для волос': '6.35 Светлый янтарь', 'Дата регистрации сертификата/декларации': '26.11.2013'}  Стойкая краска для волос Preference. Стойкая краска для волос Preference (Преферанс) от L'Oreal Paris (Лореаль Париж) - премиальное качество окрашивания! Она создана ведущими экспертами лабораторий Лореаль Париж в сотрудничестве с профессиональным колористом Кристофом Робином. В результате исследований был разработан уникальный состав краски, основанный на более объемных красящих пигментах. Стойкая краска способна дольше удерживаться в структуре волос, создавая неповторимый яркий цвет, устойчивый к вымыванию и возникновению тусклости. Комплекс Экстраблеск добавит блеска насыщенному цвету волос. Красивые шелковые волосы с насыщенным цветом на протяжении 8 недель после окрашивания! В состав упаковки входит: флакон гель-краски (60 мл), флакон-аппликатор с проявляющим кремом (60 мл), бальзам Усилитель цвета (54 мл), инструкция, пара перчаток. Перед началом окрашивания необходимо снять украшения и нанести крем по контуру лица, чтобы защитить кожу от попадания краски. Перед применением следует пройти тест на аллергическую реакцию. Внимательно прочтите инструкцию.","Добрый день! Благодарим за вопрос! Все верно, стойкая краска для волос Preference в оттенке 6.35 Светлый Янтарь раньше называлась Гавана Светлый Янтарь. Чудесного Вам дня!",0
5988299,"Здравствуйте, какой оттенок подойдёт для нейтрального цвета кожи?","{'Цвет': 'бежевый', 'Дата регистрации сертификата/декларации': '15.07.2021', 'Прямые поставки от производителя': 'да', 'Комплектация': ""стойкий тональный крем L'Oreal Paris (Лореаль Париж) - 1 шт"", 'Ширина упаковки': '3 см', 'Действие': 'тонирование', 'Форма упаковки': 'без давления', 'Страна производства': 'Франция', 'SPF': 'SPF 25', 'Текстура': 'жидкая', 'Упаковка': 'флакон', 'Назначение косметического средства': 'для лица', 'Номер сертификата соответствия': 'RU.50.99.05.001.R. 000092.07.21', 'Высота упаковки': '12 см', 'Срок годности': '36 месяцев', 'Состав': 'вода', 'Тип кожи': 'для всех типов кожи', 'Объем товара': '30 мл', 'Вес товара с упаковкой (г)': '107 г', 'Раздел меню': 'Красота / для макияжа', 'Длина упаковки': '3 см'}  Стойкий тональный крем Infaillible Cвежий тон 30 мл. Тональный крем нового поколения INFAILLIBLE 32Ч СВЕЖИЙ ТОН от L'Oreal Paris дает лёгкий устойчивый результат с UV-защитой. Позволяет коже дышать, сохраняя стойкий результат в течение всего дня. Формула с добавлением ухаживающих компонентов: витамин Е и перламутровый пигмент. Больше стойкости, больше ухода. Будь INFAILLIBLE. Ведь ты этого достойна. Способ применения: Встряхнуть перед использованием. Можно наносить подушечками пальцев, распределяя легкими движениями по всей поверхности лица. Для более плотного покрытия крем следует наносить кисточкой для легкого покрытия основу можно нанести влажным спонжем. Для закрепления макияжа рекомендуем воспользоваться матирующей пудрой INFAILLIBLE от Лореаль Париж. Для коррекции несовершентсв кожи воспользуйтесь стойким многофункциональным консилером INFAILLIBLE. Стойкость, дышащее покрытие, витамин С и перламутровый пигмент. Естественный результат. Сатиновый финиш. СПФ 25. Избегайте попадания в глаза. В случае попадания в глаза промыть их водой.","Добрый день! Благодарим за вопрос! Рекомендуем обратить внимание на стойкий тональный крем Infaillible 32ч Свежий Тон в оттенке 130 True Beige (Артикул: 5988299), который обладает нейтральным подтоном. Желаем хорошего дня!",0
5988299,"Подскажите пожалуйста. Покупала 130 тон, но он для меня немного темный. Какой взять чуть-чуть светлее?","{'Цвет': 'бежевый', 'Дата регистрации сертификата/декларации': '15.07.2021', 'Прямые поставки от производителя': 'да', 'Комплектация': ""стойкий тональный крем L'Oreal Paris (Лореаль Париж) - 1 шт"", 'Ширина упаковки': '3 см', 'Действие': 'тонирование', 'Форма упаковки': 'без давления', 'Страна производства': 'Франция', 'SPF': 'SPF 25', 'Текстура': 'жидкая', 'Упаковка': 'флакон', 'Назначение косметического средства': 'для лица', 'Номер сертификата соответствия': 'RU.50.99.05.001.R. 000092.07.21', 'Высота упаковки': '12 см', 'Срок годности': '36 месяцев', 'Состав': 'вода', 'Тип кожи': 'для всех типов кожи', 'Объем товара': '30 мл', 'Вес товара с упаковкой (г)': '107 г', 'Раздел меню': 'Красота / для макияжа', 'Длина упаковки': '3 см'}  Стойкий тональный крем Infaillible Cвежий тон 30 мл. Тональный крем нового поколения INFAILLIBLE 32Ч СВЕЖИЙ ТОН от L'Oreal Paris дает лёгкий устойчивый результат с UV-защитой. Позволяет коже дышать, сохраняя стойкий результат в течение всего дня. Формула с добавлением ухаживающих компонентов: витамин Е и перламутровый пигмент. Больше стойкости, больше ухода. Будь INFAILLIBLE. Ведь ты этого достойна. Способ применения: Встряхнуть перед использованием. Можно наносить подушечками пальцев, распределяя легкими движениями по всей поверхности лица. Для более плотного покрытия крем следует наносить кисточкой для легкого покрытия основу можно нанести влажным спонжем. Для закрепления макияжа рекомендуем воспользоваться матирующей пудрой INFAILLIBLE от Лореаль Париж. Для коррекции несовершентсв кожи воспользуйтесь стойким многофункциональным консилером INFAILLIBLE. Стойкость, дышащее покрытие, витамин С и перламутровый пигмент. Естественный результат. Сатиновый финиш. СПФ 25. Избегайте попадания в глаза. В случае попадания в глаза промыть их водой.","Добрый день! Благодарим Вас за вопрос. Если Вас интересует тон с теплым подтоном, то обратите внимание на стойкий тональный крем Infaillible Cвежий тон в оттенке 20 Golden Vanilla (Артикул: 5988297). Искренне, Ваша команда L`Oreal Paris!",0
5171114,"Здравствуйте, можно настраивать температуру нагрева?","{'Цвет': 'фиолетовый', 'Упаковка': 'картонная коробка', 'Модель': 'PHS 2590KT', 'Дата окончания действия сертификата/декларации': '09.07.2025', 'Срок эксплуатации': '3 года', 'Гарантийный срок': '2 года', 'Температура, макс': '220 °C', 'Вес товара без упаковки (г)': '360 г', 'Ширина упаковки': '7 см', 'Хрупкость': 'хрупкое', 'Комплектация': 'выпрямитель', 'Вес товара с упаковкой (г)': '470 г', 'Номер сертификата соответствия': 'ЕАЭС RU С-HK.ПФ02.В.02061/20', 'Время нагрева': '60 сек', 'Страна производства': 'Китай', 'Материал рабочей поверхности': 'Турмалин керамический', 'Материал корпуса': 'Пластик', 'Высота упаковки': '10 см', 'Длина рабочей площади': '9 см', 'Количество режимов работы': '1 шт.', 'Дата регистрации сертификата/декларации': '10.07.2020', 'Питание': 'от сети 220V', 'Длина упаковки': '35 см', 'Ширина предмета': '5.6 см', 'Ширина рабочей площади': '2.5 см', 'Мощность устройства': '39 Вт'}  Выпрямитель для волос PHS2590KT, утюжок профессиональный. 2 в 1 для выпрямления и подкручивания волос. Керамическое покрытие с турмалином для блеска и защиты волос. Терморегулятор 130-220 градусов. Быстрый и стабильный нагрев. Индикаторная лампочка. ""Плавающие"" полотна. Фиксация пластин в закрытом положении. Защита от перегрева. Длина шнура 1.75м. Автоотключение через 60 мин.","Добрый день. Спасибо за обращение. Да, можно. От 130-220 градусов. С уважением, Майя – представитель бренда Polaris. Техника для дома и посуда для кухни.",1
5171114,Товар возвратный ? Ксли домой забрать?,"{'Цвет': 'фиолетовый', 'Упаковка': 'картонная коробка', 'Модель': 'PHS 2590KT', 'Дата окончания действия сертификата/декларации': '09.07.2025', 'Срок эксплуатации': '3 года', 'Гарантийный срок': '2 года', 'Температура, макс': '220 °C', 'Вес товара без упаковки (г)': '360 г', 'Ширина упаковки': '7 см', 'Хрупкость': 'хрупкое', 'Комплектация': 'выпрямитель', 'Вес товара с упаковкой (г)': '470 г', 'Номер сертификата соответствия': 'ЕАЭС RU С-HK.ПФ02.В.02061/20', 'Время нагрева': '60 сек', 'Страна производства': 'Китай', 'Материал рабочей поверхности': 'Турмалин керамический', 'Материал корпуса': 'Пластик', 'Высота упаковки': '10 см', 'Длина рабочей площади': '9 см', 'Количество режимов работы': '1 шт.', 'Дата регистрации сертификата/декларации': '10.07.2020', 'Питание': 'от сети 220V', 'Длина упаковки': '35 см', 'Ширина предмета': '5.6 см', 'Ширина рабочей площади': '2.5 см', 'Мощность устройства': '39 Вт'}  Выпрямитель для волос PHS2590KT, утюжок профессиональный. 2 в 1 для выпрямления и подкручивания волос. Керамическое покрытие с турмалином для блеска и защиты волос. Терморегулятор 130-220 градусов. Быстрый и стабильный нагрев. Индикаторная лампочка. ""Плавающие"" полотна. Фиксация пластин в закрытом положении. Защита от перегрева. Длина шнура 1.75м. Автоотключение через 60 мин.","Добрый день. Спасибо за обращение. Возврату не подлежат электробытовые приборы, бывшие в употреблении. В отношении же производственных недостатков, которые могут возникнуть в этом товаре в течение гарантийного срока, действует гарантия Изготовителя и все положения Закона о защите прав потребителей, применимые к этой категории товаров. Если же прибор не эксплуатировался, то вы можете подать заявку на возврат через ЛК, С уважением, Яна – представитель бренда Polaris. Техника для дома и посуда для кухни.",0
5171114,здравствуйте. на стр. 5  нет понятной инструкции по температуре. скажите какие цифры какие  градусы обозначают,"{'Цвет': 'фиолетовый', 'Упаковка': 'картонная коробка', 'Модель': 'PHS 2590KT', 'Дата окончания действия сертификата/декларации': '09.07.2025', 'Срок эксплуатации': '3 года', 'Гарантийный срок': '2 года', 'Температура, макс': '220 °C', 'Вес товара без упаковки (г)': '360 г', 'Ширина упаковки': '7 см', 'Хрупкость': 'хрупкое', 'Комплектация': 'выпрямитель', 'Вес товара с упаковкой (г)': '470 г', 'Номер сертификата соответствия': 'ЕАЭС RU С-HK.ПФ02.В.02061/20', 'Время нагрева': '60 сек', 'Страна производства': 'Китай', 'Материал рабочей поверхности': 'Турмалин керамический', 'Материал корпуса': 'Пластик', 'Высота упаковки': '10 см', 'Длина рабочей площади': '9 см', 'Количество режимов работы': '1 шт.', 'Дата регистрации сертификата/декларации': '10.07.2020', 'Питание': 'от сети 220V', 'Длина упаковки': '35 см', 'Ширина предмета': '5.6 см', 'Ширина рабочей площади': '2.5 см', 'Мощность устройства': '39 Вт'}  Выпрямитель для волос PHS2590KT, утюжок профессиональный. 2 в 1 для выпрямления и подкручивания волос. Керамическое покрытие с турмалином для блеска и защиты волос. Терморегулятор 130-220 градусов. Быстрый и стабильный нагрев. Индикаторная лампочка. ""Плавающие"" полотна. Фиксация пластин в закрытом положении. Защита от перегрева. Длина шнура 1.75м. Автоотключение через 60 мин.","Добрый день. Спасибо за обращение. Обозначение цифр на регуляторе температуры: 1 = 130 градусов; 2 = 150 градусов; 3 = 190 градусов; 4 = 220 градусов. С уважением, Майя – представитель бренда Polaris. Техника для дома и посуда для кухни.",0
5171114,"Здравствуйте, почему так резко цена поднялась?","{'Цвет': 'фиолетовый', 'Упаковка': 'картонная коробка', 'Модель': 'PHS 2590KT', 'Дата окончания действия сертификата/декларации': '09.07.2025', 'Срок эксплуатации': '3 года', 'Гарантийный срок': '2 года', 'Температура, макс': '220 °C', 'Вес товара без упаковки (г)': '360 г', 'Ширина упаковки': '7 см', 'Хрупкость': 'хрупкое', 'Комплектация': 'выпрямитель', 'Вес товара с упаковкой (г)': '470 г', 'Номер сертификата соответствия': 'ЕАЭС RU С-HK.ПФ02.В.02061/20', 'Время нагрева': '60 сек', 'Страна производства': 'Китай', 'Материал рабочей поверхности': 'Турмалин керамический', 'Материал корпуса': 'Пластик', 'Высота упаковки': '10 см', 'Длина рабочей площади': '9 см', 'Количество режимов работы': '1 шт.', 'Дата регистрации сертификата/декларации': '10.07.2020', 'Питание': 'от сети 220V', 'Длина упаковки': '35 см', 'Ширина предмета': '5.6 см', 'Ширина рабочей площади': '2.5 см', 'Мощность устройства': '39 Вт'}  Выпрямитель для волос PHS2590KT, утюжок профессиональный. 2 в 1 для выпрямления и подкручивания волос. Керамическое покрытие с турмалином для блеска и защиты волос. Терморегулятор 130-220 градусов. Быстрый и стабильный нагрев. Индикаторная лампочка. ""Плавающие"" полотна. Фиксация пластин в закрытом положении. Защита от перегрева. Длина шнура 1.75м. Автоотключение через 60 мин.","Добрый день. Спасибо за обращение. В этом разделе мы отвечаем на вопросы, связанные с характеристиками товара. К сожалению, мы не можем проконсультировать вас по вопросам, связанным с изменением цены на маркетплейсе. С уважением, Анна – представитель бренда Polaris. Техника для дома и посуда для кухни.",0
5764904,"Здравствуйте. Брала ранее арт. 5764904, сейчас нет в наличии нужного размера. Есть арт. 217001927 подскажите, чем он отличается от арт. 5764904? Класс компрессии указан тот же.","{'Ставка НДС': '10', 'Регистрационное удостоверение': 'ФСЗ 2011/10574', 'Вес товара с упаковкой (г)': '150 г', 'Высота упаковки': '23 см', 'Страна производства': 'Италия', 'Состав': 'Полиамид – 75%, эластан - 25%', 'Вид застежки': 'без застежки', 'Ширина упаковки': '12 см', 'Длина упаковки': '2 см', 'Дата регистрации медицинского изделия': '20.09.2011', 'Срок действия регистрационного удостоверения': 'бессрочно', 'Комплектация': 'Гольфы компрессионные 2 класс антиварикозные - 1 пара', 'Упаковка': 'картонная коробка', 'Класс компрессии': '2 класс (23-32 мм.рт.ст.)', 'Цвет': 'бежевый'}  Компрессионные гольфы 2 класс от варикоза. Подробная таблица размеров представлена на 2 фотографии. Гольфы компрессионные 2 класса компрессии Эргоформа телесные предназначены для повседневного ношения. Выполнены из комбинированных гипоаллергенных материалов. Нормализация оттока крови происходит за счет равномерного воздействия на мышцы и стенки сосудов. В области щиколотки и голеностопа давление составляет 100%, ниже колена уже 70% от начального значения. Это позволяет стабилизировать работу венозной помпы. Эластичные гольфы от варикоза Ergoforma бежевые женские, мужские, помогают избавиться от отеков, устраняют такие проявления как варикозная сетка и звездочки. Снимают тяжесть и усталость в ногах. Разработаны для лечения и профилактики патологий кровообращения, образования тромбов. Их используют для устранения последствий сильных нагрузок или малоподвижного образ жизни. Применяются во время беременности и после родов, операции. Закрытый мысок. Соответствие всем сертификатам Министерства здравоохранения России. Все изделия тестируется на приборах CETME. Продукция изготавливается из качественного волокна LYCRA DUPONT SWISSLASTIC. Специальная высокотехнологичная вязка. Полотно моделей ячеистой структуры. Страна производства Италия, Калце Олона. Медицинский антиварикозный трикотаж сохраняет свои терапевтические свойства 3 месяца при соблюдении правил эксплуатации. Показания к применению: Наследственная предрасположенность. Избыточный вес. Целлюлит. Беременность. Прием гормональных контрацептивов. Длительные статические нагрузки. Авиаперелеты. Длительные поездки на транспорте автомобиль, автобус, поезд. Сидячая работа, работа на ногах. Занятия спортом.",Добрый день.,0
5764904,"Здравствуйте, подскажите, какой размер, если ладышка 24, голень 34, высота от пятки до подколенки 43?","{'Ставка НДС': '10', 'Регистрационное удостоверение': 'ФСЗ 2011/10574', 'Вес товара с упаковкой (г)': '150 г', 'Высота упаковки': '23 см', 'Страна производства': 'Италия', 'Состав': 'Полиамид – 75%, эластан - 25%', 'Вид застежки': 'без застежки', 'Ширина упаковки': '12 см', 'Длина упаковки': '2 см', 'Дата регистрации медицинского изделия': '20.09.2011', 'Срок действия регистрационного удостоверения': 'бессрочно', 'Комплектация': 'Гольфы компрессионные 2 класс антиварикозные - 1 пара', 'Упаковка': 'картонная коробка', 'Класс компрессии': '2 класс (23-32 мм.рт.ст.)', 'Цвет': 'бежевый'}  Компрессионные гольфы 2 класс от варикоза. Подробная таблица размеров представлена на 2 фотографии. Гольфы компрессионные 2 класса компрессии Эргоформа телесные предназначены для повседневного ношения. Выполнены из комбинированных гипоаллергенных материалов. Нормализация оттока крови происходит за счет равномерного воздействия на мышцы и стенки сосудов. В области щиколотки и голеностопа давление составляет 100%, ниже колена уже 70% от начального значения. Это позволяет стабилизировать работу венозной помпы. Эластичные гольфы от варикоза Ergoforma бежевые женские, мужские, помогают избавиться от отеков, устраняют такие проявления как варикозная сетка и звездочки. Снимают тяжесть и усталость в ногах. Разработаны для лечения и профилактики патологий кровообращения, образования тромбов. Их используют для устранения последствий сильных нагрузок или малоподвижного образ жизни. Применяются во время беременности и после родов, операции. Закрытый мысок. Соответствие всем сертификатам Министерства здравоохранения России. Все изделия тестируется на приборах CETME. Продукция изготавливается из качественного волокна LYCRA DUPONT SWISSLASTIC. Специальная высокотехнологичная вязка. Полотно моделей ячеистой структуры. Страна производства Италия, Калце Олона. Медицинский антиварикозный трикотаж сохраняет свои терапевтические свойства 3 месяца при соблюдении правил эксплуатации. Показания к применению: Наследственная предрасположенность. Избыточный вес. Целлюлит. Беременность. Прием гормональных контрацептивов. Длительные статические нагрузки. Авиаперелеты. Длительные поездки на транспорте автомобиль, автобус, поезд. Сидячая работа, работа на ногах. Занятия спортом.","Добрый день. По указанным параметрам подходит размер 4. С уважением, КЛЕОН.",0
2025466,"цена очень большая , прям перебор","{'Состав': 'вода', 'Назначение косметического средства': 'для волос', 'Ширина упаковки': '10 см', 'Форма упаковки': 'без давления', 'Вес товара с упаковкой (г)': '243 г', 'Цвет': 'каштановый', 'Дата регистрации сертификата/декларации': '28.10.2013', 'Упаковка': 'коробка', 'Срок годности': '36 месяцев', 'Высота упаковки': '17 см', 'Особенности краски для волос': 'аммиачная', 'Комплектация': ""стойкая гель-краска для волос L'Oreal Paris (Лореаль Париж) - 1 шт"", 'Раздел меню': 'Окрашивание волос и химическая завивка', 'Тон краски для волос': '5.25 Каштановый перламутровый', 'Длина упаковки': '7 см', 'Страна производства': 'Бельгия', 'Тип краски': 'перманентная', 'Прямые поставки от производителя': 'да', 'Номер сертификата соответствия': 'RU.77.99.29.001.R.001208.05.24', 'Объем товара': '174 мл'}  Стойкая краска для волос Preference. Стойкая краска для волос Preference (Преферанс) от L'Oreal Paris (Лореаль Париж) - премиальное качество окрашивания! Она создана ведущими экспертами лабораторий Лореаль Париж в сотрудничестве с профессиональным колористом Кристофом Робином. В результате исследований был разработан уникальный состав краски, основанный на более объемных красящих пигментах. Стойкая краска способна дольше удерживаться в структуре волос, создавая неповторимый яркий цвет, устойчивый к вымыванию и возникновению тусклости. Комплекс Экстраблеск добавит блеска насыщенному цвету волос. Красивые шелковые волосы с насыщенным цветом на протяжении 8 недель после окрашивания! В состав упаковки входит: флакон гель-краски (60 мл), флакон-аппликатор с проявляющим кремом (60 мл), бальзам Усилитель цвета (54 мл), инструкция, пара перчаток. Перед началом окрашивания необходимо снять украшения и нанести крем по контуру лица, чтобы защитить кожу от попадания краски. Перед применением следует пройти тест на аллергическую реакцию. Внимательно прочтите инструкцию.",Здравствуйте! Рекомендуем Вам подписаться на любимый продукт и получать информацию о его скидках. Хорошего дня.,0
4599429,"Здравствуйте, а резинка держит хорошо? Сейчас ношу чулки известной очень фирмы, цена которых свыше 6000 руб. Резинка на чулке скручиваться начала после трёх недельной носки. Ужасный дискомфорт.","{'Ширина упаковки': '17 см', 'Страна производства': 'Италия', 'Высота упаковки': '26 см', 'Регистрационное удостоверение': 'ФСЗ 2011/10574', 'Класс компрессии': '1 класс (18-22 мм.рт.ст.)', 'Длина упаковки': '2 см', 'Пол': 'Женский', 'Цвет': 'телесный', 'Комплектация': 'Чулки компрессионные 1 класс компрессии, с кружевной резинкой - 1 пара', 'Упаковка': 'картонная коробка', 'Состав': 'Полиамид - 80%, эластан - 20%', 'Ставка НДС': '10', 'Срок действия регистрационного удостоверения': 'бессрочно', 'Дата регистрации медицинского изделия': '20.09.2011', 'Вес товара с упаковкой (г)': '200 г'}  Компрессионные чулки 1 класс от варикоза. Подробная таблица размеров представлена на 2 фотографии. Чулки компрессионные 1 класс компрессии Эргоформа женские бежевые с кружевной резинкой предназначены для повседневного ношения. Выполнены из комбинированных гипоаллергенных материалов, в верхней части чулок - силиконовая резинка с ажурным узором. Нормализация оттока крови происходит за счет равномерного воздействия на мышцы и стенки сосудов. В области щиколотки и голеностопа давление составляет 100%, ниже колена уже 70% от начального значения, а на уровне верхней трети бедра уменьшается до 40%. Это позволяет стабилизировать работу венозной помпы. Эластичные телесные чулки от варикоза Ergoforma помогают избавиться от отеков, устраняют такие проявления как варикозная сетка и звездочки. Снимают тяжесть и усталость в ногах. Разработаны для лечения и профилактики патологий кровообращения, образования тромбов. Их используют для устранения последствий сильных нагрузок или малоподвижного образ жизни. Применяются во время беременности и после родов, операции. Закрытый мысок. Соответствие всем сертификатам Министерства здравоохранения России. Все изделия тестируется на приборах CETME. Продукция изготавливается из качественного волокна LYCRA DUPONT SWISSLASTIC. Специальная высокотехнологичная вязка. Полотно моделей ячеистой структуры. Страна производства Италия, Калце Олона. Эта линия создана для активных современных женщин, которым важны здоровье и красота. Медицинский антиварикозный трикотаж сохраняет свои терапевтические свойства 3 месяца при соблюдении правил эксплуатации. Показания к применению: Наследственная предрасположенность. Избыточный вес. Целлюлит. Беременность. Прием гормональных контрацептивов. Длительные статические нагрузки. Авиаперелеты. Длительные поездки на транспорте автомобиль, автобус, поезд. Сидячая работа, работа на ногах. Занятия спортом.",Вопрос отклонён,0
161558217,1  250 725 руб. Это повашему лучшая чена,"{'Вес товара без упаковки (г)': '150 г', 'Толщина предмета': '0.98 см', 'EAC': 'да', 'Гарантийный срок': '1 год', 'Ширина упаковки': '17 см', 'Беспроводные интерфейсы': 'не предусмотрено', 'Тип подарка': 'универсальный', 'Интерфейс': 'Micro usb', 'Поддержка карт памяти': 'microSD', 'Страна производства': 'Китай', 'Хрупкость': 'хрупкое', 'Объем памяти': '4 ГБ', 'Вес товара с упаковкой (г)': '350 г', 'Цвет': 'темно-серый', 'Высота упаковки': '4 см', 'Длина упаковки': '24 см', 'Поддерживаемые текстовые форматы': 'PDF,ePub,TXT,HTML,FB2,RTF,mobipocket,CHM,PDB,DOC', 'Комплектация': 'книга - 1шт, USB-кабель - 1шт, руководство - 1шт', 'Тип дисплея/экрана': 'E-ink HD Pearl', 'Емкость аккумулятора': '1500 мAч', 'Ставка НДС': '20', 'Ширина предмета': '11.6 см', 'Модель': 'Digma K1', 'Диагональ экрана': ""6''"", 'Высота предмета': '16.4 см', 'Разрешение экрана': '1024x758'}  Электронная книга К1 6"" E-ink HD Pearl, 4Гб, microSD. Электронная книга DIGMA К1 – надежный помощник для людей, которые не представляют жизни без регулярного чтения. Устройство поддерживает самые популярные текстовые форматы и форматы изображения – универсальный выбор для каждого читателя. Стильно и компактно Гаджет представлен в лаконичном дизайне и строгом темно-сером оттенке. Корпус выполнен из прочного и долговечного пластика. Благодаря компактным размерам и весу 150 г электронную книжку можно брать с собой в поездки, она не займет много места при хранении. Настоящая библиотека Встроенная память объемом 4 Гб позволит сохранить до 4000 интересных книг. За счет поддержки карт памяти формата microSD объемом 32 Гб читалка дает возможность загрузить еще больше файлов. Комфорт и безопасность Дисплей с диагональю 6” и высоким разрешением 1024 х 758 поможет получить максимум удовольствия от чтения книг и просмотра изображений. Технология E-Ink Pearl HD имитирует стандартную печатную страницу, поэтому глаза устают меньше даже при длительном чтении. 16 градаций серого оттенка повышают качество изображения. Развлечения без ограничений Емкий аккумулятор 1500 мАч обеспечивает длительную работу в автономном режиме. Из-за минимального расхода электроэнергии не придется часто подзаряжать устройство: хватит более чем на месяц ежедневного чтения. Для подзарядки предусмотрен разъем microUSB.",Здравствуйте. Передали карточку на проверку ответственным енеджерам.,0
161558217,1 250 725  т. р. это лучшая цена,"{'Вес товара без упаковки (г)': '150 г', 'Толщина предмета': '0.98 см', 'EAC': 'да', 'Гарантийный срок': '1 год', 'Ширина упаковки': '17 см', 'Беспроводные интерфейсы': 'не предусмотрено', 'Тип подарка': 'универсальный', 'Интерфейс': 'Micro usb', 'Поддержка карт памяти': 'microSD', 'Страна производства': 'Китай', 'Хрупкость': 'хрупкое', 'Объем памяти': '4 ГБ', 'Вес товара с упаковкой (г)': '350 г', 'Цвет': 'темно-серый', 'Высота упаковки': '4 см', 'Длина упаковки': '24 см', 'Поддерживаемые текстовые форматы': 'PDF,ePub,TXT,HTML,FB2,RTF,mobipocket,CHM,PDB,DOC', 'Комплектация': 'книга - 1шт, USB-кабель - 1шт, руководство - 1шт', 'Тип дисплея/экрана': 'E-ink HD Pearl', 'Емкость аккумулятора': '1500 мAч', 'Ставка НДС': '20', 'Ширина предмета': '11.6 см', 'Модель': 'Digma K1', 'Диагональ экрана': ""6''"", 'Высота предмета': '16.4 см', 'Разрешение экрана': '1024x758'}  Электронная книга К1 6"" E-ink HD Pearl, 4Гб, microSD. Электронная книга DIGMA К1 – надежный помощник для людей, которые не представляют жизни без регулярного чтения. Устройство поддерживает самые популярные текстовые форматы и форматы изображения – универсальный выбор для каждого читателя. Стильно и компактно Гаджет представлен в лаконичном дизайне и строгом темно-сером оттенке. Корпус выполнен из прочного и долговечного пластика. Благодаря компактным размерам и весу 150 г электронную книжку можно брать с собой в поездки, она не займет много места при хранении. Настоящая библиотека Встроенная память объемом 4 Гб позволит сохранить до 4000 интересных книг. За счет поддержки карт памяти формата microSD объемом 32 Гб читалка дает возможность загрузить еще больше файлов. Комфорт и безопасность Дисплей с диагональю 6” и высоким разрешением 1024 х 758 поможет получить максимум удовольствия от чтения книг и просмотра изображений. Технология E-Ink Pearl HD имитирует стандартную печатную страницу, поэтому глаза устают меньше даже при длительном чтении. 16 градаций серого оттенка повышают качество изображения. Развлечения без ограничений Емкий аккумулятор 1500 мАч обеспечивает длительную работу в автономном режиме. Из-за минимального расхода электроэнергии не придется часто подзаряжать устройство: хватит более чем на месяц ежедневного чтения. Для подзарядки предусмотрен разъем microUSB.",Здравствуйте! Передали карточку на проверку ответственным менеджерам.,0
169132021,"Здравствуйте,мне не подошел размер,товар пришел с другим размером,хотела на месте перезаразить на меньший размер ,а цена вместо 1700р,за которую я заказывала 4500р,я могу перезаразить за цену в 1700р?","{'Комплектация': 'Сабо 1 пара', 'Состав': 'croslite 100%', 'Длина упаковки': '20 см', 'Ширина упаковки': '20 см', 'Страна производства': 'Китай', 'Высота упаковки': '20 см', 'Материал подошвы обуви': 'croslite', 'Дата регистрации сертификата/декларации': '22.12.2023', 'Материал стельки': 'EVA', 'Дата окончания действия сертификата/декларации': '21.12.2026', 'Сезон': 'круглогодичный', 'Цвет': 'оранжевый', 'Коллекция': 'Весна-Лето 2023', 'Пол': 'Женский', 'ТНВЭД': '6401929000', 'Номер декларации соответствия': 'ЕАЭС N RU Д-NL.РА10.В.69016/23'} {'Российский размер 37-38': '(Размер производителя: 37-38/5-7, EU размер: 37-38. Длина стопы, в см: 23.3-23.3. )', 'Российский размер 36-37': '(Размер производителя: 36-37/4-6, Длина стопы, в см: 22.8-22.8. EU размер: 36-37. )', 'Российский размер 38-39': '(Размер производителя: 38-39/6-8, Длина стопы, в см: 24.2-24.2. EU размер: 38-39. )', 'Российский размер 39-40': '(Размер производителя: 39-40/7-9, EU размер: 39-40. Длина стопы, в см: 24.6-24.6. )', 'Российский размер 40-41': '(Размер производителя: 40-41/8-10, EU размер: 41-42. Длина стопы, в см: 25.5-25.5. )', 'Российский размер 42-43/10-12': '(42-43)', 'Российский размер 41-42': '(Размер производителя: 41-42/9-11, Длина стопы, в см: 26.3-26.3. EU размер: 41-42. )'} Сабо летние взрослые. Стильные сабо CROCS Classic известны высоким уровнем удобства и пользуются популярностью по всему миру. Известный материал Croslite обеспечивает комфорт на протяжении всего дня. Удобство в каждом шаге, универсальный дизайн и легкость обуви позволяют носить ее в офисе, дома, на улице. Узнаваемый стиль и практичность в одном флаконе. У компании Crocs фабрики обуви расположены в нескольких странах, например, в таких как Китай, Индонезия, Вьетнам и Босния. Технология производства на всех фабриках одинаковая.",Здравствуйте. Узнать условия возврата можно в личном кабинете Wildberries в разделе "Возврат товара".,0
157904344,"ля...был 7000тр,теперь 9300тр, что там у вас за ценообразование, попытка заработать на 1 сентября","{'Пол': 'Мальчики', 'Дата окончания действия сертификата/декларации': '13.07.2027', 'Особенности модели': 'с подкладкой', 'Назначение': 'школа', 'Номер декларации соответствия': 'ЕАЭС N RU Д-VN.РА04.В.87437/22', 'Коллекция': 'Школа 2024', 'Рисунок': 'нет', 'Комплектация': 'брюки', 'Уход за вещами': 'химическая чистка разрешена', 'Вид застежки': 'пуговицы', 'Утеплитель': 'без утепления', 'Страна производства': 'Вьетнам', 'Сезон': 'круглогодичный', 'Цвет': 'темно-синий', 'Состав': 'полиэстер 70%', 'Фактура материала': 'текстильный', 'Декоративные элементы': 'клапаны', 'Покрой': 'полуприлегающий', 'Ставка НДС': '10', 'Дата регистрации сертификата/декларации': '19.07.2022', 'Тип ростовки': 'для среднего роста', 'Длина упаковки': '40 см', 'ТНВЭД': '6203120000', 'Высота упаковки': '8 см', 'Ширина упаковки': '60 см', 'Модель брюк': 'классические', 'Модель костюма': 'брючный', 'Тип карманов': 'прорезные'} {} Костюм школьный классический двойка. Костюм школьный классический двойка STENSER – это идеальное решение для тех, кто ценит качество и стиль. Этот костюм состоит из пиджака и брюк, выполненных из смеси полиэстера и вискозы, что обеспечивает долговечность и легкость ухода за изделием. Подкладка у пиджака создает дополнительный комфорт и защищает от перегрева. Приталенный силуэт подчеркивает фигуру и придает образу элегантность. Регулировка талии в поясе позволяет подогнать брюки под индивидуальные параметры ребенка, а фиксация пояса на внутренний крючок гарантирует надежную посадку. Низ брюк подшит репсовой лентой, что придает им аккуратный вид и предотвращает деформацию. Застежка на пуговицу и молнию делает процесс надевания и снятия брюк быстрым и простым. Универсальный дизайн позволяет использовать костюм не только в школе, но и на различных формальных мероприятиях, а также в повседневной жизни. Благодаря своей сезонности, костюм станет незаменимым элементом гардероба вашего ребенка круглый год.","Благодарим Вас за обратную связь. Политика нашего ценообразования — продавать свои изделия по минимальной цене. Цена регулярно обновляется в зависимости от участия товара в акциях и скидках. Рекомендуем Вам добавлять интересующее Вас изделие в желаемое, система уведомит Вас о появлении скидок или снижении цены.",0
2901724,Добрый день! В какой упаковке доставляется дезодорант?,"{'ТНВЭД': '3307200000', 'Форма упаковки': 'без давления', 'Раздел меню': 'красота', 'Назначение косметического средства': 'для ванн и душа', 'Длина упаковки': '4 см', 'Дата регистрации сертификата/декларации': '12.05.2020', 'Комплектация': 'Антиперспирант', 'Страна производства': 'Россия', 'Состав': 'Вода,хлоргидрат алюминия,стеарет-2,масло семян подсолнечника,отдушка,стеарет-20', 'Дата окончания действия сертификата/декларации': '11.05.2025', 'Ставка НДС': '20', 'Ширина упаковки': '4 см', 'Высота упаковки': '11 см', 'Прямые поставки от производителя': 'да', 'Номер декларации соответствия': 'ЕАЭС N RU Д-RU.СП28.В.09631/20', 'Срок годности': '24 месяца', 'Назначение дезодоранта': 'женский', 'Объем товара': '50 мл', 'Тип дезодоранта': 'шариковый', 'Упаковка': 'флакон'}  Антиперспирант шариковый Сухость пудры 50 мл. Rexona никогда не подводила, Рексона никогда не подведет. Дезодорант женский шариковый Рексона Сухость пудры - это эффективное средство для личной гигиены, которое обеспечивает коже подмышек оптимальный уход. Освежающий дезодорант-антиперспирант женский с нежным ароматом обеспечивает защиту от запаха пота на 72 часа*. Рексона дезодорант женский разработан на основе технологии со специальными** микрочастицами. Революционная** микротехнология со специальными** микрочастицами активируется в момент выделения пота и при движении, сохраняя свежесть в течение всего дня. Дезик женский шариковый Сухость пудры содержит особые** микрокапсулы, которые раскрываются при каждом' твоем движении, сохраняя ощущение свежести с утра до вечера. Шариковый дезодорант женский имеет приятный аромат. Нежный пудровый запах понравится каждой женщине. Роликовый дезодорант женский не требует повторного нанесения в течение дня. Антиперспирант женский шариковый Рексона - это надежная защита от пота и запаха на 72 часа*. Дезодорант женский антиперспирант дерматологически протестирован и подходит для ежедневного применения. Пудровый аромат приятен при нанесении. Дезодорант от запаха пота Рексона Сухость пудры - это то, что нужно для вашего комфорта и уверенности в себе! Объем средства - 50 мл. Формат - дезодорант шариковый. Дезодорант роликовый женский - это практичный подарок для девушек, женщин на любой праздник и просто так, без повода. Дезодорант Рексона женский против неприятного запаха пота можно купить жене, маме или подруге. Рексона - это эффективная защита, привлекательная упаковка, доступная цена и разнообразие ароматов. Регулярное использование средств от бренда Рексона позволяет оставаться уверенной в себе даже в стрессовых ситуациях. Продукция бренда Рексона никогда не подведет! *72 ч уверенности в защите - хот рум тест, Юнилевер, 2019. КЛИНИЧЕСКИ ПОДТВЕРЖДЕНО, **в портфеле ООО Юнилевер Русь,кроме Рексона Клиникал, 'сопровождаемым трением руки о тело в зоне подмышки",Отклонён,0
2025389,Когда будет адекватная цена?),"{'Страна производства': 'Бельгия', 'Тип краски': 'полустойкая', 'Форма упаковки': 'без давления', 'Упаковка': 'коробка', 'Назначение косметического средства': 'для волос', 'Цвет': 'какао', 'Длина упаковки': '8 см', 'Особенности краски для волос': 'безаммиачная', 'Дата окончания действия сертификата/декларации': '27.05.2026', 'Дата регистрации сертификата/декларации': '28.05.2021', 'Ширина упаковки': '9 см', 'Вес товара с упаковкой (г)': '239 г', 'Высота упаковки': '17 см', 'Тон краски для волос': '412, Какао со льдом', 'Номер декларации соответствия': 'ЕАЭС N RU Д-BE.РА01.В.97110/21', 'Объем товара': '180 мл', 'Состав': 'вода', 'Комплектация': ""краска-уход для волос L'Oreal Paris (Лореаль Париж) - 1 шт"", 'Прямые поставки от производителя': 'да', 'Срок годности': '36 месяцев', 'Раздел меню': 'Окрашивание волос и химическая завивка'}  Краска для волос Casting Creme Gloss. Окрашивание волос превращается в настоящую процедуру ухода, сравнимую с оздоровлением волос в салоне красоты. Уникальный состав стойкой краски-ухода для волос CASTING CREME GLOSS от L'Oreal Paris (Лореаль Париж) без аммиака во время окрашивания защищает структуру волос от повреждения, одновременно ухаживая и разглаживая их по всей длине. Сохранить и усилить эффект шелковых блестящих волос после окрашивания позволит использование Нового бальзама для волос с Медом, который придает Вашим волосам мягкость, блеск и шелковистость. В состав упаковки входит: красящий крем без аммиака (48мл), тюбик с проявляющим молочком (72мл), флакон с бальзамом для волос с Медом (60мл), пара перчаток, инструкция по применению. Краска для волос Casting Creme Gloss от Лореаль легка в использовании, благодаря наличию специального флакона-аппликатора, нанесение краски становится точным и простым. Полная информация о процедуре окрашивания содержится в инструкции. Соблазнительный цвет и блеск. Стойкий цвет. Закрашивание седых волос. Ухаживает за волосами во время окрашивания. Без аммиака.","Добрый день! Рекомендуем добавить бренд L`Oreal Paris в избранное, чтобы не пропускать скидки и новинки. Желаем хорошего дня!",0
2025389,почему такая бешеннная цена стала????,"{'Страна производства': 'Бельгия', 'Тип краски': 'полустойкая', 'Форма упаковки': 'без давления', 'Упаковка': 'коробка', 'Назначение косметического средства': 'для волос', 'Цвет': 'какао', 'Длина упаковки': '8 см', 'Особенности краски для волос': 'безаммиачная', 'Дата окончания действия сертификата/декларации': '27.05.2026', 'Дата регистрации сертификата/декларации': '28.05.2021', 'Ширина упаковки': '9 см', 'Вес товара с упаковкой (г)': '239 г', 'Высота упаковки': '17 см', 'Тон краски для волос': '412, Какао со льдом', 'Номер декларации соответствия': 'ЕАЭС N RU Д-BE.РА01.В.97110/21', 'Объем товара': '180 мл', 'Состав': 'вода', 'Комплектация': ""краска-уход для волос L'Oreal Paris (Лореаль Париж) - 1 шт"", 'Прямые поставки от производителя': 'да', 'Срок годности': '36 месяцев', 'Раздел меню': 'Окрашивание волос и химическая завивка'}  Краска для волос Casting Creme Gloss. Окрашивание волос превращается в настоящую процедуру ухода, сравнимую с оздоровлением волос в салоне красоты. Уникальный состав стойкой краски-ухода для волос CASTING CREME GLOSS от L'Oreal Paris (Лореаль Париж) без аммиака во время окрашивания защищает структуру волос от повреждения, одновременно ухаживая и разглаживая их по всей длине. Сохранить и усилить эффект шелковых блестящих волос после окрашивания позволит использование Нового бальзама для волос с Медом, который придает Вашим волосам мягкость, блеск и шелковистость. В состав упаковки входит: красящий крем без аммиака (48мл), тюбик с проявляющим молочком (72мл), флакон с бальзамом для волос с Медом (60мл), пара перчаток, инструкция по применению. Краска для волос Casting Creme Gloss от Лореаль легка в использовании, благодаря наличию специального флакона-аппликатора, нанесение краски становится точным и простым. Полная информация о процедуре окрашивания содержится в инструкции. Соблазнительный цвет и блеск. Стойкий цвет. Закрашивание седых волос. Ухаживает за волосами во время окрашивания. Без аммиака.","Добрый день! Благодарим Вас за обращение. У нас нет технической возможности влиять на стоимость продукции. Чтобы следить за стоимостью товара было удобнее, добавьте ""Любимые продукты"" в избранное. Желаем приятного шопинга!",0
2025395,"Ээээ, Вы чего ? Цена с апреля увеличилась больше чем в 2 раза …","{'Объем товара': '180 мл', 'Срок годности': '36 месяцев', 'Дата регистрации сертификата/декларации': '28.05.2021', 'Номер декларации соответствия': 'ЕАЭС N RU Д-BE.РА01.В.97110/21', 'Вес товара с упаковкой (г)': '239 г', 'Раздел меню': 'Окрашивание волос и химическая завивка', 'Ширина упаковки': '9 см', 'Прямые поставки от производителя': 'да', 'Длина упаковки': '8 см', 'Высота упаковки': '17 см', 'Состав': 'вода', 'Страна производства': 'Бельгия', 'Тон краски для волос': '200, Черный кофе', 'Упаковка': 'коробка', 'Особенности краски для волос': 'безаммиачная', 'Дата окончания действия сертификата/декларации': '27.05.2026', 'Форма упаковки': 'без давления', 'Назначение косметического средства': 'для волос', 'Тип краски': 'полустойкая', 'Комплектация': ""краска-уход для волос L'Oreal Paris (Лореаль Париж) - 1 шт"", 'Цвет': 'кофейный'}  Краска для волос Casting Creme Gloss. Окрашивание волос превращается в настоящую процедуру ухода, сравнимую с оздоровлением волос в салоне красоты. Уникальный состав стойкой краски-ухода для волос CASTING CREME GLOSS от L'Oreal Paris (Лореаль Париж) без аммиака во время окрашивания защищает структуру волос от повреждения, одновременно ухаживая и разглаживая их по всей длине. Сохранить и усилить эффект шелковых блестящих волос после окрашивания позволит использование Нового бальзама для волос с Медом, который придает Вашим волосам мягкость, блеск и шелковистость. В состав упаковки входит: красящий крем без аммиака (48мл), тюбик с проявляющим молочком (72мл), флакон с бальзамом для волос с Медом (60мл), пара перчаток, инструкция по применению. Краска для волос Casting Creme Gloss от Лореаль легка в использовании, благодаря наличию специального флакона-аппликатора, нанесение краски становится точным и простым. Полная информация о процедуре окрашивания содержится в инструкции. Соблазнительный цвет и блеск. Стойкий цвет. Закрашивание седых волос. Ухаживает за волосами во время окрашивания. Без аммиака.","Добрый день! Благодарим за обращение. Добавляйте бренд в избранное, чтобы следить за скидками и пополнением ассортимента. С уважением, бренд L`Oreal Paris.",0
2025395,"Здравствуйте! В связи с чем так выросла цена краски? Раннее покупала 200-300 р, сейчас цена начинается от 600 и выше ??","{'Объем товара': '180 мл', 'Срок годности': '36 месяцев', 'Дата регистрации сертификата/декларации': '28.05.2021', 'Номер декларации соответствия': 'ЕАЭС N RU Д-BE.РА01.В.97110/21', 'Вес товара с упаковкой (г)': '239 г', 'Раздел меню': 'Окрашивание волос и химическая завивка', 'Ширина упаковки': '9 см', 'Прямые поставки от производителя': 'да', 'Длина упаковки': '8 см', 'Высота упаковки': '17 см', 'Состав': 'вода', 'Страна производства': 'Бельгия', 'Тон краски для волос': '200, Черный кофе', 'Упаковка': 'коробка', 'Особенности краски для волос': 'безаммиачная', 'Дата окончания действия сертификата/декларации': '27.05.2026', 'Форма упаковки': 'без давления', 'Назначение косметического средства': 'для волос', 'Тип краски': 'полустойкая', 'Комплектация': ""краска-уход для волос L'Oreal Paris (Лореаль Париж) - 1 шт"", 'Цвет': 'кофейный'}  Краска для волос Casting Creme Gloss. Окрашивание волос превращается в настоящую процедуру ухода, сравнимую с оздоровлением волос в салоне красоты. Уникальный состав стойкой краски-ухода для волос CASTING CREME GLOSS от L'Oreal Paris (Лореаль Париж) без аммиака во время окрашивания защищает структуру волос от повреждения, одновременно ухаживая и разглаживая их по всей длине. Сохранить и усилить эффект шелковых блестящих волос после окрашивания позволит использование Нового бальзама для волос с Медом, который придает Вашим волосам мягкость, блеск и шелковистость. В состав упаковки входит: красящий крем без аммиака (48мл), тюбик с проявляющим молочком (72мл), флакон с бальзамом для волос с Медом (60мл), пара перчаток, инструкция по применению. Краска для волос Casting Creme Gloss от Лореаль легка в использовании, благодаря наличию специального флакона-аппликатора, нанесение краски становится точным и простым. Полная информация о процедуре окрашивания содержится в инструкции. Соблазнительный цвет и блеск. Стойкий цвет. Закрашивание седых волос. Ухаживает за волосами во время окрашивания. Без аммиака.","Добрый день! Благодарим за внимание к бренду  L`Oreal Paris. Чтобы следить за стоимостью товара было удобнее, добавьте ""Любимые продукты"" в избранное. Желаем хорошего дня!",0
138255974,"повторяю вопрос:Почему цена при доставке 3330 руб, а на сайте 3129 руб.","{'Пол': 'Женский', 'Ставка НДС': 'Без НДС', 'Тип карманов': 'с отрезным бочком', 'Утеплитель': 'без', 'Покрой': 'полуприталенный', 'Уход за вещами': 'бережная стирка при 30 градусах', 'Комплектация': 'Толстовка 1шт, брюки 1шт', 'Назначение': 'домашняя одежда', 'Страна производства': 'Россия', 'Сезон': 'круглогодичный', 'Состав': 'хлопок 70% ПЭ 22% лайкра 8%', 'Рисунок': 'абстракция', 'Дата окончания действия сертификата/декларации': '25.12.2025', 'Фактура материала': 'трикотажный', 'Номер декларации соответствия': 'ЕАЭС N RU Д-RU.РА02.В.05628/24', 'Длина упаковки': '38 см', 'Модель брюк': 'прямые', 'Параметры модели на фото (ОГ-ОТ-ОБ)': '85-65-95', 'Рост модели на фото': '165 см', 'Длина изделия верх': '65 см', 'Ширина упаковки': '32 см', 'ТНВЭД': '6112190000', 'Вид застежки': 'молния', 'Высота упаковки': '8 см', 'Модель костюма': 'брючный', 'Спортивное назначение': 'фитнес', 'Особенности модели': 'боковые карманы в толстовке и брюках', 'Дата регистрации сертификата/декларации': '20.02.2024', 'Коллекция': 'повседневная', 'Тип ростовки': 'для высоких', 'Декоративные элементы': 'молния', 'Тип рукава': 'длинные', 'Цвет': 'розовый', 'Длина изделия низ': '80 см'} {'Российский размер 60': 'Обхват бедер, в см 124-128, Обхват груди, в см 118-122, Обхват талии, в см 106-110', 'Российский размер 44': 'Обхват бедер, в см 94-98, Обхват груди, в см 86-90, Обхват талии, в см 66-70', 'Российский размер 46': 'Обхват бедер, в см 98-102, Обхват груди, в см 90-94, Обхват талии, в см 70-74', 'Российский размер 50': 'Обхват бедер, в см 106-110, Обхват груди, в см 98-102, Обхват талии, в см 78-82', 'Российский размер 54': 'Обхват бедер, в см 114-118, Обхват груди, в см 106-110, Обхват талии, в см 86-90', 'Российский размер 56': 'Обхват бедер, в см 116-120, Обхват груди, в см 110-114, Обхват талии, в см 98-102', 'Российский размер 58': 'Обхват бедер, в см 122-126, Обхват груди, в см 114-118, Обхват талии, в см 94-98', 'Российский размер 62': 'Обхват бедер, в см 128-132, Обхват груди, в см 122-126, Обхват талии, в см 110-114', 'Российский размер 48': 'Обхват бедер, в см 102-106, Обхват груди, в см 94-98, Обхват талии, в см 74-78', 'Российский размер 52': 'Обхват бедер, в см 110-114, Обхват груди, в см 102-106, Обхват талии, в см 82-86'} Спортивный костюм на молнии с большими размерами. Женский спортивный трикотажный брючный костюм из футера. Подходит на невысокий и высокий рост от 164 до 173 см. Длина брюк по шаговому шву (между ног) в .48. -80 см, в р.56-79см. в 62-78см. Костюм без начеса и без подкладки. Полная комплектация - женская толстовка (олимпийка мастерка женская куртка) и спортивные брюки прямые с высокой посадкой. Удобная толстовка на молнии с двумя карманами и длинными рукавами, длина до середины бедра. Воротник - стойка с фиксирующим шнурком. По низу олимпийки кулиска с регулируемым шнурком. Размерный ряд трикотажного спортивного костюма достаточно широкий от маленького размера до большого. , Костюм идеально подходит для занятий спортом - волейбол, баскетбол, фитнес, йога, танцы, легкая и тяжелая атлетика, для тренажерного зала, в качестве домашнего костюма и повседневной одежды, для активного отдыха и туризма, для физкультуры. На протяжении нескольких лет классический спортивный костюм является лидером продаж. ХИТ всех сезонов. Женщины и девушки разных возрастов любят костюм за дизайн, идеальную посадку, удобство и комфорт и за приемлемую цену. Костюм больших размеров может стать идеальным подарком женщинам и девушкам на любой праздник. Отличный подарок бабушке маме сестре подруге жене теще свекрови дочери. Порадуйте себя и своих близких одеждой бренда DIANIDA, производителя домашней спортивной и повседневной одежды.",Отклонён,0
138255974,"верните деньги взяли больше чем я заказывала 2.997 ,а взяли 3.330.","{'Пол': 'Женский', 'Ставка НДС': 'Без НДС', 'Тип карманов': 'с отрезным бочком', 'Утеплитель': 'без', 'Покрой': 'полуприталенный', 'Уход за вещами': 'бережная стирка при 30 градусах', 'Комплектация': 'Толстовка 1шт, брюки 1шт', 'Назначение': 'домашняя одежда', 'Страна производства': 'Россия', 'Сезон': 'круглогодичный', 'Состав': 'хлопок 70% ПЭ 22% лайкра 8%', 'Рисунок': 'абстракция', 'Дата окончания действия сертификата/декларации': '25.12.2025', 'Фактура материала': 'трикотажный', 'Номер декларации соответствия': 'ЕАЭС N RU Д-RU.РА02.В.05628/24', 'Длина упаковки': '38 см', 'Модель брюк': 'прямые', 'Параметры модели на фото (ОГ-ОТ-ОБ)': '85-65-95', 'Рост модели на фото': '165 см', 'Длина изделия верх': '65 см', 'Ширина упаковки': '32 см', 'ТНВЭД': '6112190000', 'Вид застежки': 'молния', 'Высота упаковки': '8 см', 'Модель костюма': 'брючный', 'Спортивное назначение': 'фитнес', 'Особенности модели': 'боковые карманы в толстовке и брюках', 'Дата регистрации сертификата/декларации': '20.02.2024', 'Коллекция': 'повседневная', 'Тип ростовки': 'для высоких', 'Декоративные элементы': 'молния', 'Тип рукава': 'длинные', 'Цвет': 'розовый', 'Длина изделия низ': '80 см'} {'Российский размер 60': 'Обхват бедер, в см 124-128, Обхват груди, в см 118-122, Обхват талии, в см 106-110', 'Российский размер 44': 'Обхват бедер, в см 94-98, Обхват груди, в см 86-90, Обхват талии, в см 66-70', 'Российский размер 46': 'Обхват бедер, в см 98-102, Обхват груди, в см 90-94, Обхват талии, в см 70-74', 'Российский размер 50': 'Обхват бедер, в см 106-110, Обхват груди, в см 98-102, Обхват талии, в см 78-82', 'Российский размер 54': 'Обхват бедер, в см 114-118, Обхват груди, в см 106-110, Обхват талии, в см 86-90', 'Российский размер 56': 'Обхват бедер, в см 116-120, Обхват груди, в см 110-114, Обхват талии, в см 98-102', 'Российский размер 58': 'Обхват бедер, в см 122-126, Обхват груди, в см 114-118, Обхват талии, в см 94-98', 'Российский размер 62': 'Обхват бедер, в см 128-132, Обхват груди, в см 122-126, Обхват талии, в см 110-114', 'Российский размер 48': 'Обхват бедер, в см 102-106, Обхват груди, в см 94-98, Обхват талии, в см 74-78', 'Российский размер 52': 'Обхват бедер, в см 110-114, Обхват груди, в см 102-106, Обхват талии, в см 82-86'} Спортивный костюм на молнии с большими размерами. Женский спортивный трикотажный брючный костюм из футера. Подходит на невысокий и высокий рост от 164 до 173 см. Длина брюк по шаговому шву (между ног) в .48. -80 см, в р.56-79см. в 62-78см. Костюм без начеса и без подкладки. Полная комплектация - женская толстовка (олимпийка мастерка женская куртка) и спортивные брюки прямые с высокой посадкой. Удобная толстовка на молнии с двумя карманами и длинными рукавами, длина до середины бедра. Воротник - стойка с фиксирующим шнурком. По низу олимпийки кулиска с регулируемым шнурком. Размерный ряд трикотажного спортивного костюма достаточно широкий от маленького размера до большого. , Костюм идеально подходит для занятий спортом - волейбол, баскетбол, фитнес, йога, танцы, легкая и тяжелая атлетика, для тренажерного зала, в качестве домашнего костюма и повседневной одежды, для активного отдыха и туризма, для физкультуры. На протяжении нескольких лет классический спортивный костюм является лидером продаж. ХИТ всех сезонов. Женщины и девушки разных возрастов любят костюм за дизайн, идеальную посадку, удобство и комфорт и за приемлемую цену. Костюм больших размеров может стать идеальным подарком женщинам и девушкам на любой праздник. Отличный подарок бабушке маме сестре подруге жене теще свекрови дочери. Порадуйте себя и своих близких одеждой бренда DIANIDA, производителя домашней спортивной и повседневной одежды.","Добрый день. Цена должна быть зафиксирована на момент оформления заказа. Напишите через личный кабинет в поддержку ВБ для разъяснения ситуации с оплатой. В данном чате , мы может отвечать только по вопросам характеристики товара.",0
138255974,Здравствуйте! Ожидается ли поступление костюма арт. 138255974 размер 46?,"{'Пол': 'Женский', 'Ставка НДС': 'Без НДС', 'Тип карманов': 'с отрезным бочком', 'Утеплитель': 'без', 'Покрой': 'полуприталенный', 'Уход за вещами': 'бережная стирка при 30 градусах', 'Комплектация': 'Толстовка 1шт, брюки 1шт', 'Назначение': 'домашняя одежда', 'Страна производства': 'Россия', 'Сезон': 'круглогодичный', 'Состав': 'хлопок 70% ПЭ 22% лайкра 8%', 'Рисунок': 'абстракция', 'Дата окончания действия сертификата/декларации': '25.12.2025', 'Фактура материала': 'трикотажный', 'Номер декларации соответствия': 'ЕАЭС N RU Д-RU.РА02.В.05628/24', 'Длина упаковки': '38 см', 'Модель брюк': 'прямые', 'Параметры модели на фото (ОГ-ОТ-ОБ)': '85-65-95', 'Рост модели на фото': '165 см', 'Длина изделия верх': '65 см', 'Ширина упаковки': '32 см', 'ТНВЭД': '6112190000', 'Вид застежки': 'молния', 'Высота упаковки': '8 см', 'Модель костюма': 'брючный', 'Спортивное назначение': 'фитнес', 'Особенности модели': 'боковые карманы в толстовке и брюках', 'Дата регистрации сертификата/декларации': '20.02.2024', 'Коллекция': 'повседневная', 'Тип ростовки': 'для высоких', 'Декоративные элементы': 'молния', 'Тип рукава': 'длинные', 'Цвет': 'розовый', 'Длина изделия низ': '80 см'} {'Российский размер 60': 'Обхват бедер, в см 124-128, Обхват груди, в см 118-122, Обхват талии, в см 106-110', 'Российский размер 44': 'Обхват бедер, в см 94-98, Обхват груди, в см 86-90, Обхват талии, в см 66-70', 'Российский размер 46': 'Обхват бедер, в см 98-102, Обхват груди, в см 90-94, Обхват талии, в см 70-74', 'Российский размер 50': 'Обхват бедер, в см 106-110, Обхват груди, в см 98-102, Обхват талии, в см 78-82', 'Российский размер 54': 'Обхват бедер, в см 114-118, Обхват груди, в см 106-110, Обхват талии, в см 86-90', 'Российский размер 56': 'Обхват бедер, в см 116-120, Обхват груди, в см 110-114, Обхват талии, в см 98-102', 'Российский размер 58': 'Обхват бедер, в см 122-126, Обхват груди, в см 114-118, Обхват талии, в см 94-98', 'Российский размер 62': 'Обхват бедер, в см 128-132, Обхват груди, в см 122-126, Обхват талии, в см 110-114', 'Российский размер 48': 'Обхват бедер, в см 102-106, Обхват груди, в см 94-98, Обхват талии, в см 74-78', 'Российский размер 52': 'Обхват бедер, в см 110-114, Обхват груди, в см 102-106, Обхват талии, в см 82-86'} Спортивный костюм на молнии с большими размерами. Женский спортивный трикотажный брючный костюм из футера. Подходит на невысокий и высокий рост от 164 до 173 см. Длина брюк по шаговому шву (между ног) в .48. -80 см, в р.56-79см. в 62-78см. Костюм без начеса и без подкладки. Полная комплектация - женская толстовка (олимпийка мастерка женская куртка) и спортивные брюки прямые с высокой посадкой. Удобная толстовка на молнии с двумя карманами и длинными рукавами, длина до середины бедра. Воротник - стойка с фиксирующим шнурком. По низу олимпийки кулиска с регулируемым шнурком. Размерный ряд трикотажного спортивного костюма достаточно широкий от маленького размера до большого. , Костюм идеально подходит для занятий спортом - волейбол, баскетбол, фитнес, йога, танцы, легкая и тяжелая атлетика, для тренажерного зала, в качестве домашнего костюма и повседневной одежды, для активного отдыха и туризма, для физкультуры. На протяжении нескольких лет классический спортивный костюм является лидером продаж. ХИТ всех сезонов. Женщины и девушки разных возрастов любят костюм за дизайн, идеальную посадку, удобство и комфорт и за приемлемую цену. Костюм больших размеров может стать идеальным подарком женщинам и девушкам на любой праздник. Отличный подарок бабушке маме сестре подруге жене теще свекрови дочери. Порадуйте себя и своих близких одеждой бренда DIANIDA, производителя домашней спортивной и повседневной одежды.",Добрый день. Ожидаем поступления в ближайшее время на склад ВБ.,0
138255974,"здравствуйте,выкупила костюм но заказывала я его дешевле намного  почему вдруг когда я его заберала вдруг выросла цена причём на приличную сумму забрала я его за 3. 330 руб  при заказе 2.999. с ,чего вдруг хотелось бы вернуть разницу","{'Пол': 'Женский', 'Ставка НДС': 'Без НДС', 'Тип карманов': 'с отрезным бочком', 'Утеплитель': 'без', 'Покрой': 'полуприталенный', 'Уход за вещами': 'бережная стирка при 30 градусах', 'Комплектация': 'Толстовка 1шт, брюки 1шт', 'Назначение': 'домашняя одежда', 'Страна производства': 'Россия', 'Сезон': 'круглогодичный', 'Состав': 'хлопок 70% ПЭ 22% лайкра 8%', 'Рисунок': 'абстракция', 'Дата окончания действия сертификата/декларации': '25.12.2025', 'Фактура материала': 'трикотажный', 'Номер декларации соответствия': 'ЕАЭС N RU Д-RU.РА02.В.05628/24', 'Длина упаковки': '38 см', 'Модель брюк': 'прямые', 'Параметры модели на фото (ОГ-ОТ-ОБ)': '85-65-95', 'Рост модели на фото': '165 см', 'Длина изделия верх': '65 см', 'Ширина упаковки': '32 см', 'ТНВЭД': '6112190000', 'Вид застежки': 'молния', 'Высота упаковки': '8 см', 'Модель костюма': 'брючный', 'Спортивное назначение': 'фитнес', 'Особенности модели': 'боковые карманы в толстовке и брюках', 'Дата регистрации сертификата/декларации': '20.02.2024', 'Коллекция': 'повседневная', 'Тип ростовки': 'для высоких', 'Декоративные элементы': 'молния', 'Тип рукава': 'длинные', 'Цвет': 'розовый', 'Длина изделия низ': '80 см'} {'Российский размер 60': 'Обхват бедер, в см 124-128, Обхват груди, в см 118-122, Обхват талии, в см 106-110', 'Российский размер 44': 'Обхват бедер, в см 94-98, Обхват груди, в см 86-90, Обхват талии, в см 66-70', 'Российский размер 46': 'Обхват бедер, в см 98-102, Обхват груди, в см 90-94, Обхват талии, в см 70-74', 'Российский размер 50': 'Обхват бедер, в см 106-110, Обхват груди, в см 98-102, Обхват талии, в см 78-82', 'Российский размер 54': 'Обхват бедер, в см 114-118, Обхват груди, в см 106-110, Обхват талии, в см 86-90', 'Российский размер 56': 'Обхват бедер, в см 116-120, Обхват груди, в см 110-114, Обхват талии, в см 98-102', 'Российский размер 58': 'Обхват бедер, в см 122-126, Обхват груди, в см 114-118, Обхват талии, в см 94-98', 'Российский размер 62': 'Обхват бедер, в см 128-132, Обхват груди, в см 122-126, Обхват талии, в см 110-114', 'Российский размер 48': 'Обхват бедер, в см 102-106, Обхват груди, в см 94-98, Обхват талии, в см 74-78', 'Российский размер 52': 'Обхват бедер, в см 110-114, Обхват груди, в см 102-106, Обхват талии, в см 82-86'} Спортивный костюм на молнии с большими размерами. Женский спортивный трикотажный брючный костюм из футера. Подходит на невысокий и высокий рост от 164 до 173 см. Длина брюк по шаговому шву (между ног) в .48. -80 см, в р.56-79см. в 62-78см. Костюм без начеса и без подкладки. Полная комплектация - женская толстовка (олимпийка мастерка женская куртка) и спортивные брюки прямые с высокой посадкой. Удобная толстовка на молнии с двумя карманами и длинными рукавами, длина до середины бедра. Воротник - стойка с фиксирующим шнурком. По низу олимпийки кулиска с регулируемым шнурком. Размерный ряд трикотажного спортивного костюма достаточно широкий от маленького размера до большого. , Костюм идеально подходит для занятий спортом - волейбол, баскетбол, фитнес, йога, танцы, легкая и тяжелая атлетика, для тренажерного зала, в качестве домашнего костюма и повседневной одежды, для активного отдыха и туризма, для физкультуры. На протяжении нескольких лет классический спортивный костюм является лидером продаж. ХИТ всех сезонов. Женщины и девушки разных возрастов любят костюм за дизайн, идеальную посадку, удобство и комфорт и за приемлемую цену. Костюм больших размеров может стать идеальным подарком женщинам и девушкам на любой праздник. Отличный подарок бабушке маме сестре подруге жене теще свекрови дочери. Порадуйте себя и своих близких одеждой бренда DIANIDA, производителя домашней спортивной и повседневной одежды.","Добрый день.  Цена должна быть зафиксирована на момент оформления заказа. Напишите  через личный кабинет в поддержку ВБ для разъяснения ситуации с оплатой.  В данном чате , мы может отвечать только  по вопросам характеристики товара.",0
2026283,"цена поднимается не подням, а по часам","{'Назначение косметического средства': 'для волос', 'Особенности краски для волос': 'аммиачная', 'Дата регистрации сертификата/декларации': '23.08.2022', 'Комплектация': 'стойкая крем - краска для волос Garnier (Гарньер) - 1 шт', 'Состав': 'вода', 'Страна производства': 'Россия', 'Высота упаковки': '16 см', 'Номер сертификата соответствия': 'RU.77.99.29.001.R.002838.08.22', 'Раздел меню': 'Окрашивание волос и химическая завивка', 'Упаковка': 'флакон', 'Вес товара с упаковкой (г)': '148 г', 'Тип краски': 'перманентная', 'Длина упаковки': '5 см', 'Срок годности': '36 месяцев', 'Ширина упаковки': '7 см', 'Объем товара': '112 мл', 'Дата окончания действия сертификата/декларации': '31.12.2099', 'Цвет': 'темно-каштановый', 'Прямые поставки от производителя': 'да', 'Форма упаковки': 'без давления', 'Тон краски для волос': '3, Темный Каштан'}  Стойкая крем-краска для волос Color Naturals. Кремовая формула стойкой питательной крем-краски для волос Color Naturals Creme от Garnier (Гарньер) проникает глубоко внутрь волоса, питает его во время окрашивания и наполняет насыщенным цветом. Цвет сохраняется до 8 недель. Обеспечивает 100% закрашивание седины. Упаковка содержит: 1 флакон с молочком-проявителем (60 мл); 1 тюбик с крем-краской (40 мл); 1 бальзам-уход, обогащенный 5 маслами (12 мл); 1 инструкция и 1 пара перчаток. СПОСОБ ПРИМЕНЕНИЯ: 1. Наденьте защитные перчатки, входящие в состав набора. Выдавите молочко-проявитель и крем-краску в неметаллическую миску. 2. Смешайте с помощью кисти, нанесите полученную смесь на корни волос, потом распределите по всей длине. Выдержите 25-35 минут, тщательно ополосните водой. 3. Нанесите бальзам-уход на несколько минут, а затем смойте. Волосы шелковистые и мягкие на ощупь. В 4 раза волосы сильнее благодаря восстанавливающему бальзам-уходу с 5 маслами натурального происхождения: авокадо, оливы, ши, клюквы и арганы. Шелковистые, блестящие волосы. Глубокое питание, насыщенный цвет.","Добрый день! Чтобы следить за стоимостью товара было удобнее, добавьте ""Любимые продукты"" в избранное. Желаем приятного шопинга!",0
2025362,Будет ли тушь дешевле ? Куда такая цена,"{'Действие': 'удлинение ресниц', 'Цвет': 'черный', 'Состав': 'вода', 'Ширина упаковки': '2 см', 'Номер декларации соответствия': 'ЕАЭС N RU Д-FR.РА03.В.42503/22', 'Назначение косметического средства': 'для глаз', 'Форма упаковки': 'без давления', 'Дата окончания действия сертификата/декларации': '03.05.2027', 'Объем товара': '8 мл', 'Раздел меню': 'Красота / для макияжа', 'Срок годности': '36 месяцев', 'Прямые поставки от производителя': 'да', 'Эффект туши': 'удлинение', 'Комплектация': ""тушь для ресниц L'Oreal Paris (Лореаль Париж) - 1 шт"", 'Страна производства': 'Италия', 'Длина упаковки': '2 см', 'Высота упаковки': '14 см', 'Вес товара с упаковкой (г)': '19 г', 'Тип щеточки': 'силиконовая', 'Упаковка': 'без упаковки', 'Дата регистрации сертификата/декларации': '04.05.2022'}  Удлиняющая тушь для ресниц Telescopic черная 8 мл. Легендарная тушь TELESCOPIC от L'Oreal Paris меняет представления о длине. Тушь для ресниц телескопик №1 среди удлиняющих тушей в России. Силиконовая щеточка-расческа разделяет и удлиняет ресницы до 60%. Формула черного и экстрачерного цветов обеспечивает беспрецедентно черное и угольно-черное покрытие соответственно. В состав формул тушей ТЕЛЕСКОПИК от Лореаль Париж входит пчелиный воск, молекулы которого придают объем и пластичность ресницам, а воск карнауба укрепляет ресницы и увеличивает стойкость туши. Тушь дарит ресницам насыщенный глубокий черный или экстрачерный цвет в зависимости от оттенка. Телескопическое удлинение и разделение ваших ресниц. Покоряй взглядом любую высоту, ведь ты этого достойна! Способ применения: Специальными зигзагообразными движениями нанесите тушь на ресницы, двигаясь от основания к кончикам ресниц, деликатно их вытягивая. Тушь можно наносить как в один, так и в два слоя для достижения дополнительного эффекта невероятно длинных ресниц.","Добрый день! Благодарим за обращение! Добавляйте бренд L`Oreal Paris в избранное, чтобы не пропустить информацию о скидках и акциях. Желаем хорошего дня!",0
2025362,как отменить заказ на тушь для ресниц,"{'Действие': 'удлинение ресниц', 'Цвет': 'черный', 'Состав': 'вода', 'Ширина упаковки': '2 см', 'Номер декларации соответствия': 'ЕАЭС N RU Д-FR.РА03.В.42503/22', 'Назначение косметического средства': 'для глаз', 'Форма упаковки': 'без давления', 'Дата окончания действия сертификата/декларации': '03.05.2027', 'Объем товара': '8 мл', 'Раздел меню': 'Красота / для макияжа', 'Срок годности': '36 месяцев', 'Прямые поставки от производителя': 'да', 'Эффект туши': 'удлинение', 'Комплектация': ""тушь для ресниц L'Oreal Paris (Лореаль Париж) - 1 шт"", 'Страна производства': 'Италия', 'Длина упаковки': '2 см', 'Высота упаковки': '14 см', 'Вес товара с упаковкой (г)': '19 г', 'Тип щеточки': 'силиконовая', 'Упаковка': 'без упаковки', 'Дата регистрации сертификата/декларации': '04.05.2022'}  Удлиняющая тушь для ресниц Telescopic черная 8 мл. Легендарная тушь TELESCOPIC от L'Oreal Paris меняет представления о длине. Тушь для ресниц телескопик №1 среди удлиняющих тушей в России. Силиконовая щеточка-расческа разделяет и удлиняет ресницы до 60%. Формула черного и экстрачерного цветов обеспечивает беспрецедентно черное и угольно-черное покрытие соответственно. В состав формул тушей ТЕЛЕСКОПИК от Лореаль Париж входит пчелиный воск, молекулы которого придают объем и пластичность ресницам, а воск карнауба укрепляет ресницы и увеличивает стойкость туши. Тушь дарит ресницам насыщенный глубокий черный или экстрачерный цвет в зависимости от оттенка. Телескопическое удлинение и разделение ваших ресниц. Покоряй взглядом любую высоту, ведь ты этого достойна! Способ применения: Специальными зигзагообразными движениями нанесите тушь на ресницы, двигаясь от основания к кончикам ресниц, деликатно их вытягивая. Тушь можно наносить как в один, так и в два слоя для достижения дополнительного эффекта невероятно длинных ресниц.",Добрый день! Для решения вашего вопроса рекомендуем обратиться в службу поддержки интернет-магазина. Отличного дня!,0
213098856,"скажите пожалуйста,а будет поступление размер 54 в клетку","{'Номер сертификата соответствия': 'ЕАЭС RU С-RU.АЯ52.В.00039/21', 'Ширина упаковки': '25 см', 'ТНВЭД': '6106100000', 'Дата окончания действия сертификата/декларации': '01.06.2026', 'Рост модели на фото': '173 см', 'Вид застежки': 'пуговицы', 'Комплектация': 'Блузка женская - 1 шт.', 'Назначение': 'офис', 'Дата регистрации сертификата/декларации': '02.06.2021', 'Покрой': 'полуприлегающий', 'Вырез горловины': 'фигурный', 'Особенности модели': 'дышащий материал', 'Пол': 'Женский', 'Страна производства': 'Россия', 'Размер на модели': '50', 'Параметры модели на фото (ОГ-ОТ-ОБ)': '100-74-109', 'Коллекция': 'Базовая коллекция', 'Цвет': 'белый', 'Высота упаковки': '3 см', 'Тип ростовки': 'для невысоких', 'Сезон': 'круглогодичный', 'Декоративные элементы': 'без элементов', 'Фактура материала': 'трикотажный', 'Длина упаковки': '35 см', 'Уход за вещами': 'стирка при t не более 30°C', 'Состав': 'хлопок 100%', 'Тип рукава': 'короткие'} {'Российский размер 48': 'Обхват бедер, в см 102-106, Обхват груди, в см 94-98, Обхват талии, в см 74-78', 'Российский размер 52': 'Обхват бедер, в см 110-114, Обхват груди, в см 102-106, Обхват талии, в см 82-86', 'Российский размер 56': 'Обхват бедер, в см 119-122, Обхват груди, в см 114-114, Обхват талии, в см 92-95', 'Российский размер 58': 'Обхват бедер, в см 122-126, Обхват груди, в см 114-118, Обхват талии, в см 94-98', 'Российский размер 60': 'Обхват бедер, в см 126-130, Обхват груди, в см 120-122, Обхват талии, в см 104-108', 'Российский размер 62': 'Обхват бедер, в см 132-134, Обхват груди, в см 124-126, Обхват талии, в см 106-108', 'Российский размер 50': 'Обхват бедер, в см 106-110, Обхват груди, в см 98-102, Обхват талии, в см 78-82', 'Российский размер 54': 'Обхват бедер, в см 114-118, Обхват груди, в см 106-110, Обхват талии, в см 86-90'} Блузка повседневная с коротким рукавом хлопок. Блузка женская больших размеров офисная выполнена из 100% хлопка, трикотажного полотна, плетения кулир. Блузка повседневная хлопковая средней длины, с фигурным вырезом горловины и застежкой на пуговицы. Благодаря своей универсальности Вы можете надеть ее на работу, в гости, на отдыхе, даче и даже дома. Блузка с коротким рукавом сочетается с брюками, джинсами, подходит для домашней и повседневной носки. Кроме этого блузка трикотажная с коротким рукавом может играть роль блузки на выход или блузки на работу. Также уникальный крой позволит Вам выбрать свой идеальный размер, который выделит все ваши достоинства. Такая блузка будет отличным подарком для девушки, жены, бабушки, мамы, дочки, подруги, коллеги на новый год, 8 марта, день рождения. Все товары бренда АЛТЕКС отшиты на собственном производстве в России. Благодаря отработанным лекалам и качественному пошиву наши изделия добротные и прекрасно сидят на любой фигуре!","Здравствуйте. В ближайшее время, поставок не планируется. С уважением, фабрика Алтекс.",0
3460397,С чем связано повышение стоимости кольца.,"{'Цвет': 'золотистый', 'Минимальный вес (г)': '1.48 г', 'Ширина упаковки': '9 см', 'Высота упаковки': '1 см', 'Вид кольца': 'классическое', 'Состав комплекта': 'кольцо', 'ТНВЭД': '7113190000', 'Комплектация': 'кольцо', 'Вставка': 'без вставки', 'Проба': '585', 'Страна производства': 'Россия', 'Пол': 'Женский', 'Покрытие': 'родий', 'Назначение подарка': 'любимой', 'Длина упаковки': '12 см', 'Повод': '8 марта', 'Состав ювелирного изделия': 'золото красное'}  Кольцо золотое 585 пробы ювелирное. Оригинальное, изящное кольцо от бренда SOKOLOV из красного золота 585 пробы с алмазной гранью - это лучший готовый подарок для взрослых женщин и девушек - подростков! Блестящее украшение необычной формы станет символом вечной любви и украсит руку невесты. Золотое колечко выполнено с использованием высококачественного металла, обладающего прочностью и долговечностью, чтобы служить вам долгие годы. Широкий ассортимент больших и маленьких размеров для разных пальцев взрослых женщин и молодых девушек. Модный дизайн золотого женского кольца, делают это ювелирное изделие идеальным выбором для современных леди. Вставки добавляют ему блеска: они прекрасно отражают свет при каждом движении руки. Грани подчеркивают их сияние и создают завораживающий эффект, который приковывает взгляды окружающих. Тонкое и стильное кольцо с камнем: станет незабываемым сюрпризом для девушки и будет прекрасным дополнением к ее вечернему образу. Подарите незабываемый момент на годовщину отношений, день рождения, выпускной дочке или юбилей. Изделие очень простое в уходе: можно просто протереть его тряпочкой из микрофибры. Изысканное и красивое ювелирное украшение с безупречным дизайном и великолепным блеском позволит создать незабываемый образ. Благодаря своей универсальности, подойдет как для повседневного образа в офис, так и для особых случаев. Вы сможете подчеркнуть свою индивидуальность и выразить настроение при носке необычного украшения. Сочетание изысканности и минимализма вызовет восхищенные взгляды окружающих. Высокое качество красного золота обеспечивает надежность и долговечность украшения, аамазная грань , благодаря своей яркой игре света, придает ему неповторимое сияние и привлекательность. Поставляется в комплекте с элегантной подарочной упаковкой, что делает его идеальным подарком для любого праздника. Изящное сочетание классического дизайна и современных трендов делает его непревзойденным ювелирным изделием. Кольцо обручальное 585 пробы благодаря трендовому дизайну станет неотъемлемой частью вашего образа и подчеркнет ваш неповторимый стиль. Вес товара в карточке является средним и может отличаться от веса аксессуара, который вы приобретаете в нашем магазине. Гарантия на брендовое ювелирное изделие составляет шесть месяцев со дня передачи товара потребителю. Произведено в России.","Добрый день! В интернет-магазине Wildberries работает динамическое ценообразование - гибкий подход к переоценке товаров, основанный на использовании различных стратегий и тактик ценообразования в зависимости от разнообразных событий, происходящих на рынке. Это значит, что фиксированная цена на товар отсутствует, а акции обновляются каждый день. При этом, акции могут быть на бренды, на конкретные категории товаров, на схожие по характеристикам товары и т.д.",0
3993500,как можно вернуть заказ,"{'Повод': 'день матери', 'Назначение посуды': 'для пикника', 'Дата регистрации сертификата/декларации': '20.06.2023', 'Диаметр корпуса': '8.6 см', 'Спортивное назначение': 'туризм', 'Упаковка': 'картонная коробка', 'Цвет': 'серебристый', 'Страна производства': 'Китай', 'Назначение подарка': 'маме', 'Диаметр горловины': '5.1 см', 'Высота упаковки': '9 см', 'Номер декларации соответствия': 'РОСС RU Д-CN.РА01.В.22544/23', 'Высота предмета': '31 см', 'Доп. опции термоса': 'Вакумный', 'Вес товара с упаковкой (г)': '619 г', 'Объем (л)': '1 л', 'Длина упаковки': '33 см', 'Ширина упаковки': '9 см', 'Комплектация': 'крышка', 'Вес товара без упаковки (г)': '517 г', 'Материал термоса': 'нержавеющая сталь', 'Дата окончания действия сертификата/декларации': '13.06.2026', 'Ставка НДС': '20'}  Термос для чая 1 литр 101-1000 Арктика в подарок мужу. Вакуумный термос с узким горлом 1 л, в котором удобно заваривать чай, травяной сбор или использовать для заваривания шиповника. Подходит для хранения кофе или чая с лимоном. Витамин С не разрушается при взаимодействии с нержавеющей сталью. Данный термос без кнопки, но у него есть каналы для налива напитка. Пробку не нужно полностью выкручивать, чтобы налить чай: достаточно пол-оборота. Мы считаем, что классическая глухая пробка надежнее и практичнее пробки с клапаном, так как чем проще механизм, тем дольше он служит. Такую пробку проще мыть, там нечему сломаться. При этом она надежно сохранит тепло и холод. 101-1000 компактный (вес - 528гр, высота - 30,4см) и без проблем поместится в рюкзак или дорожную сумку. Термос для воды сохраняет тепло и холод до 26 часов и подходит для спорта и активных видов отдыха. Станет верным помощником как термос для рыбалки или охоты. Наш термос настоящий помощник для мам. Термос можно наполнить горячей водой на ночь для разведения молочной смеси. Кормление малышей ночью станет по настоящему комфортным и удобным. Выполнен из долговечной пищевой нержавеющей стали 18/8 и пластика BPA free. Пластик не содержит бисфенола А и имеет маркировку PP5. Вся наша продукция сертифицирована в соответствии с ГОСТами. Наши материалы не влияют на вкусовые качества и запах напитков и еды. Безопасны при взаимодействии с горячими напитками и едой. Мы предоставляем гарантию 5 лет. Это значит, что вы можете поменять термос в течение 5 лет с момента покупки, если он не держит тепло заявленное время. Для этого необходимо связаться с нами через наш официальный сайт (ссылка есть на дне термоса). Также стоит с нами связаться, если при доставке пострадали или были утрачены комплектующие. Мы всегда готовы переотправить вам крышки-стаканчики, пробки и силиконовые уплотнители. Оригинальная идея для: подарок на новый год мужу, тайный Санта коллеге, 23 февраля, 8 марта. Гарантия на вакуум - 5 лет. На крышки и пробки - 3 месяца. термос Арктика тайный санта подарок","Добрый день! Есть несколько вариантов: 1. Можно отказаться от получения на ПВЗ; 2. Вернуть в течении 14 дней с момента получения через личный кабинет, если вы не пользовались и не тестировали термос 3. Обменять через нашу службу заботы в течении гарантийного срока - 5 лет, если вы столкнулись со случаем брака. Благодарим за обращение - всегда рады помочь! Ваша команда Арктики",0
3993500,В этот термос можно заливать газировку или минералку?,"{'Повод': 'день матери', 'Назначение посуды': 'для пикника', 'Дата регистрации сертификата/декларации': '20.06.2023', 'Диаметр корпуса': '8.6 см', 'Спортивное назначение': 'туризм', 'Упаковка': 'картонная коробка', 'Цвет': 'серебристый', 'Страна производства': 'Китай', 'Назначение подарка': 'маме', 'Диаметр горловины': '5.1 см', 'Высота упаковки': '9 см', 'Номер декларации соответствия': 'РОСС RU Д-CN.РА01.В.22544/23', 'Высота предмета': '31 см', 'Доп. опции термоса': 'Вакумный', 'Вес товара с упаковкой (г)': '619 г', 'Объем (л)': '1 л', 'Длина упаковки': '33 см', 'Ширина упаковки': '9 см', 'Комплектация': 'крышка', 'Вес товара без упаковки (г)': '517 г', 'Материал термоса': 'нержавеющая сталь', 'Дата окончания действия сертификата/декларации': '13.06.2026', 'Ставка НДС': '20'}  Термос для чая 1 литр 101-1000 Арктика в подарок мужу. Вакуумный термос с узким горлом 1 л, в котором удобно заваривать чай, травяной сбор или использовать для заваривания шиповника. Подходит для хранения кофе или чая с лимоном. Витамин С не разрушается при взаимодействии с нержавеющей сталью. Данный термос без кнопки, но у него есть каналы для налива напитка. Пробку не нужно полностью выкручивать, чтобы налить чай: достаточно пол-оборота. Мы считаем, что классическая глухая пробка надежнее и практичнее пробки с клапаном, так как чем проще механизм, тем дольше он служит. Такую пробку проще мыть, там нечему сломаться. При этом она надежно сохранит тепло и холод. 101-1000 компактный (вес - 528гр, высота - 30,4см) и без проблем поместится в рюкзак или дорожную сумку. Термос для воды сохраняет тепло и холод до 26 часов и подходит для спорта и активных видов отдыха. Станет верным помощником как термос для рыбалки или охоты. Наш термос настоящий помощник для мам. Термос можно наполнить горячей водой на ночь для разведения молочной смеси. Кормление малышей ночью станет по настоящему комфортным и удобным. Выполнен из долговечной пищевой нержавеющей стали 18/8 и пластика BPA free. Пластик не содержит бисфенола А и имеет маркировку PP5. Вся наша продукция сертифицирована в соответствии с ГОСТами. Наши материалы не влияют на вкусовые качества и запах напитков и еды. Безопасны при взаимодействии с горячими напитками и едой. Мы предоставляем гарантию 5 лет. Это значит, что вы можете поменять термос в течение 5 лет с момента покупки, если он не держит тепло заявленное время. Для этого необходимо связаться с нами через наш официальный сайт (ссылка есть на дне термоса). Также стоит с нами связаться, если при доставке пострадали или были утрачены комплектующие. Мы всегда готовы переотправить вам крышки-стаканчики, пробки и силиконовые уплотнители. Оригинальная идея для: подарок на новый год мужу, тайный Санта коллеге, 23 февраля, 8 марта. Гарантия на вакуум - 5 лет. На крышки и пробки - 3 месяца. термос Арктика тайный санта подарок","Доброе утро! Можно, но с осторожностью. Так как газированные напитки создают избыточное давление внутри термоса, и пробка может выстрелить. С уважением, Арктическая команда",0
3993500,есть такой же термос с чехлом и цена одинаковая. вопрос с термос с чехлом хуже или такой же как и без чехла??? просто чехол отдельно продаете за 600 руб...,"{'Повод': 'день матери', 'Назначение посуды': 'для пикника', 'Дата регистрации сертификата/декларации': '20.06.2023', 'Диаметр корпуса': '8.6 см', 'Спортивное назначение': 'туризм', 'Упаковка': 'картонная коробка', 'Цвет': 'серебристый', 'Страна производства': 'Китай', 'Назначение подарка': 'маме', 'Диаметр горловины': '5.1 см', 'Высота упаковки': '9 см', 'Номер декларации соответствия': 'РОСС RU Д-CN.РА01.В.22544/23', 'Высота предмета': '31 см', 'Доп. опции термоса': 'Вакумный', 'Вес товара с упаковкой (г)': '619 г', 'Объем (л)': '1 л', 'Длина упаковки': '33 см', 'Ширина упаковки': '9 см', 'Комплектация': 'крышка', 'Вес товара без упаковки (г)': '517 г', 'Материал термоса': 'нержавеющая сталь', 'Дата окончания действия сертификата/декларации': '13.06.2026', 'Ставка НДС': '20'}  Термос для чая 1 литр 101-1000 Арктика в подарок мужу. Вакуумный термос с узким горлом 1 л, в котором удобно заваривать чай, травяной сбор или использовать для заваривания шиповника. Подходит для хранения кофе или чая с лимоном. Витамин С не разрушается при взаимодействии с нержавеющей сталью. Данный термос без кнопки, но у него есть каналы для налива напитка. Пробку не нужно полностью выкручивать, чтобы налить чай: достаточно пол-оборота. Мы считаем, что классическая глухая пробка надежнее и практичнее пробки с клапаном, так как чем проще механизм, тем дольше он служит. Такую пробку проще мыть, там нечему сломаться. При этом она надежно сохранит тепло и холод. 101-1000 компактный (вес - 528гр, высота - 30,4см) и без проблем поместится в рюкзак или дорожную сумку. Термос для воды сохраняет тепло и холод до 26 часов и подходит для спорта и активных видов отдыха. Станет верным помощником как термос для рыбалки или охоты. Наш термос настоящий помощник для мам. Термос можно наполнить горячей водой на ночь для разведения молочной смеси. Кормление малышей ночью станет по настоящему комфортным и удобным. Выполнен из долговечной пищевой нержавеющей стали 18/8 и пластика BPA free. Пластик не содержит бисфенола А и имеет маркировку PP5. Вся наша продукция сертифицирована в соответствии с ГОСТами. Наши материалы не влияют на вкусовые качества и запах напитков и еды. Безопасны при взаимодействии с горячими напитками и едой. Мы предоставляем гарантию 5 лет. Это значит, что вы можете поменять термос в течение 5 лет с момента покупки, если он не держит тепло заявленное время. Для этого необходимо связаться с нами через наш официальный сайт (ссылка есть на дне термоса). Также стоит с нами связаться, если при доставке пострадали или были утрачены комплектующие. Мы всегда готовы переотправить вам крышки-стаканчики, пробки и силиконовые уплотнители. Оригинальная идея для: подарок на новый год мужу, тайный Санта коллеге, 23 февраля, 8 марта. Гарантия на вакуум - 5 лет. На крышки и пробки - 3 месяца. термос Арктика тайный санта подарок","Добрый день! Это одна серия - 101, просто бывают дополнения комплектации: в виде чехла - 101А или пробки с ситечком - 101С. На маркетплейсе время от времени проводятся акции на конкретные модели. Цена может меняться. Разницы в качестве термосов безусловно нет :) Ваша команда Арктики",0
3659276,Здравствуйте. А как может кольцо 15 размера и 18 быть одного веса? И цена не меняется,"{'Цвет': 'золотистый', 'ТНВЭД': '7113190000', 'Вид кольца': 'вечернее', 'Длина упаковки': '12 см', 'Состав ювелирного изделия': 'золото красное', 'Ширина упаковки': '9 см', 'Проба': '585', 'Пол': 'Женский', 'Чистота вставки': '36 × Фианит недраг', 'Состав комплекта': 'кольцо', 'Высота упаковки': '1 см', 'Страна производства': 'Россия', 'Покрытие': 'родий', 'Повод': 'день рождения', 'Вставка': 'фианит', 'Комплектация': 'кольцо', 'Назначение подарка': 'любимой', 'Минимальный вес (г)': '1.56 г'}  Золотое кольцо 585 пробы. Оригинальное, изящное кольцо от бренда SOKOLOV из красного золота 585 пробы с фианитами - это лучший готовый подарок для взрослых женщин и девушек - подростков! Блестящее украшение необычной формы станет символом вечной любви и украсит руку невесты. Золотое колечко выполнено с использованием высококачественного металла, обладающего прочностью и долговечностью, чтобы служить вам долгие годы. Широкий ассортимент больших и маленьких размеров для разных пальцев взрослых женщин и молодых девушек. Модный дизайн золотого женского кольца, делают это ювелирное изделие идеальным выбором для современных леди. Вставки из фианитов добавляют ему блеска: они прекрасно отражают свет при каждом движении руки. Грани подчеркивают их сияние и создают завораживающий эффект, который приковывает взгляды окружающих. Тонкое и стильное кольцо с камнем: станет незабываемым сюрпризом для девушки и будет прекрасным дополнением к ее вечернему образу. Подарите незабываемый момент на годовщину отношений, день рождения, выпускной дочке или юбилей. Изделие очень простое в уходе: можно просто протереть его тряпочкой из микрофибры. Изысканное и красивое ювелирное украшение с безупречным дизайном и великолепным блеском позволит создать незабываемый образ. Благодаря своей универсальности, подойдет как для повседневного образа в офис, так и для особых случаев. Вы сможете подчеркнуть свою индивидуальность и выразить настроение при носке необычного украшения. Сочетание изысканности и минимализма вызовет восхищенные взгляды окружающих. Высокое качество красного золота обеспечивает надежность и долговечность украшения, а фианиты, благодаря своей яркой игре света, придает ему неповторимое сияние и привлекательность. Поставляется в комплекте с элегантной подарочной упаковкой, что делает его идеальным подарком для любого праздника. Изящное сочетание классического дизайна и современных трендов делает его непревзойденным ювелирным изделием. Кольцо 585 пробы благодаря трендовому дизайну станет неотъемлемой частью вашего образа и подчеркнет ваш неповторимый стиль. Вес товара в карточке является средним и может отличаться от веса аксессуара, который вы приобретаете в нашем магазине. Гарантия на брендовое ювелирное изделие составляет шесть месяцев со дня передачи товара потребителю. Произведено в России.","Добрый день. Вес может разниться, в карточке товара указан средний вес. Точный вес будет указан на бирке конкретной позиции, технической возможности заранее сориентировать по точному весу нет. Также у нас согласно ОСТ 117-3-002-95 «Изделия ювелирные из драгоценных металлов» не весовой товар, цена определяется не за грамм, а за изделие в целом.",0
2952909,"Почему изменилась цена на сандалии. пока они были были в пути..? Я поэтому и заказала на Валберис, так как стоимость была 10800, а стала 14990..Проще в местном фирменном магазине купить за 12000.","{'Назначение обуви': 'для прогулок', 'Рисунок': 'нет', 'Материал подошвы обуви': 'Полиуретан', 'Материал подкладки обуви': 'Кожа', 'Ортопедия': 'нет', 'Дата окончания действия сертификата/декларации': '25.05.2025', 'Коллекция': 'Осень-Зима 2024', 'ТНВЭД': '6403993800', 'Вид застежки': 'Липучка', 'Сезон': 'лето', 'Цвет': 'золотистый', 'Ставка НДС': '20', 'Материал стельки': 'кожа', 'Комплектация': 'Сандалии - 1 пара', 'Страна производства': 'Индонезия', 'Высота обуви': 'низкие', 'Ширина упаковки': '19 см', 'Полнота обуви (EUR)': 'F (6)', 'Дата регистрации сертификата/декларации': '26.05.2022', 'Длина упаковки': '33 см', 'Вес (г)': '400 г', 'Модель босоножек/сандалий': 'босоножки с T-образным ремешком', 'Номер сертификата соответствия': 'ЕАЭС RU С-DK.АЯ46.В.25234/22', 'Особенности модели': 'Анатомическая модель', 'Высота упаковки': '13 см', 'Пол': 'Женский', 'Состав': 'натуральная кожа', 'Высота подошвы': '1 см', 'Декоративные элементы': 'ремешок'} {'Российский размер 38': '(Размер производителя: 38, Длина стопы, в см: 24-24.5. )', 'Российский размер 39': '(Размер производителя: 39, Длина стопы, в см: 24.5-25. )', 'Российский размер 36': '(Размер производителя: 36, Длина стопы, в см: 22.5-23. )', 'Российский размер 35': '(Размер производителя: 35, Длина стопы, в см: 22-22.5. )', 'Российский размер 37': '(Размер производителя: 37, Длина стопы, в см: 23-23.5. )', 'Российский размер 40': '(Размер производителя: 40, Длина стопы, в см: 25-25.5. )', 'Российский размер 41': '(Размер производителя: 41, Длина стопы, в см: 26-26.5. )'} Сандалии женские летние ECCO из натуральной кожи. Женские сандалии ECCO FLASH в стиле гладиаторов – идеальное решение на лето. Силуэт остаётся актуальным уже много лет. Тонкие ремешки спереди и вокруг щиколотки создают нежный женственный образ – идеальный вариант для струящихся летних платьев и сарафанов. Тонкая и устойчивая подошва из пористого полиуретана гарантирует комфорт во время ходьбы и эффективный отскок: ноги меньше устают к концу дня. Удобные ремешки и частично закрытая пятка обеспечивают более плотное прилегание сандалий и комфортную посадку, уменьшая давление на суставы. Верх сандалий выполнен из гладкой кожи или бархатистого нубука, изготовленных на предприятиях бренда ECCO. Натуральные материалы отличаются высоким качеством и придают обуви роскошных внешний вид. Мягкая и тактильно приятная подкладка из натуральной кожи дарит особое ощущение комфорта в течение всего дня. Стелька из натуральной кожи дарит чувство свежести и впитывает испарения при интенсивной ходьбе: ноги меньше потеют и не скользят. Передовая технология ECCO FLUIDFORM совмещает процессы формирования и крепления анатомически правильной подошвы жидким полиуретаном. Используемый метод вулканизации гарантирует прочность и мягкость шва на месте соединения верха и подошвы.","Добрый день! Если у Вас изменилась стоимость после заказа, то советуем обратиться к поддержки площадки. С уважением, компания ECCO!",0
2122527,Здравствуйте подскажите пожалуйста почему цена в интернет магазине в два раза дороже чем тут ?,"{'Состав комплекта': 'кольцо', 'Цвет': 'золотистый', 'Назначение подарка': 'подруге', 'Комплектация': 'кольцо', 'Покрытие': 'без покрытия', 'Состав ювелирного изделия': 'золото красное', 'Высота упаковки': '1 см', 'Пол': 'Женский', 'Страна производства': 'Россия', 'Минимальный вес (г)': '2.26 г', 'Вставка': 'фианит', 'Повод': '8 марта', 'Ширина упаковки': '9 см', 'Длина упаковки': '12 см', 'ТНВЭД': '7113190000', 'Вид кольца': 'дорожка', 'Проба': '585'}  Кольцо золотое 585 пробы с топазами ювелирное. Оригинальное, изящное кольцо от бренда SOKOLOV из красного золота 585 пробы с топазами и фианитами - это лучший готовый подарок для взрослых женщин и девушек - подростков! Блестящее украшение необычной формы станет символом вечной любви и украсит руку невесты. Золотое колечко выполнено с использованием высококачественного металла, обладающего прочностью и долговечностью, чтобы служить вам долгие годы. Широкий ассортимент больших и маленьких размеров для разных пальцев взрослых женщин и молодых девушек. Модный дизайн золотого женского кольца делает это ювелирное изделие идеальным выбором для современных леди. Вставки из топазов и фианитов добавляют ему блеска: они прекрасно отражают свет при каждом движении руки. Грани подчеркивают их сияние и создают завораживающий эффект, который приковывает взгляды окружающих. Тонкое и стильное кольцо с камнями станет незабываемым сюрпризом для девушки и будет прекрасным дополнением к ее вечернему образу. Подарите незабываемый момент на годовщину отношений, день рождения, выпускной дочке или юбилей. Изделие очень простое в уходе: можно просто протереть его тряпочкой из микрофибры. Изысканное и красивое ювелирное украшение с безупречным дизайном и великолепным блеском позволит создать незабываемый образ. Благодаря своей универсальности, подойдет как для повседневного образа в офис, так и для особых случаев. Вы сможете подчеркнуть свою индивидуальность и выразить настроение при носке необычного украшения. Сочетание изысканности и минимализма вызовет восхищенные взгляды окружающих. Высокое качество красного золота обеспечивает надежность и долговечность украшения, а топазы и фианиты, благодаря своей яркой игре света, придают ему неповторимое сияние и привлекательность. Поставляется в комплекте с элегантной подарочной упаковкой, что делает его идеальным подарком для любого праздника. Изящное сочетание классического дизайна и современных трендов делает его непревзойденным ювелирным изделием. Кольцо 585 пробы благодаря трендовому дизайну станет неотъемлемой частью вашего образа и подчеркнет ваш неповторимый стиль. Вес товара в карточке является средним и может отличаться от веса аксессуара, который вы приобретаете в нашем магазине. Гарантия на брендовое ювелирное изделие составляет шесть месяцев со дня передачи товара потребителю. Произведено в России.","Добрый день! Официальный магазин бренда SOKOLOV представлен на многих известных торговых площадках. Ценовая политика в этом случае регулируется маркетплейсами. Стоимость изделий может меняться в зависимости от акций, которые проводит какой-либо маркетплейс. Цена на официальном сайте бывает выше. Это обусловлено тем, что в официальном интернет-магазине бренда проводятся акции, которые отличаются от акций маркетплейсов.",0
72700662,"Заказала шампунь, цена на сайте 345 рублей,а сняли 519,сразу при заказе,что за обман, больше не буду заказывать.","{'Прямые поставки от производителя': 'да', 'Форма упаковки': 'без давления', 'Раздел меню': 'красота/ уход за волосами', 'Дата окончания действия сертификата/декларации': '07.09.2025', 'Состав': 'вода', 'Объем товара': '700 мл', 'Комплектация': 'шампунь для волос Fructis (Фруктис) - 1 шт', 'Дата регистрации сертификата/декларации': '08.09.2020', 'Ширина упаковки': '10 см', 'Длина упаковки': '6 см', 'Срок годности': '36 месяцев', 'Вес товара с упаковкой (г)': '757 г', 'Номер декларации соответствия': 'ЕАЭС N RU Д-RU.АИ33.В.04706/20', 'Тип волос': 'для ломких и тонких волос', 'Действие': 'восстановление, укрепление, рост', 'Страна производства': 'Россия', 'Назначение косметического средства': 'для волос', 'Высота упаковки': '23 см', 'Упаковка': 'флакон'}  Fructis Укрепляющий шампунь Фруктис Рост во всю силу 700мл. Укрепляющий шампунь Garnier Fructis «Рост во всю силу» предназначен для очищения ослабленных, поврежденных, склонных к выпадению волос. Упаковка большого объема 700 мл – экономичный и удобный вариант для всей семьи. АКТИВНЫЕ ИНГРЕДИЕНТЫ: Витамин В3 (ниацин) улучшает микроциркуляцию кожи головы, обеспечивает укрепление корней волос и стимулирует ускорение их роста. Экстракт яблока натурального происхождения обладает питательными свойствами, восстанавливает повреждения волос, делает их здоровыми и сильными. Салициловая кислота оказывает глубокое очищающее и мягкое отшелушивающее действие. Экстракт сахарного тростника снимает статику и облегчает расчесывание. Экстракт лимона обеспечивает интенсивный восстанавливающий эффект, придает волосам гладкость и блеск. СПОСОБ ПРИМЕНЕНИЯ: Нанесите на влажные волосы, распределите по всей голове массирующими движениями, затем смойте. ЭФФЕКТИВНОСТЬ: Шампунь «Рост во всю силу» разработан для мытья тонких, ломких, слабых волос, склонных к выпадению. Обеспечивает питание и защиту волос, способствует восстановлению их прочности и сияния, в 3 раза* сокращает выпадение из-за ломкости. Волосы выглядят блестящими и более здоровыми, с каждым днем их густота и прочность увеличиваются. Укрепляющий шампунь подходит для ежедневного ухода за волосами и кожей головы всех типов. Не содержит парабенов. Универсальная формула и большая упаковка (700мл) позволяют использовать шампунь в качестве семейного очищающего средства. Также может использоваться в качестве подарка девушке, парню, брату, подруге, другу, жене, мужу, дочери, сыну, маме, папе, коллеге-женщине или мужчине на 23 февраля, 8 марта, Новый год (НГ) или день рождения. *Инструментальный тест, после использования шампуня + бальзама-ополаскивателя.","Добрый день! Благодарим Вас за проявленный интерес к бренду Garnier. Хотим отметить, что служба поддержки не видит обращения, оставленные в вопросах о товаре. Пожалуйста обратитесь в службу поддержки Wildberries о вопросу списания денежных средств. С телефона: зайдите в личный кабинет -> обращения -> создать обращение -> появится окно для ввода вашего обращения. С компьютера: доставка -> обратная связь -> обращения -> тема: доставка товара. Хорошего дня.",0
2498914,"Здравствуйте, данный комикс 2498914 книга1 приедет с такой же обложкой,которая указана в карточке товара? В отзывах почему-то другая обложка","{'Дата регистрации сертификата/декларации': '23.03.2023', 'Языки': 'русский', 'Возрастные ограничения': '18+', 'Ставка НДС': '10', 'Автор': 'Диас Каналес', 'Количество страниц': '116 страниц', 'Комплектация': 'книга', 'Обложка': 'твердая', 'Ширина предмета': '23.5 см', 'Вес товара с упаковкой (г)': '883 г', 'Ширина упаковки': '24 см', 'ISBN': '978-5-389-09844-2', 'Страна производства': 'Россия', 'Серия': 'Графические романы', 'Иллюстратор': 'Хуанхо Гуарнидо', 'Год выпуска': '2024', 'Номер декларации соответствия': 'ОТКАЗНОЕ ПИСЬМО', 'Высота упаковки': '32 см', 'Длина упаковки': '2 см', 'Жанры/тематика': 'Комиксы и манга', 'Высота предмета': '31.5 см', 'Вид бумаги': 'мелованная'}  Блэксэд. Кн.1. Где-то среди теней. Поляр. Книга ""Блэксэд. Кн. 1. Где-то среди теней. Полярная нация"". Если утро начинается с остывшего трупа первой любви и это не метафора… Следует признать, что жизнь частного детектива Джона Блэксэда далека от пасторальной идиллии. Что неудивительно для кота его профессии в американском мегаполисе, разъеденном коррупцией сверху донизу. Джон постоянно рискует жизнью и ходит по краю, что не мешает ему крутить романы с опасными женщинами и распутывать интриги сильных мира сего. Роскошная графика и богатый кинематографический стиль Хуанхо Гуарнидо в сочетании с писательским мастерством Хуана Диаcа Каналеса, чьи сценарии критика сравнивает с романами Дэшила Хэммета, Рэймонда Чандлера и Честера Хаймса, обеспечили серии «Блэксэд» всемирную славу и с десяток престижных наград, включая приз Ангулемского комик-кона за лучшее художественное произведение, и не говоря уже о трехкратной номинации на премию Айснера. bd, антропоморфизм, детектив, нуар, преступление, проработанный мир, расследование, харизматичный главный герой","Добрый день!
Да, основная обложка как на изображении. Так же на книге идёт белая половина суперобложки.",0
2375510,"Было39тыс стало 7 тыс как так ,почему такая большая разница,в чём подвох что за ерунда, значит это не золото а фуфло","{'Цвет': 'золотистый', 'Вид подвески': 'религиозная', 'Вставка': 'эмаль', 'Ширина упаковки': '9 см', 'Длина упаковки': '12 см', 'Проба': '585', 'Повод': '8 марта', 'Комплектация': 'подвеска', 'Пол': 'Женский', 'Страна производства': 'Россия', 'Состав ювелирного изделия': 'золото красное', 'Назначение подарка': 'маме', 'Состав комплекта': 'подвеска икона', 'Высота упаковки': '1 см', 'ТНВЭД': '7113190000', 'Покрытие': 'без покрытия', 'Минимальный вес (г)': '1.05 г'}  Подвеска икона золотая на шею 585 пробы православный кулон. Золотая подвеска икона 585 пробы на шею, это классическое украшение выполненное по всем канонам православной церкви. Икона Казанской Божей Матери из золота это классическая подвеска, которая символизирует веру и духовность. Она станет не только выразительным украшением, но и неподвластным времени символом вашей веры. Подвеска из красного золота, благодаря этому украшение не потемнеет и будет обладать долгим сроком службы. Подвеска икона SOKOLOV это ювелирное изделие, созданное с любовью и мастерством. Украшение привлекает внимание своим элегантным дизайном и прекрасной отделкой. Икона кулон золотая выглядит особенно изысканно и стильно на шее каждой женщины. Такая подвеска с изображением Божей Матери с лицевой стороны и гравировкой ""Пресвятая Богородица Спаси нас"" подойдет для женщин и отлично сочетается с любым образом. Более того, это отличный подарок на день рождения, 8 марта или юбилей для мамы, подруги или жены. Кулон икона это символ веры, надежды и любви. Носить подвеску из золота с ликом святых это не только модный тренд, но и способ выразить свои внутренние убеждения. Каждая иконка становится уникальным символом, носящим в себе особый смысл. К тому же кулон подвеска для девочки и женщины SOKOLOV приходит в комплекте с подарочной упаковкой, что делает эту икону на шею готовым презентом для любого повода. Чтобы украшение радовало Вас своей красотой бесконечно долго, рекомендуем избегать попадания на него агрессивных химических и парфюмированных средств. Гарантийный срок для ювелирных изделий составляет 6 календарных месяцев, и исчисляется со дня передачи изделия потребителю. Кулон икона золотая от бренда SOKOLOV, это прекрасный дизайн, эстетичный внешний вид и премиальное качество.","Добрый день! В интернет-магазине Wildberries работает динамическое ценообразование - гибкий подход к переоценке товаров, основанный на использовании различных стратегий и тактик ценообразования в зависимости от разнообразных событий, происходящих на рынке. Это значит, что фиксированная цена на товар отсутствует, а акции обновляются каждый день. При этом, акции могут быть на бренды, на конкретные категории товаров, на схожие по характеристикам товары. Если сейчас самая низкая цена - время купить подвеску и не сомневаться)",0
5963861,"Добрый день, щипцы для волос  покупали год назад, сегодня не работают, на коробке написана гарантия 2 года, куда обращаться, если у нас в городе нет сервисного центра Polaris","{'Упаковка': 'картонная коробка', 'Материал рабочей поверхности': 'турмалин керамический', 'Вес товара без упаковки (г)': '330 г', 'Длина упаковки': '10 см', 'Длина рабочей площади': '11 см', 'Количество режимов работы': '5 режимов', 'Страна производства': 'Китай', 'Питание': 'от сети', 'Комплектация': 'инструкция', 'Номер сертификата соответствия': 'ЕАЭС RU С-HK.ПФ02.В.02061/20', 'Дата окончания действия сертификата/декларации': '09.07.2025', 'Время нагрева': '120 сек', 'Дата регистрации сертификата/декларации': '10.07.2020', 'Температура, макс': '230 °C', 'Ширина рабочей площади': '2.5 см', 'Высота упаковки': '6 см', 'Ширина упаковки': '35 см', 'Ширина предмета': '4 см', 'Модель': 'PHS 2511K', 'Гарантийный срок': '2 года', 'Хрупкость': 'хрупкое', 'Мощность устройства': '35 Вт', 'Вес товара с упаковкой (г)': '440 г', 'Цвет': 'светло-бирюзовый', 'Материал корпуса': 'пластик'}  Выпрямитель для волос PHS 2511K. Технология DuoCeramic защищает и сохраняет здоровый вид волос, обеспечивает легкое скольжение за счет керамического покрытия с двумя дополнительными слоями. Первый слой - для прочности и долговечности покрытия. Второй - для легкого скольжения и деликатного равномерного нагрева. 2 в 1 для выпрямления и подкручивания волос. Благоприятно для окрашенных волос. LED терморегулятор, 5 режимов: 150-170-190-210-230 градусов. Плавающие полотна для лучшего прижима. Быстрый и стабильный нагревПокрытие корпуса Soft Touch. Шарнирное вращение шнура на 360 градусов. Удобная петля для подвешивания. Фиксация пластин в закрытом положении.","Добрый день. Спасибо за обращение. Пожалуйста, напишите нам в чат. Для этого в основной версии сайта (с компьютера) нажмите на иконку чата в правом нижнем углу, либо перейдите в раздел Покупки, выберите нужный товар и нажмите на три точки, после чего появится кнопка Связаться с продавцом. С уважением, Яна – представитель бренда Polaris. Техника для дома и посуда для кухни.",0
5963861,почему так цена подскочила????,"{'Упаковка': 'картонная коробка', 'Материал рабочей поверхности': 'турмалин керамический', 'Вес товара без упаковки (г)': '330 г', 'Длина упаковки': '10 см', 'Длина рабочей площади': '11 см', 'Количество режимов работы': '5 режимов', 'Страна производства': 'Китай', 'Питание': 'от сети', 'Комплектация': 'инструкция', 'Номер сертификата соответствия': 'ЕАЭС RU С-HK.ПФ02.В.02061/20', 'Дата окончания действия сертификата/декларации': '09.07.2025', 'Время нагрева': '120 сек', 'Дата регистрации сертификата/декларации': '10.07.2020', 'Температура, макс': '230 °C', 'Ширина рабочей площади': '2.5 см', 'Высота упаковки': '6 см', 'Ширина упаковки': '35 см', 'Ширина предмета': '4 см', 'Модель': 'PHS 2511K', 'Гарантийный срок': '2 года', 'Хрупкость': 'хрупкое', 'Мощность устройства': '35 Вт', 'Вес товара с упаковкой (г)': '440 г', 'Цвет': 'светло-бирюзовый', 'Материал корпуса': 'пластик'}  Выпрямитель для волос PHS 2511K. Технология DuoCeramic защищает и сохраняет здоровый вид волос, обеспечивает легкое скольжение за счет керамического покрытия с двумя дополнительными слоями. Первый слой - для прочности и долговечности покрытия. Второй - для легкого скольжения и деликатного равномерного нагрева. 2 в 1 для выпрямления и подкручивания волос. Благоприятно для окрашенных волос. LED терморегулятор, 5 режимов: 150-170-190-210-230 градусов. Плавающие полотна для лучшего прижима. Быстрый и стабильный нагревПокрытие корпуса Soft Touch. Шарнирное вращение шнура на 360 градусов. Удобная петля для подвешивания. Фиксация пластин в закрытом положении.","Добрый день. Спасибо за обращение. В этом разделе представитель бренда Polaris отвечает на вопросы о товаре, его особенностях и характеристиках. К сожалению, мы не можем проконсультировать вас относительно цен. Цены на сайте меняются регулярно в зависимости от акций, которые проводятся магазином. С уважением, Яна – представитель бренда Polaris. Техника для дома и посуда для кухни.",0
2122741,"Здравствуйте, полезет ли изделие через замок цепочки 3 мм?","{'Повод': 'день рождения', 'Страна производства': 'Россия', 'Проба': '925', 'Вид подвески': 'на цепочку', 'Минимальный вес (г)': '0.69 г', 'Вставка': 'фианит', 'Ширина упаковки': '9 см', 'Длина упаковки': '12 см', 'Назначение подарка': 'маме', 'Пол': 'Женский', 'ТНВЭД': '7113190000', 'Комплектация': 'подвеска', 'Высота упаковки': '1 см', 'Чистота вставки': '1 Фианит недраг Круг 4,00', 'Состав ювелирного изделия': 'серебро', 'Цвет': 'серебристый', 'Состав комплекта': 'подвеска', 'Покрытие': 'родий'}  Подвеска кулон из серебра 925 пробы. Серебряная ювелирная подвеска кулон с фианитом от SOKOLOV, изготовленная из серебра 925 пробы. Это изделие стало настоящим хитом среди женщин и девушек благодаря своей красоте и элегантности. Серебряная подвеска кулон с камнем фианитом идеально подходит для вечера или повседневного стиля. Дизайн подвески в виде сердца делает эту подвеску особенно привлекательной и значимой. Она станет отличным выбором для девушек и женщин всех возрастов. Подвеска выполнена серебра 925 пробы, это гарантирует стойкость и прочность изделия, придают ему блеск и яркость. Серебряная подвеска кулон на шею это не только красивый аксессуар, но и отличный способ выразить свою индивидуальность и стиль. Она прекрасно дополнит ваш образ, добавит нежности и шарма. Это идеальный выбор как для повседневной носки, так и для особых случаев. Каждая женщина заслуживает быть в центре внимания, и эта женская серебряная подвеска именно то, что нужно, чтобы привлечь восхищенные взгляды. Она удачно сочетается с различными стилями одежды. Это украшение позволит вам почувствовать себя особенной и уверенной в себе. Кулон от бренда SOKOLOV, прекрасно подойдет для любых целей и назначений в том числе и как кулон в подарок для мамы, девочек и подруг. На каждый день под повседневный образ, для праздничных и торжественных встреч, офисного и делового образа, а так же для свиданий или свадьбы. Более того, эта серебряная подвеска может стать хорошим подарком для каждой женщины и девушки, на 8 марта, день рождения или юбилей! Кулончик идет в подарочной упаковке, что делает его готовым сюрпризом для любого повода! Ювелирные изделия от бренда SOKOLOV это превосходный дизайн, строгий контроль в процессе изготовления и высокие стандарты качества! Обращаем ваше внимание значение веса на фото и в характеристиках являются примерными и могут отличаться от фактического. Гарантийный срок для ювелирных изделий составляет 6 календарных месяцев, и исчисляется со дня передачи изделия потребителю.","Добрый день! Шко подвески приблизительно 5*2,5 мм.  Рекомендуем Вам примерку перед покупкой.",0
2122741,"Здравствуйте,можно артикул на цепочку с первого фото,заранее спасибо","{'Повод': 'день рождения', 'Страна производства': 'Россия', 'Проба': '925', 'Вид подвески': 'на цепочку', 'Минимальный вес (г)': '0.69 г', 'Вставка': 'фианит', 'Ширина упаковки': '9 см', 'Длина упаковки': '12 см', 'Назначение подарка': 'маме', 'Пол': 'Женский', 'ТНВЭД': '7113190000', 'Комплектация': 'подвеска', 'Высота упаковки': '1 см', 'Чистота вставки': '1 Фианит недраг Круг 4,00', 'Состав ювелирного изделия': 'серебро', 'Цвет': 'серебристый', 'Состав комплекта': 'подвеска', 'Покрытие': 'родий'}  Подвеска кулон из серебра 925 пробы. Серебряная ювелирная подвеска кулон с фианитом от SOKOLOV, изготовленная из серебра 925 пробы. Это изделие стало настоящим хитом среди женщин и девушек благодаря своей красоте и элегантности. Серебряная подвеска кулон с камнем фианитом идеально подходит для вечера или повседневного стиля. Дизайн подвески в виде сердца делает эту подвеску особенно привлекательной и значимой. Она станет отличным выбором для девушек и женщин всех возрастов. Подвеска выполнена серебра 925 пробы, это гарантирует стойкость и прочность изделия, придают ему блеск и яркость. Серебряная подвеска кулон на шею это не только красивый аксессуар, но и отличный способ выразить свою индивидуальность и стиль. Она прекрасно дополнит ваш образ, добавит нежности и шарма. Это идеальный выбор как для повседневной носки, так и для особых случаев. Каждая женщина заслуживает быть в центре внимания, и эта женская серебряная подвеска именно то, что нужно, чтобы привлечь восхищенные взгляды. Она удачно сочетается с различными стилями одежды. Это украшение позволит вам почувствовать себя особенной и уверенной в себе. Кулон от бренда SOKOLOV, прекрасно подойдет для любых целей и назначений в том числе и как кулон в подарок для мамы, девочек и подруг. На каждый день под повседневный образ, для праздничных и торжественных встреч, офисного и делового образа, а так же для свиданий или свадьбы. Более того, эта серебряная подвеска может стать хорошим подарком для каждой женщины и девушки, на 8 марта, день рождения или юбилей! Кулончик идет в подарочной упаковке, что делает его готовым сюрпризом для любого повода! Ювелирные изделия от бренда SOKOLOV это превосходный дизайн, строгий контроль в процессе изготовления и высокие стандарты качества! Обращаем ваше внимание значение веса на фото и в характеристиках являются примерными и могут отличаться от фактического. Гарантийный срок для ювелирных изделий составляет 6 календарных месяцев, и исчисляется со дня передачи изделия потребителю.",Здравствуйте! Артикул цепи 160012729.,0
2122741,Когда будет в наличии?,"{'Повод': 'день рождения', 'Страна производства': 'Россия', 'Проба': '925', 'Вид подвески': 'на цепочку', 'Минимальный вес (г)': '0.69 г', 'Вставка': 'фианит', 'Ширина упаковки': '9 см', 'Длина упаковки': '12 см', 'Назначение подарка': 'маме', 'Пол': 'Женский', 'ТНВЭД': '7113190000', 'Комплектация': 'подвеска', 'Высота упаковки': '1 см', 'Чистота вставки': '1 Фианит недраг Круг 4,00', 'Состав ювелирного изделия': 'серебро', 'Цвет': 'серебристый', 'Состав комплекта': 'подвеска', 'Покрытие': 'родий'}  Подвеска кулон из серебра 925 пробы. Серебряная ювелирная подвеска кулон с фианитом от SOKOLOV, изготовленная из серебра 925 пробы. Это изделие стало настоящим хитом среди женщин и девушек благодаря своей красоте и элегантности. Серебряная подвеска кулон с камнем фианитом идеально подходит для вечера или повседневного стиля. Дизайн подвески в виде сердца делает эту подвеску особенно привлекательной и значимой. Она станет отличным выбором для девушек и женщин всех возрастов. Подвеска выполнена серебра 925 пробы, это гарантирует стойкость и прочность изделия, придают ему блеск и яркость. Серебряная подвеска кулон на шею это не только красивый аксессуар, но и отличный способ выразить свою индивидуальность и стиль. Она прекрасно дополнит ваш образ, добавит нежности и шарма. Это идеальный выбор как для повседневной носки, так и для особых случаев. Каждая женщина заслуживает быть в центре внимания, и эта женская серебряная подвеска именно то, что нужно, чтобы привлечь восхищенные взгляды. Она удачно сочетается с различными стилями одежды. Это украшение позволит вам почувствовать себя особенной и уверенной в себе. Кулон от бренда SOKOLOV, прекрасно подойдет для любых целей и назначений в том числе и как кулон в подарок для мамы, девочек и подруг. На каждый день под повседневный образ, для праздничных и торжественных встреч, офисного и делового образа, а так же для свиданий или свадьбы. Более того, эта серебряная подвеска может стать хорошим подарком для каждой женщины и девушки, на 8 марта, день рождения или юбилей! Кулончик идет в подарочной упаковке, что делает его готовым сюрпризом для любого повода! Ювелирные изделия от бренда SOKOLOV это превосходный дизайн, строгий контроль в процессе изготовления и высокие стандарты качества! Обращаем ваше внимание значение веса на фото и в характеристиках являются примерными и могут отличаться от фактического. Гарантийный срок для ювелирных изделий составляет 6 календарных месяцев, и исчисляется со дня передачи изделия потребителю.","Добрый день! К сожалению, поступление товара в ближайшее время не ожидается. Информация о поступлениях обновляется на ежедневной основе. Рекомендуем Вам следить за обновлениями на сайте.",0
3756889,здраствуйте можно описание этой модели сережек  3756889 Глубина замка-?Рабочая зона штифта-?Высота серег-?Ширина-?,"{'Проба': '585', 'Состав комплекта': 'серьги - 2 шт', 'Повод': 'день рождения', 'Покрытие': 'родий', 'Длина упаковки': '12 см', 'Комплектация': 'серьги', 'Высота упаковки': '1 см', 'Ширина упаковки': '9 см', 'Вставка': 'фианит', 'Состав ювелирного изделия': 'золото красное', 'Чистота вставки': '24 Фианит недраг Круг 0,90, 2 Фианит недраг Круг 5,00', 'ТНВЭД': '7113190000', 'Страна производства': 'Россия', 'Цвет': 'золотистый', 'Вид замка': 'английский', 'Минимальный вес (г)': '2.22 г', 'Модель сережек': 'повседневные', 'Назначение подарка': 'любимой', 'Пол': 'Женский'}  Серьги золотые 585 пробы с камнями ювелирные. Элегантные серьги бренда SOKOLOV станут любимыми женскими украшениями и могут смело использоваться в качестве базовых аксессуаров на каждый день. Они изготовлены из золота 585 пробы и украшены белыми фианитами. Стильные сережки с английским замком гармонично дополнят образ маленькой девочки - подростка и молодой девчонки, взрослой женщины среднего и более зрелого возраста. Оригинальный комплект ювелирных украшений шикарно впишется в повседневный и праздничный нарядный лук. Минималистичные сережки классического золотистого цвета идеальны для вечернего выхода и свадебного торжества, современной молодежной вечеринки и работы или учебы. Они будут уместны в самых разнообразных ситуациях, соответствуют последним модным трендам и не противоречат классике. Изделия в стиле минимализм всегда будут в моде и придают любому наряду особую изысканность и шарм. В наборе с ними идет красивая подарочная упаковка. Эти серьги способны выступить отличным презентом для всех дорогих сердцу дам. Преподнести его уместно на рождественское и новогоднее торжество, годовщину свадьбы или отношений и день рождения. Оригинальный презент можно вручить также на юбилей или День Влюбленных, 8 марта и абсолютно любой другой без исключения праздник. Можно даже не ждать какого-то особого повода и преподнести роскошный сюрприз просто так, чтобы проявить внимание, любовь и заботу. Этот презент непременно порадует любимую девушку и сестру, дочку и маму, жену и лучшую подругу. Он обязательно вызовет восторг у бабушки и коллеги, тети и крестницы, племянницы и крестной. Ведь стильные и многофункциональные украшения обязательно займут почетное место в каждой женской коллекции. Они отличаются прочностью и долговечность, устойчивостью к износу и надолго сохранят изначальный вид при соблюдении элементарных правил по уходу. Для хранения рекомендуется использовать шкатулку и мягкой тканевой обивкой. Следует избегать механических повреждений и попадания агрессивных химических веществ. Протирать поверхность рекомендуется мягкой тряпочкой из микрофибры. У нас есть акции и распродажи, вы можете купить наши товары в подарок со скидкой! Гарантийный срок для ювелирных изделий составляет 6 (шесть) календарных месяцев, и исчисляется со дня передачи изделия потребителю. Вес товара в карточке является средним и может отличаться от веса изделий, которые поступят вам. Произведено в России.","Добрый день !Изделие содержит следующие параметры: длина примерно 16 мм, ширина примерно 7 мм, длина штифта до щелчка 5 мм, занижение штифта примерно 2 мм, глубина замка 7 мм. При получении изделия Вам предоставляется возможность ознакомиться с изделием, осуществить примерку и отказаться от получения товара.",0
3756889,они оригинальные ? кто  отвечает за качество ?,"{'Проба': '585', 'Состав комплекта': 'серьги - 2 шт', 'Повод': 'день рождения', 'Покрытие': 'родий', 'Длина упаковки': '12 см', 'Комплектация': 'серьги', 'Высота упаковки': '1 см', 'Ширина упаковки': '9 см', 'Вставка': 'фианит', 'Состав ювелирного изделия': 'золото красное', 'Чистота вставки': '24 Фианит недраг Круг 0,90, 2 Фианит недраг Круг 5,00', 'ТНВЭД': '7113190000', 'Страна производства': 'Россия', 'Цвет': 'золотистый', 'Вид замка': 'английский', 'Минимальный вес (г)': '2.22 г', 'Модель сережек': 'повседневные', 'Назначение подарка': 'любимой', 'Пол': 'Женский'}  Серьги золотые 585 пробы с камнями ювелирные. Элегантные серьги бренда SOKOLOV станут любимыми женскими украшениями и могут смело использоваться в качестве базовых аксессуаров на каждый день. Они изготовлены из золота 585 пробы и украшены белыми фианитами. Стильные сережки с английским замком гармонично дополнят образ маленькой девочки - подростка и молодой девчонки, взрослой женщины среднего и более зрелого возраста. Оригинальный комплект ювелирных украшений шикарно впишется в повседневный и праздничный нарядный лук. Минималистичные сережки классического золотистого цвета идеальны для вечернего выхода и свадебного торжества, современной молодежной вечеринки и работы или учебы. Они будут уместны в самых разнообразных ситуациях, соответствуют последним модным трендам и не противоречат классике. Изделия в стиле минимализм всегда будут в моде и придают любому наряду особую изысканность и шарм. В наборе с ними идет красивая подарочная упаковка. Эти серьги способны выступить отличным презентом для всех дорогих сердцу дам. Преподнести его уместно на рождественское и новогоднее торжество, годовщину свадьбы или отношений и день рождения. Оригинальный презент можно вручить также на юбилей или День Влюбленных, 8 марта и абсолютно любой другой без исключения праздник. Можно даже не ждать какого-то особого повода и преподнести роскошный сюрприз просто так, чтобы проявить внимание, любовь и заботу. Этот презент непременно порадует любимую девушку и сестру, дочку и маму, жену и лучшую подругу. Он обязательно вызовет восторг у бабушки и коллеги, тети и крестницы, племянницы и крестной. Ведь стильные и многофункциональные украшения обязательно займут почетное место в каждой женской коллекции. Они отличаются прочностью и долговечность, устойчивостью к износу и надолго сохранят изначальный вид при соблюдении элементарных правил по уходу. Для хранения рекомендуется использовать шкатулку и мягкой тканевой обивкой. Следует избегать механических повреждений и попадания агрессивных химических веществ. Протирать поверхность рекомендуется мягкой тряпочкой из микрофибры. У нас есть акции и распродажи, вы можете купить наши товары в подарок со скидкой! Гарантийный срок для ювелирных изделий составляет 6 (шесть) календарных месяцев, и исчисляется со дня передачи изделия потребителю. Вес товара в карточке является средним и может отличаться от веса изделий, которые поступят вам. Произведено в России.","Здравствуйте! Продукция бренда представлена на всех известных маркетплейсах, в том числе и на Wildberries. Изделия подлинные, новые, к изделию прикреплена бирка - это паспорт изделия, содержащий всю необходимую для потребителя информацию. На оборотной стороне бирки SOKOLOV указываются индивидуальные артикул и штрихкод, по которым Вы можете проверить подлинность приобретённого изделия на официальном сайте производителя. Бирка крепится с помощью лески и алюминиевой пломбы с оттиском латинской буквы «S».",1
3756889,"здравствуйте. Подскажите пожалуйста куда я могу обратиться по поводу задержки заказа?Отправляла вопрос,претензию ,ни кто не отвечает","{'Проба': '585', 'Состав комплекта': 'серьги - 2 шт', 'Повод': 'день рождения', 'Покрытие': 'родий', 'Длина упаковки': '12 см', 'Комплектация': 'серьги', 'Высота упаковки': '1 см', 'Ширина упаковки': '9 см', 'Вставка': 'фианит', 'Состав ювелирного изделия': 'золото красное', 'Чистота вставки': '24 Фианит недраг Круг 0,90, 2 Фианит недраг Круг 5,00', 'ТНВЭД': '7113190000', 'Страна производства': 'Россия', 'Цвет': 'золотистый', 'Вид замка': 'английский', 'Минимальный вес (г)': '2.22 г', 'Модель сережек': 'повседневные', 'Назначение подарка': 'любимой', 'Пол': 'Женский'}  Серьги золотые 585 пробы с камнями ювелирные. Элегантные серьги бренда SOKOLOV станут любимыми женскими украшениями и могут смело использоваться в качестве базовых аксессуаров на каждый день. Они изготовлены из золота 585 пробы и украшены белыми фианитами. Стильные сережки с английским замком гармонично дополнят образ маленькой девочки - подростка и молодой девчонки, взрослой женщины среднего и более зрелого возраста. Оригинальный комплект ювелирных украшений шикарно впишется в повседневный и праздничный нарядный лук. Минималистичные сережки классического золотистого цвета идеальны для вечернего выхода и свадебного торжества, современной молодежной вечеринки и работы или учебы. Они будут уместны в самых разнообразных ситуациях, соответствуют последним модным трендам и не противоречат классике. Изделия в стиле минимализм всегда будут в моде и придают любому наряду особую изысканность и шарм. В наборе с ними идет красивая подарочная упаковка. Эти серьги способны выступить отличным презентом для всех дорогих сердцу дам. Преподнести его уместно на рождественское и новогоднее торжество, годовщину свадьбы или отношений и день рождения. Оригинальный презент можно вручить также на юбилей или День Влюбленных, 8 марта и абсолютно любой другой без исключения праздник. Можно даже не ждать какого-то особого повода и преподнести роскошный сюрприз просто так, чтобы проявить внимание, любовь и заботу. Этот презент непременно порадует любимую девушку и сестру, дочку и маму, жену и лучшую подругу. Он обязательно вызовет восторг у бабушки и коллеги, тети и крестницы, племянницы и крестной. Ведь стильные и многофункциональные украшения обязательно займут почетное место в каждой женской коллекции. Они отличаются прочностью и долговечность, устойчивостью к износу и надолго сохранят изначальный вид при соблюдении элементарных правил по уходу. Для хранения рекомендуется использовать шкатулку и мягкой тканевой обивкой. Следует избегать механических повреждений и попадания агрессивных химических веществ. Протирать поверхность рекомендуется мягкой тряпочкой из микрофибры. У нас есть акции и распродажи, вы можете купить наши товары в подарок со скидкой! Гарантийный срок для ювелирных изделий составляет 6 (шесть) календарных месяцев, и исчисляется со дня передачи изделия потребителю. Вес товара в карточке является средним и может отличаться от веса изделий, которые поступят вам. Произведено в России.",Здравствуйте! По данному вопросу мы рекомендуем Вам обратиться в поддержку Wildberries.,0
3756889,Добрый вечер. Когда появятся в наличии?,"{'Проба': '585', 'Состав комплекта': 'серьги - 2 шт', 'Повод': 'день рождения', 'Покрытие': 'родий', 'Длина упаковки': '12 см', 'Комплектация': 'серьги', 'Высота упаковки': '1 см', 'Ширина упаковки': '9 см', 'Вставка': 'фианит', 'Состав ювелирного изделия': 'золото красное', 'Чистота вставки': '24 Фианит недраг Круг 0,90, 2 Фианит недраг Круг 5,00', 'ТНВЭД': '7113190000', 'Страна производства': 'Россия', 'Цвет': 'золотистый', 'Вид замка': 'английский', 'Минимальный вес (г)': '2.22 г', 'Модель сережек': 'повседневные', 'Назначение подарка': 'любимой', 'Пол': 'Женский'}  Серьги золотые 585 пробы с камнями ювелирные. Элегантные серьги бренда SOKOLOV станут любимыми женскими украшениями и могут смело использоваться в качестве базовых аксессуаров на каждый день. Они изготовлены из золота 585 пробы и украшены белыми фианитами. Стильные сережки с английским замком гармонично дополнят образ маленькой девочки - подростка и молодой девчонки, взрослой женщины среднего и более зрелого возраста. Оригинальный комплект ювелирных украшений шикарно впишется в повседневный и праздничный нарядный лук. Минималистичные сережки классического золотистого цвета идеальны для вечернего выхода и свадебного торжества, современной молодежной вечеринки и работы или учебы. Они будут уместны в самых разнообразных ситуациях, соответствуют последним модным трендам и не противоречат классике. Изделия в стиле минимализм всегда будут в моде и придают любому наряду особую изысканность и шарм. В наборе с ними идет красивая подарочная упаковка. Эти серьги способны выступить отличным презентом для всех дорогих сердцу дам. Преподнести его уместно на рождественское и новогоднее торжество, годовщину свадьбы или отношений и день рождения. Оригинальный презент можно вручить также на юбилей или День Влюбленных, 8 марта и абсолютно любой другой без исключения праздник. Можно даже не ждать какого-то особого повода и преподнести роскошный сюрприз просто так, чтобы проявить внимание, любовь и заботу. Этот презент непременно порадует любимую девушку и сестру, дочку и маму, жену и лучшую подругу. Он обязательно вызовет восторг у бабушки и коллеги, тети и крестницы, племянницы и крестной. Ведь стильные и многофункциональные украшения обязательно займут почетное место в каждой женской коллекции. Они отличаются прочностью и долговечность, устойчивостью к износу и надолго сохранят изначальный вид при соблюдении элементарных правил по уходу. Для хранения рекомендуется использовать шкатулку и мягкой тканевой обивкой. Следует избегать механических повреждений и попадания агрессивных химических веществ. Протирать поверхность рекомендуется мягкой тряпочкой из микрофибры. У нас есть акции и распродажи, вы можете купить наши товары в подарок со скидкой! Гарантийный срок для ювелирных изделий составляет 6 (шесть) календарных месяцев, и исчисляется со дня передачи изделия потребителю. Вес товара в карточке является средним и может отличаться от веса изделий, которые поступят вам. Произведено в России.","Здравствуйте! Изделие доступно к покупке, Вы можете оформить заказ.",0
3756889,"здравствуйте ,когда цена уменьшается?","{'Проба': '585', 'Состав комплекта': 'серьги - 2 шт', 'Повод': 'день рождения', 'Покрытие': 'родий', 'Длина упаковки': '12 см', 'Комплектация': 'серьги', 'Высота упаковки': '1 см', 'Ширина упаковки': '9 см', 'Вставка': 'фианит', 'Состав ювелирного изделия': 'золото красное', 'Чистота вставки': '24 Фианит недраг Круг 0,90, 2 Фианит недраг Круг 5,00', 'ТНВЭД': '7113190000', 'Страна производства': 'Россия', 'Цвет': 'золотистый', 'Вид замка': 'английский', 'Минимальный вес (г)': '2.22 г', 'Модель сережек': 'повседневные', 'Назначение подарка': 'любимой', 'Пол': 'Женский'}  Серьги золотые 585 пробы с камнями ювелирные. Элегантные серьги бренда SOKOLOV станут любимыми женскими украшениями и могут смело использоваться в качестве базовых аксессуаров на каждый день. Они изготовлены из золота 585 пробы и украшены белыми фианитами. Стильные сережки с английским замком гармонично дополнят образ маленькой девочки - подростка и молодой девчонки, взрослой женщины среднего и более зрелого возраста. Оригинальный комплект ювелирных украшений шикарно впишется в повседневный и праздничный нарядный лук. Минималистичные сережки классического золотистого цвета идеальны для вечернего выхода и свадебного торжества, современной молодежной вечеринки и работы или учебы. Они будут уместны в самых разнообразных ситуациях, соответствуют последним модным трендам и не противоречат классике. Изделия в стиле минимализм всегда будут в моде и придают любому наряду особую изысканность и шарм. В наборе с ними идет красивая подарочная упаковка. Эти серьги способны выступить отличным презентом для всех дорогих сердцу дам. Преподнести его уместно на рождественское и новогоднее торжество, годовщину свадьбы или отношений и день рождения. Оригинальный презент можно вручить также на юбилей или День Влюбленных, 8 марта и абсолютно любой другой без исключения праздник. Можно даже не ждать какого-то особого повода и преподнести роскошный сюрприз просто так, чтобы проявить внимание, любовь и заботу. Этот презент непременно порадует любимую девушку и сестру, дочку и маму, жену и лучшую подругу. Он обязательно вызовет восторг у бабушки и коллеги, тети и крестницы, племянницы и крестной. Ведь стильные и многофункциональные украшения обязательно займут почетное место в каждой женской коллекции. Они отличаются прочностью и долговечность, устойчивостью к износу и надолго сохранят изначальный вид при соблюдении элементарных правил по уходу. Для хранения рекомендуется использовать шкатулку и мягкой тканевой обивкой. Следует избегать механических повреждений и попадания агрессивных химических веществ. Протирать поверхность рекомендуется мягкой тряпочкой из микрофибры. У нас есть акции и распродажи, вы можете купить наши товары в подарок со скидкой! Гарантийный срок для ювелирных изделий составляет 6 (шесть) календарных месяцев, и исчисляется со дня передачи изделия потребителю. Вес товара в карточке является средним и может отличаться от веса изделий, которые поступят вам. Произведено в России.","Добрый день! В интернет-магазине Wildberries работает динамическое ценообразование - гибкий подход к переоценке товаров, основанный на использовании различных стратегий и тактик ценообразования в зависимости от разнообразных событий, происходящих на рынке. Это значит, что фиксированная цена на товар отсутствует, а акции обновляются каждый день. При этом, акции могут быть на бренды, на конкретные категории товаров, на схожие по характеристикам товары и т.д.",0
3756889,почему так сильно подорожали?,"{'Проба': '585', 'Состав комплекта': 'серьги - 2 шт', 'Повод': 'день рождения', 'Покрытие': 'родий', 'Длина упаковки': '12 см', 'Комплектация': 'серьги', 'Высота упаковки': '1 см', 'Ширина упаковки': '9 см', 'Вставка': 'фианит', 'Состав ювелирного изделия': 'золото красное', 'Чистота вставки': '24 Фианит недраг Круг 0,90, 2 Фианит недраг Круг 5,00', 'ТНВЭД': '7113190000', 'Страна производства': 'Россия', 'Цвет': 'золотистый', 'Вид замка': 'английский', 'Минимальный вес (г)': '2.22 г', 'Модель сережек': 'повседневные', 'Назначение подарка': 'любимой', 'Пол': 'Женский'}  Серьги золотые 585 пробы с камнями ювелирные. Элегантные серьги бренда SOKOLOV станут любимыми женскими украшениями и могут смело использоваться в качестве базовых аксессуаров на каждый день. Они изготовлены из золота 585 пробы и украшены белыми фианитами. Стильные сережки с английским замком гармонично дополнят образ маленькой девочки - подростка и молодой девчонки, взрослой женщины среднего и более зрелого возраста. Оригинальный комплект ювелирных украшений шикарно впишется в повседневный и праздничный нарядный лук. Минималистичные сережки классического золотистого цвета идеальны для вечернего выхода и свадебного торжества, современной молодежной вечеринки и работы или учебы. Они будут уместны в самых разнообразных ситуациях, соответствуют последним модным трендам и не противоречат классике. Изделия в стиле минимализм всегда будут в моде и придают любому наряду особую изысканность и шарм. В наборе с ними идет красивая подарочная упаковка. Эти серьги способны выступить отличным презентом для всех дорогих сердцу дам. Преподнести его уместно на рождественское и новогоднее торжество, годовщину свадьбы или отношений и день рождения. Оригинальный презент можно вручить также на юбилей или День Влюбленных, 8 марта и абсолютно любой другой без исключения праздник. Можно даже не ждать какого-то особого повода и преподнести роскошный сюрприз просто так, чтобы проявить внимание, любовь и заботу. Этот презент непременно порадует любимую девушку и сестру, дочку и маму, жену и лучшую подругу. Он обязательно вызовет восторг у бабушки и коллеги, тети и крестницы, племянницы и крестной. Ведь стильные и многофункциональные украшения обязательно займут почетное место в каждой женской коллекции. Они отличаются прочностью и долговечность, устойчивостью к износу и надолго сохранят изначальный вид при соблюдении элементарных правил по уходу. Для хранения рекомендуется использовать шкатулку и мягкой тканевой обивкой. Следует избегать механических повреждений и попадания агрессивных химических веществ. Протирать поверхность рекомендуется мягкой тряпочкой из микрофибры. У нас есть акции и распродажи, вы можете купить наши товары в подарок со скидкой! Гарантийный срок для ювелирных изделий составляет 6 (шесть) календарных месяцев, и исчисляется со дня передачи изделия потребителю. Вес товара в карточке является средним и может отличаться от веса изделий, которые поступят вам. Произведено в России.","Добрый день! В интернет-магазине Wildberries работает динамическое ценообразование - гибкий подход к переоценке товаров, основанный на использовании различных стратегий и тактик ценообразования в зависимости от разнообразных событий, происходящих на рынке. Это значит, что фиксированная цена на товар отсутствует, а акции обновляются каждый день. При этом, акции могут быть на бренды, на конкретные категории товаров, на схожие по характеристикам товары и т.д.",0
3756889,как можно оформить рассрочку?,"{'Проба': '585', 'Состав комплекта': 'серьги - 2 шт', 'Повод': 'день рождения', 'Покрытие': 'родий', 'Длина упаковки': '12 см', 'Комплектация': 'серьги', 'Высота упаковки': '1 см', 'Ширина упаковки': '9 см', 'Вставка': 'фианит', 'Состав ювелирного изделия': 'золото красное', 'Чистота вставки': '24 Фианит недраг Круг 0,90, 2 Фианит недраг Круг 5,00', 'ТНВЭД': '7113190000', 'Страна производства': 'Россия', 'Цвет': 'золотистый', 'Вид замка': 'английский', 'Минимальный вес (г)': '2.22 г', 'Модель сережек': 'повседневные', 'Назначение подарка': 'любимой', 'Пол': 'Женский'}  Серьги золотые 585 пробы с камнями ювелирные. Элегантные серьги бренда SOKOLOV станут любимыми женскими украшениями и могут смело использоваться в качестве базовых аксессуаров на каждый день. Они изготовлены из золота 585 пробы и украшены белыми фианитами. Стильные сережки с английским замком гармонично дополнят образ маленькой девочки - подростка и молодой девчонки, взрослой женщины среднего и более зрелого возраста. Оригинальный комплект ювелирных украшений шикарно впишется в повседневный и праздничный нарядный лук. Минималистичные сережки классического золотистого цвета идеальны для вечернего выхода и свадебного торжества, современной молодежной вечеринки и работы или учебы. Они будут уместны в самых разнообразных ситуациях, соответствуют последним модным трендам и не противоречат классике. Изделия в стиле минимализм всегда будут в моде и придают любому наряду особую изысканность и шарм. В наборе с ними идет красивая подарочная упаковка. Эти серьги способны выступить отличным презентом для всех дорогих сердцу дам. Преподнести его уместно на рождественское и новогоднее торжество, годовщину свадьбы или отношений и день рождения. Оригинальный презент можно вручить также на юбилей или День Влюбленных, 8 марта и абсолютно любой другой без исключения праздник. Можно даже не ждать какого-то особого повода и преподнести роскошный сюрприз просто так, чтобы проявить внимание, любовь и заботу. Этот презент непременно порадует любимую девушку и сестру, дочку и маму, жену и лучшую подругу. Он обязательно вызовет восторг у бабушки и коллеги, тети и крестницы, племянницы и крестной. Ведь стильные и многофункциональные украшения обязательно займут почетное место в каждой женской коллекции. Они отличаются прочностью и долговечность, устойчивостью к износу и надолго сохранят изначальный вид при соблюдении элементарных правил по уходу. Для хранения рекомендуется использовать шкатулку и мягкой тканевой обивкой. Следует избегать механических повреждений и попадания агрессивных химических веществ. Протирать поверхность рекомендуется мягкой тряпочкой из микрофибры. У нас есть акции и распродажи, вы можете купить наши товары в подарок со скидкой! Гарантийный срок для ювелирных изделий составляет 6 (шесть) календарных месяцев, и исчисляется со дня передачи изделия потребителю. Вес товара в карточке является средним и может отличаться от веса изделий, которые поступят вам. Произведено в России.",Здравствуйте! По данному вопросу мы рекомендуем Вам обратиться в поддержку Wildberries.,0
3756889,"в 2022 году стоимость составляла 9500 по отзывам. по какой причине цена взлетела в два раза !  завышена уюстоимомть, вы не считаете ?","{'Проба': '585', 'Состав комплекта': 'серьги - 2 шт', 'Повод': 'день рождения', 'Покрытие': 'родий', 'Длина упаковки': '12 см', 'Комплектация': 'серьги', 'Высота упаковки': '1 см', 'Ширина упаковки': '9 см', 'Вставка': 'фианит', 'Состав ювелирного изделия': 'золото красное', 'Чистота вставки': '24 Фианит недраг Круг 0,90, 2 Фианит недраг Круг 5,00', 'ТНВЭД': '7113190000', 'Страна производства': 'Россия', 'Цвет': 'золотистый', 'Вид замка': 'английский', 'Минимальный вес (г)': '2.22 г', 'Модель сережек': 'повседневные', 'Назначение подарка': 'любимой', 'Пол': 'Женский'}  Серьги золотые 585 пробы с камнями ювелирные. Элегантные серьги бренда SOKOLOV станут любимыми женскими украшениями и могут смело использоваться в качестве базовых аксессуаров на каждый день. Они изготовлены из золота 585 пробы и украшены белыми фианитами. Стильные сережки с английским замком гармонично дополнят образ маленькой девочки - подростка и молодой девчонки, взрослой женщины среднего и более зрелого возраста. Оригинальный комплект ювелирных украшений шикарно впишется в повседневный и праздничный нарядный лук. Минималистичные сережки классического золотистого цвета идеальны для вечернего выхода и свадебного торжества, современной молодежной вечеринки и работы или учебы. Они будут уместны в самых разнообразных ситуациях, соответствуют последним модным трендам и не противоречат классике. Изделия в стиле минимализм всегда будут в моде и придают любому наряду особую изысканность и шарм. В наборе с ними идет красивая подарочная упаковка. Эти серьги способны выступить отличным презентом для всех дорогих сердцу дам. Преподнести его уместно на рождественское и новогоднее торжество, годовщину свадьбы или отношений и день рождения. Оригинальный презент можно вручить также на юбилей или День Влюбленных, 8 марта и абсолютно любой другой без исключения праздник. Можно даже не ждать какого-то особого повода и преподнести роскошный сюрприз просто так, чтобы проявить внимание, любовь и заботу. Этот презент непременно порадует любимую девушку и сестру, дочку и маму, жену и лучшую подругу. Он обязательно вызовет восторг у бабушки и коллеги, тети и крестницы, племянницы и крестной. Ведь стильные и многофункциональные украшения обязательно займут почетное место в каждой женской коллекции. Они отличаются прочностью и долговечность, устойчивостью к износу и надолго сохранят изначальный вид при соблюдении элементарных правил по уходу. Для хранения рекомендуется использовать шкатулку и мягкой тканевой обивкой. Следует избегать механических повреждений и попадания агрессивных химических веществ. Протирать поверхность рекомендуется мягкой тряпочкой из микрофибры. У нас есть акции и распродажи, вы можете купить наши товары в подарок со скидкой! Гарантийный срок для ювелирных изделий составляет 6 (шесть) календарных месяцев, и исчисляется со дня передачи изделия потребителю. Вес товара в карточке является средним и может отличаться от веса изделий, которые поступят вам. Произведено в России.","Добрый день! В интернет-магазине Wildberries работает динамическое ценообразование - гибкий подход к переоценке товаров, основанный на использовании различных стратегий и тактик ценообразования в зависимости от разнообразных событий, происходящих на рынке. Это значит, что фиксированная цена на товар отсутствует, а акции обновляются каждый день. При этом, акции могут быть на бренды, на конкретные категории товаров, на схожие по характеристикам товары и т.д.",0
3756889,Когда появится в наличии?,"{'Проба': '585', 'Состав комплекта': 'серьги - 2 шт', 'Повод': 'день рождения', 'Покрытие': 'родий', 'Длина упаковки': '12 см', 'Комплектация': 'серьги', 'Высота упаковки': '1 см', 'Ширина упаковки': '9 см', 'Вставка': 'фианит', 'Состав ювелирного изделия': 'золото красное', 'Чистота вставки': '24 Фианит недраг Круг 0,90, 2 Фианит недраг Круг 5,00', 'ТНВЭД': '7113190000', 'Страна производства': 'Россия', 'Цвет': 'золотистый', 'Вид замка': 'английский', 'Минимальный вес (г)': '2.22 г', 'Модель сережек': 'повседневные', 'Назначение подарка': 'любимой', 'Пол': 'Женский'}  Серьги золотые 585 пробы с камнями ювелирные. Элегантные серьги бренда SOKOLOV станут любимыми женскими украшениями и могут смело использоваться в качестве базовых аксессуаров на каждый день. Они изготовлены из золота 585 пробы и украшены белыми фианитами. Стильные сережки с английским замком гармонично дополнят образ маленькой девочки - подростка и молодой девчонки, взрослой женщины среднего и более зрелого возраста. Оригинальный комплект ювелирных украшений шикарно впишется в повседневный и праздничный нарядный лук. Минималистичные сережки классического золотистого цвета идеальны для вечернего выхода и свадебного торжества, современной молодежной вечеринки и работы или учебы. Они будут уместны в самых разнообразных ситуациях, соответствуют последним модным трендам и не противоречат классике. Изделия в стиле минимализм всегда будут в моде и придают любому наряду особую изысканность и шарм. В наборе с ними идет красивая подарочная упаковка. Эти серьги способны выступить отличным презентом для всех дорогих сердцу дам. Преподнести его уместно на рождественское и новогоднее торжество, годовщину свадьбы или отношений и день рождения. Оригинальный презент можно вручить также на юбилей или День Влюбленных, 8 марта и абсолютно любой другой без исключения праздник. Можно даже не ждать какого-то особого повода и преподнести роскошный сюрприз просто так, чтобы проявить внимание, любовь и заботу. Этот презент непременно порадует любимую девушку и сестру, дочку и маму, жену и лучшую подругу. Он обязательно вызовет восторг у бабушки и коллеги, тети и крестницы, племянницы и крестной. Ведь стильные и многофункциональные украшения обязательно займут почетное место в каждой женской коллекции. Они отличаются прочностью и долговечность, устойчивостью к износу и надолго сохранят изначальный вид при соблюдении элементарных правил по уходу. Для хранения рекомендуется использовать шкатулку и мягкой тканевой обивкой. Следует избегать механических повреждений и попадания агрессивных химических веществ. Протирать поверхность рекомендуется мягкой тряпочкой из микрофибры. У нас есть акции и распродажи, вы можете купить наши товары в подарок со скидкой! Гарантийный срок для ювелирных изделий составляет 6 (шесть) календарных месяцев, и исчисляется со дня передачи изделия потребителю. Вес товара в карточке является средним и может отличаться от веса изделий, которые поступят вам. Произведено в России.","Добрый день! К сожалению, поступление товара в ближайшее время не ожидается. Информация о поступлениях обновляется на ежедневной основе. Рекомендуем Вам следить за обновлениями на сайте.",0
3756889,"кольцо этой модели весит 1.92 грамма и стоит 12000р., а вот серьги весят 2.20 грамма и в два рада почти дороже,  то есть 21000р.  Вероятно такое, что цена на серьги снизится до более адекватной ?","{'Проба': '585', 'Состав комплекта': 'серьги - 2 шт', 'Повод': 'день рождения', 'Покрытие': 'родий', 'Длина упаковки': '12 см', 'Комплектация': 'серьги', 'Высота упаковки': '1 см', 'Ширина упаковки': '9 см', 'Вставка': 'фианит', 'Состав ювелирного изделия': 'золото красное', 'Чистота вставки': '24 Фианит недраг Круг 0,90, 2 Фианит недраг Круг 5,00', 'ТНВЭД': '7113190000', 'Страна производства': 'Россия', 'Цвет': 'золотистый', 'Вид замка': 'английский', 'Минимальный вес (г)': '2.22 г', 'Модель сережек': 'повседневные', 'Назначение подарка': 'любимой', 'Пол': 'Женский'}  Серьги золотые 585 пробы с камнями ювелирные. Элегантные серьги бренда SOKOLOV станут любимыми женскими украшениями и могут смело использоваться в качестве базовых аксессуаров на каждый день. Они изготовлены из золота 585 пробы и украшены белыми фианитами. Стильные сережки с английским замком гармонично дополнят образ маленькой девочки - подростка и молодой девчонки, взрослой женщины среднего и более зрелого возраста. Оригинальный комплект ювелирных украшений шикарно впишется в повседневный и праздничный нарядный лук. Минималистичные сережки классического золотистого цвета идеальны для вечернего выхода и свадебного торжества, современной молодежной вечеринки и работы или учебы. Они будут уместны в самых разнообразных ситуациях, соответствуют последним модным трендам и не противоречат классике. Изделия в стиле минимализм всегда будут в моде и придают любому наряду особую изысканность и шарм. В наборе с ними идет красивая подарочная упаковка. Эти серьги способны выступить отличным презентом для всех дорогих сердцу дам. Преподнести его уместно на рождественское и новогоднее торжество, годовщину свадьбы или отношений и день рождения. Оригинальный презент можно вручить также на юбилей или День Влюбленных, 8 марта и абсолютно любой другой без исключения праздник. Можно даже не ждать какого-то особого повода и преподнести роскошный сюрприз просто так, чтобы проявить внимание, любовь и заботу. Этот презент непременно порадует любимую девушку и сестру, дочку и маму, жену и лучшую подругу. Он обязательно вызовет восторг у бабушки и коллеги, тети и крестницы, племянницы и крестной. Ведь стильные и многофункциональные украшения обязательно займут почетное место в каждой женской коллекции. Они отличаются прочностью и долговечность, устойчивостью к износу и надолго сохранят изначальный вид при соблюдении элементарных правил по уходу. Для хранения рекомендуется использовать шкатулку и мягкой тканевой обивкой. Следует избегать механических повреждений и попадания агрессивных химических веществ. Протирать поверхность рекомендуется мягкой тряпочкой из микрофибры. У нас есть акции и распродажи, вы можете купить наши товары в подарок со скидкой! Гарантийный срок для ювелирных изделий составляет 6 (шесть) календарных месяцев, и исчисляется со дня передачи изделия потребителю. Вес товара в карточке является средним и может отличаться от веса изделий, которые поступят вам. Произведено в России.",вкн,0
2233466,"Здравствуйте!Очень красивая подвеска, но 2 раза мне уже попалась бракованная, ушко находится не над башней, а сбоку, она получается заваленная на бок…Пожалуйста, положите мне хорошую подвеску!🙏","{'Комплектация': 'подвеска', 'Вид подвески': 'на цепочку', 'Чистота вставки': '1 Бр Круг 57 0,021 3/6 А, 1 Авантюриновое стекло синт. Круг 20,00, 1 Сапфировое стекло недраг 20,00', 'Состав комплекта': 'подвеска', 'Страна производства': 'Россия', 'Покрытие': 'без покрытия', 'Минимальный вес (г)': '4.92 г', 'Ширина упаковки': '9 см', 'Назначение подарка': 'маме', 'Вставка': 'авантюриновое стекло', 'Проба': '585', 'Пол': 'Женский', 'Цвет': 'золотистый', 'ТНВЭД': '7113190000', 'Высота упаковки': '1 см', 'Повод': 'день Святого Валентина', 'Состав ювелирного изделия': 'золото красное', 'Длина упаковки': '12 см'}  Золотая подвеска кулон из золота 585 пробы. Золотая ювелирная подвеска кулон от SOKOLOV, изготовленная из золота 585 пробы. Это изделие стало настоящим хитом среди женщин и девушек благодаря своей красоте и элегантности. Золотая подвеска кулон с камнем натуральным бриллиантом, авантюриновым и сапфировым стеклом идеально подходит для вечера или повседневного стиля. Классический дизайн делает эту подвеску особенно привлекательной и значимой. Она станет отличным выбором для девушек и женщин всех возрастов. Подвеска выполнена из красного золота 585 пробы, это гарантирует стойкость и прочность изделия, придают ему блеск и яркость. Золотая подвеска кулон на шею это не только красивый аксессуар, но и отличный способ выразить свою индивидуальность и стиль. Она прекрасно дополнит ваш образ, добавит нежности и шарма. Это идеальный выбор как для повседневной носки, так и для особых случаев. Каждая женщина заслуживает быть в центре внимания, и эта женская золотая подвеска именно то, что нужно, чтобы привлечь восхищенные взгляды. Она удачно сочетается с различными стилями одежды. Это украшение позволит вам почувствовать себя особенной и уверенной в себе. Кулон прекрасно подойдет для любых целей и назначений в том числе и как кулон в подарок маме, для девочек и подруг. На каждый день под повседневный образ, для праздничных и торжественных встреч, офисного и делового образа, а так же для свиданий или свадьбы. Более того, эта золотая подвеска может стать хорошим подарком для каждой женщины и девушки, на 8 марта, день рождения или юбилей! Кулончик с камнем уже идет в подарочной упаковке, что делает его готовым сюрпризом для любого повода! Ювелирные изделия от бренда SOKOLOV это превосходный дизайн, строгий контроль в процессе изготовления и высокие стандарты качества! Обращаем ваше внимание значение веса на фото и в характеристиках являются примерными и могут отличаться от фактического. Гарантийный срок для ювелирных изделий составляет 6 календарных месяцев, и исчисляется со дня передачи изделия потребителю.",Вопрос отклонён,0
79827835,"Здравствуйте, манжеты, воротник отстегиваются ?","{'Декоративные элементы': 'кружевной воротник', 'Назначение платья': 'школьная форма для девочек', 'Состав': '3% эластан', 'Вид застежки': 'пояс', 'Комплектация': 'Платье - 1 шт.', 'Любимые герои': 'школа', 'Ставка НДС': 'Без НДС', 'Вырез горловины': 'круглый', 'Ширина упаковки': '28 см', 'Рост модели на фото': '158 см', 'Покрой': 'приталенный', 'Номер сертификата соответствия': 'ЕАЭС RU С-RU.НВ38.В.00806/21', 'Религиозное предназначение': 'православие', 'ТНВЭД': '6204499000', 'Фактура материала': 'плотный несминаемый материал', 'Длина юбки/платья': 'До колена', 'Дата регистрации сертификата/декларации': '08.11.2021', 'Уход за вещами': 'отбеливание запрещено', 'Рисунок': 'однотонное', 'Тип карманов': 'без карманов', 'Высота упаковки': '4 см', 'Дата окончания действия сертификата/декларации': '07.11.2024', 'Параметры модели на фото (ОГ-ОТ-ОБ)': '72-56-80', 'Материал подкладки': '100% хлопок', 'Тип ростовки': 'для высоких, для невысоких', 'Назначение': 'школьное платье', 'Пол': 'Девочки', 'Страна производства': 'Россия', 'Цвет': 'коричневый', 'Длина упаковки': '34 см', 'Коллекция': 'школа 2024', 'Тип рукава': 'длинные', 'Модель платья': 'платье пышное для девочки', 'Размер на модели': '152-158', 'Особенности модели': 'платье школьное для девочки'} {'Российский размер 116-122': 'Рост, см 116-122', 'Российский размер 128-134': 'Рост, см 128-134', 'Российский размер 134-140': 'Рост, см 134-140', 'Российский размер 146-152': 'Рост, см 146-152', 'Российский размер 158-164': 'Рост, см 158-164', 'Российский размер 164-170': 'Рост, см 164-170', 'Российский размер 122-128': 'Возраст, лет 7-8, Обхват бедер, в см 66-70, Обхват груди, в см 64-66, Обхват талии, в см 60-61, Рост, см 122-128', 'Российский размер 140-146': 'Рост, см 140-146', 'Российский размер 152-158': 'Рост, см 152-158'} Платье школьное нарядное. Классическое нарядное школьное платье Эйрин Sc со съемным воротником с подкладкой на лифе для девочек младшей средней и старшей школьной группы от бренда Alisia Fiori. Наша классическая топовая модель, качество и актуальность которой проверена временем и многими покупателями. Это красивое платье для школы является неоднократным участником Модных Показов. Входит в регулярную коллекцию Alisia Fiori. Выполнено из поливискозной костюмно-плательной ткани: несминаемой, плотной, не скатывающейся. Также ткань обладает износостойкостью, не теряет форму и внешний вид после стирки. Особую нарядность изделию придают пышная юбка в складку и съемный белый кружевной воротник, который пришит к изделию на машинах ручного стежка и легко снимается. Рукав длинный с приподнятой головкой по плечу с возможностью регулировки за счет отгибающихся манжет. Край манжет украшен фактурным узким несьемным кружевом. Для удобства эксплуатации в центральном шве спинки предусмотрена застежка-молния, переходящая за линию талии, благодаря чему изделие можно одевать через ноги. Ширина изделия по линии талии может регулироваться за счет полупоясов, выходящих из боковых швов и завязывающихся сзади на бант. Лиф платья на подкладке из хлопковой ткани. Платье с длинным рукавом прекрасно вписывается в гардероб современной школьницы. Гармонично комплектуется со всеми предметами базового и альтернативных гардеробов. Отлично подходит к фартуку Ната Sc. Мы за то, чтобы школьная форма была красивой, удобной и современной. Красивое школьное платье формирует хороший вкус. Такие как хорошая осанка, ухоженные и уложенные волосы, умение правильно подбирать аксессуары, колготки и обувь под платье. В платье девочки даже сидят не так как в брюках. И это естественно, потому что платье – это сакральный предмет женского гардероба, формирующий идентичность девочки с детства. Бережная стирка при температуре 30 градусов отдельно от других вещей. Перед первыми двумя стирками рекомендуем снять воротник.","Здравствуйте. Съемный белый кружевной воротник, который пришит к изделию на машинах ручного стежка и легко снимается. Благодарим за вопрос.",1
171400010,"здравствуйте, подскажите, гель с витамином С, подходит для кожи куперозом?","{'Высота упаковки': '16 см', 'Длина упаковки': '4 см', 'Дата окончания действия сертификата/декларации': '06.06.2028', 'Повод': '8 марта', 'Назначение косметического средства': 'для лица', 'Упаковка': 'флакон', 'Действие': 'очищение', 'Дата регистрации сертификата/декларации': '07.06.2023', 'Вес товара с упаковкой (г)': '243 г', 'Страна производства': 'Россия', 'Форма упаковки': 'без давления', 'Объем товара': '200 мл', 'Срок годности': '3 года', 'Номер декларации соответствия': 'ЕАЭС N RU Д-FR.РА04.В.49610/23', 'Комплектация': 'Гель-пенка для лица Garnier 1 шт', 'Раздел меню': 'уход за лицом', 'Назначение подарка': 'любимой', 'Ширина упаковки': '7 см', 'Тип кожи': 'для всех типов кожи', 'Прямые поставки от производителя': 'да', 'Состав': 'экстракт цитрусов'}  Гель-пенка для умывания с витамином С 200 мл. Гель-пенка для лица Витамин С Гель-пенка для умывания Garnier Skin Naturals с витамином С — средство для ухода за лицом нового поколения, сочетающее пользу природных компонентов и доказанную эффективность. Гель-пенка для умывания лица бережно удаляет излишки кожного жира и загрязнения, при этом не пересушивая кожу, придает ей сияние, гладкость и способствует увлажнению. Витамин С в составе средства обеспечивает выравнивание тона лица, защищает кожу от окислительного стресса и оказывает антиоксидантное действие. Уход для лица от Garnier подходит для всех типов кожи и может использоваться на ежедневной основе. СПОСОБ ПРИМЕНЕНИЯ: вспеньте в ладонях небольшое количество геля для умывания и нанесите на влажную кожу лица, избегая зоны вокруг глаз. Помассируйте и тщательно смойте пенку для умывания водой. Используйте гель для умывания лица дважды в день — утром и вечером. Для еще большего сияния кожи лица дополните ваш уход другими средствами из линейки Garnier Naturals — мицеллярной водой, сывороткой «Супер Сияние» и дневным кремом с витамином С для лица. ИНГРЕДИЕНТЫ: 1. Витамин С известен как дерматологически активный компонент, который помогает сократить гиперпигментацию и придает коже сияющий и здоровый вид. 2. Цитрусовый экстракт помогает выравнивать тон кожи. Этот натуральный ингредиент получен из возобновляемых источников с применением технологий, соответствующих принципам зеленой химии.","Добрый день! Благодарим Вас за проявленный интерес к бренду! Гель-пенка для умывания с витамином С может смыть легкий макияж, выполненный не водостойкими продуктами. Не рекомендуем использовать гель для удаления макияжа с области вокруг глаз. Средства ухода Garnier не тестировались на коже с куперозом, поэтому не могут быть рекомендованы при данных состояниях, если Вы сомневаетесь и/или считаете, что ваше состояние требует индивидуального подхода, то мы всегда рекомендуем поговорить с Вашим врачом и следовать eгo советам. Желаем приятного шопинга!",1
171400010,Можно ли пенкой смывать с глаз тушь ?,"{'Высота упаковки': '16 см', 'Длина упаковки': '4 см', 'Дата окончания действия сертификата/декларации': '06.06.2028', 'Повод': '8 марта', 'Назначение косметического средства': 'для лица', 'Упаковка': 'флакон', 'Действие': 'очищение', 'Дата регистрации сертификата/декларации': '07.06.2023', 'Вес товара с упаковкой (г)': '243 г', 'Страна производства': 'Россия', 'Форма упаковки': 'без давления', 'Объем товара': '200 мл', 'Срок годности': '3 года', 'Номер декларации соответствия': 'ЕАЭС N RU Д-FR.РА04.В.49610/23', 'Комплектация': 'Гель-пенка для лица Garnier 1 шт', 'Раздел меню': 'уход за лицом', 'Назначение подарка': 'любимой', 'Ширина упаковки': '7 см', 'Тип кожи': 'для всех типов кожи', 'Прямые поставки от производителя': 'да', 'Состав': 'экстракт цитрусов'}  Гель-пенка для умывания с витамином С 200 мл. Гель-пенка для лица Витамин С Гель-пенка для умывания Garnier Skin Naturals с витамином С — средство для ухода за лицом нового поколения, сочетающее пользу природных компонентов и доказанную эффективность. Гель-пенка для умывания лица бережно удаляет излишки кожного жира и загрязнения, при этом не пересушивая кожу, придает ей сияние, гладкость и способствует увлажнению. Витамин С в составе средства обеспечивает выравнивание тона лица, защищает кожу от окислительного стресса и оказывает антиоксидантное действие. Уход для лица от Garnier подходит для всех типов кожи и может использоваться на ежедневной основе. СПОСОБ ПРИМЕНЕНИЯ: вспеньте в ладонях небольшое количество геля для умывания и нанесите на влажную кожу лица, избегая зоны вокруг глаз. Помассируйте и тщательно смойте пенку для умывания водой. Используйте гель для умывания лица дважды в день — утром и вечером. Для еще большего сияния кожи лица дополните ваш уход другими средствами из линейки Garnier Naturals — мицеллярной водой, сывороткой «Супер Сияние» и дневным кремом с витамином С для лица. ИНГРЕДИЕНТЫ: 1. Витамин С известен как дерматологически активный компонент, который помогает сократить гиперпигментацию и придает коже сияющий и здоровый вид. 2. Цитрусовый экстракт помогает выравнивать тон кожи. Этот натуральный ингредиент получен из возобновляемых источников с применением технологий, соответствующих принципам зеленой химии.","Добрый день! Благодарим за обращение! Гель-пенка для умывания с витамином С может смыть легкий макияж, выполненный не водостойкими продуктами. Не рекомендуем использовать гель для удаления макияжа с области вокруг глаз. В линейке Garnier также представлена мицеллярная вода с витамином С (Артикул: 105016074), которая эффективно очищает кожу, улучшает цвет лица и придает сияние. Желаем удачных покупок!",1
171400010,"Здравствуйте.  Подскажите пожалуйста,  когда будет в наличии  гель пенка 171400010","{'Высота упаковки': '16 см', 'Длина упаковки': '4 см', 'Дата окончания действия сертификата/декларации': '06.06.2028', 'Повод': '8 марта', 'Назначение косметического средства': 'для лица', 'Упаковка': 'флакон', 'Действие': 'очищение', 'Дата регистрации сертификата/декларации': '07.06.2023', 'Вес товара с упаковкой (г)': '243 г', 'Страна производства': 'Россия', 'Форма упаковки': 'без давления', 'Объем товара': '200 мл', 'Срок годности': '3 года', 'Номер декларации соответствия': 'ЕАЭС N RU Д-FR.РА04.В.49610/23', 'Комплектация': 'Гель-пенка для лица Garnier 1 шт', 'Раздел меню': 'уход за лицом', 'Назначение подарка': 'любимой', 'Ширина упаковки': '7 см', 'Тип кожи': 'для всех типов кожи', 'Прямые поставки от производителя': 'да', 'Состав': 'экстракт цитрусов'}  Гель-пенка для умывания с витамином С 200 мл. Гель-пенка для лица Витамин С Гель-пенка для умывания Garnier Skin Naturals с витамином С — средство для ухода за лицом нового поколения, сочетающее пользу природных компонентов и доказанную эффективность. Гель-пенка для умывания лица бережно удаляет излишки кожного жира и загрязнения, при этом не пересушивая кожу, придает ей сияние, гладкость и способствует увлажнению. Витамин С в составе средства обеспечивает выравнивание тона лица, защищает кожу от окислительного стресса и оказывает антиоксидантное действие. Уход для лица от Garnier подходит для всех типов кожи и может использоваться на ежедневной основе. СПОСОБ ПРИМЕНЕНИЯ: вспеньте в ладонях небольшое количество геля для умывания и нанесите на влажную кожу лица, избегая зоны вокруг глаз. Помассируйте и тщательно смойте пенку для умывания водой. Используйте гель для умывания лица дважды в день — утром и вечером. Для еще большего сияния кожи лица дополните ваш уход другими средствами из линейки Garnier Naturals — мицеллярной водой, сывороткой «Супер Сияние» и дневным кремом с витамином С для лица. ИНГРЕДИЕНТЫ: 1. Витамин С известен как дерматологически активный компонент, который помогает сократить гиперпигментацию и придает коже сияющий и здоровый вид. 2. Цитрусовый экстракт помогает выравнивать тон кожи. Этот натуральный ингредиент получен из возобновляемых источников с применением технологий, соответствующих принципам зеленой химии.",Добрый день! Благодарим Вас за вопрос! Даты новых поступлений пока неизвестны. Для автоматического оповещения о поступлении рекомендуем добавить продукт в лист ожидания. Хорошего дня!,0
171400010,"здравствуйте,  этот гель очищает жирную кожу?","{'Высота упаковки': '16 см', 'Длина упаковки': '4 см', 'Дата окончания действия сертификата/декларации': '06.06.2028', 'Повод': '8 марта', 'Назначение косметического средства': 'для лица', 'Упаковка': 'флакон', 'Действие': 'очищение', 'Дата регистрации сертификата/декларации': '07.06.2023', 'Вес товара с упаковкой (г)': '243 г', 'Страна производства': 'Россия', 'Форма упаковки': 'без давления', 'Объем товара': '200 мл', 'Срок годности': '3 года', 'Номер декларации соответствия': 'ЕАЭС N RU Д-FR.РА04.В.49610/23', 'Комплектация': 'Гель-пенка для лица Garnier 1 шт', 'Раздел меню': 'уход за лицом', 'Назначение подарка': 'любимой', 'Ширина упаковки': '7 см', 'Тип кожи': 'для всех типов кожи', 'Прямые поставки от производителя': 'да', 'Состав': 'экстракт цитрусов'}  Гель-пенка для умывания с витамином С 200 мл. Гель-пенка для лица Витамин С Гель-пенка для умывания Garnier Skin Naturals с витамином С — средство для ухода за лицом нового поколения, сочетающее пользу природных компонентов и доказанную эффективность. Гель-пенка для умывания лица бережно удаляет излишки кожного жира и загрязнения, при этом не пересушивая кожу, придает ей сияние, гладкость и способствует увлажнению. Витамин С в составе средства обеспечивает выравнивание тона лица, защищает кожу от окислительного стресса и оказывает антиоксидантное действие. Уход для лица от Garnier подходит для всех типов кожи и может использоваться на ежедневной основе. СПОСОБ ПРИМЕНЕНИЯ: вспеньте в ладонях небольшое количество геля для умывания и нанесите на влажную кожу лица, избегая зоны вокруг глаз. Помассируйте и тщательно смойте пенку для умывания водой. Используйте гель для умывания лица дважды в день — утром и вечером. Для еще большего сияния кожи лица дополните ваш уход другими средствами из линейки Garnier Naturals — мицеллярной водой, сывороткой «Супер Сияние» и дневным кремом с витамином С для лица. ИНГРЕДИЕНТЫ: 1. Витамин С известен как дерматологически активный компонент, который помогает сократить гиперпигментацию и придает коже сияющий и здоровый вид. 2. Цитрусовый экстракт помогает выравнивать тон кожи. Этот натуральный ингредиент получен из возобновляемых источников с применением технологий, соответствующих принципам зеленой химии.","Добрый день! Благодарим за интерес к нашему бренду! Гель-пенка для лица Витамин С бережно очищает кожу, придает ей сияние, гладкость и выравнивает тон лица благодаря содержанию экстракта цитруса и витамина С в формуле, подходит для всех типов кожи, включая жирную. Обращаем внимание на то, что подбор уходовой косметики является строго индивидуальным. Желаем удачных покупок и хорошего дня!",1
171400010,здравствуйте можно использовать на жирной кожи?,"{'Высота упаковки': '16 см', 'Длина упаковки': '4 см', 'Дата окончания действия сертификата/декларации': '06.06.2028', 'Повод': '8 марта', 'Назначение косметического средства': 'для лица', 'Упаковка': 'флакон', 'Действие': 'очищение', 'Дата регистрации сертификата/декларации': '07.06.2023', 'Вес товара с упаковкой (г)': '243 г', 'Страна производства': 'Россия', 'Форма упаковки': 'без давления', 'Объем товара': '200 мл', 'Срок годности': '3 года', 'Номер декларации соответствия': 'ЕАЭС N RU Д-FR.РА04.В.49610/23', 'Комплектация': 'Гель-пенка для лица Garnier 1 шт', 'Раздел меню': 'уход за лицом', 'Назначение подарка': 'любимой', 'Ширина упаковки': '7 см', 'Тип кожи': 'для всех типов кожи', 'Прямые поставки от производителя': 'да', 'Состав': 'экстракт цитрусов'}  Гель-пенка для умывания с витамином С 200 мл. Гель-пенка для лица Витамин С Гель-пенка для умывания Garnier Skin Naturals с витамином С — средство для ухода за лицом нового поколения, сочетающее пользу природных компонентов и доказанную эффективность. Гель-пенка для умывания лица бережно удаляет излишки кожного жира и загрязнения, при этом не пересушивая кожу, придает ей сияние, гладкость и способствует увлажнению. Витамин С в составе средства обеспечивает выравнивание тона лица, защищает кожу от окислительного стресса и оказывает антиоксидантное действие. Уход для лица от Garnier подходит для всех типов кожи и может использоваться на ежедневной основе. СПОСОБ ПРИМЕНЕНИЯ: вспеньте в ладонях небольшое количество геля для умывания и нанесите на влажную кожу лица, избегая зоны вокруг глаз. Помассируйте и тщательно смойте пенку для умывания водой. Используйте гель для умывания лица дважды в день — утром и вечером. Для еще большего сияния кожи лица дополните ваш уход другими средствами из линейки Garnier Naturals — мицеллярной водой, сывороткой «Супер Сияние» и дневным кремом с витамином С для лица. ИНГРЕДИЕНТЫ: 1. Витамин С известен как дерматологически активный компонент, который помогает сократить гиперпигментацию и придает коже сияющий и здоровый вид. 2. Цитрусовый экстракт помогает выравнивать тон кожи. Этот натуральный ингредиент получен из возобновляемых источников с применением технологий, соответствующих принципам зеленой химии.","Добрый день! Благодарим за обращение! Гель-пенка для лица Витамин С бережно очищает кожу, придает ей сияние, гладкость и выравнивает тон лица благодаря содержанию экстракта цитруса и витамина С в формуле, подходит для всех типов кожи, включая кожу, склонную к жирности. Обращаем внимание на то, что подбор уходовой косметики является строго индивидуальным. Желаем приятных покупок!",1
171400010,"Здравствуйте, какой полный состав у гель-пенки (171400010)?","{'Высота упаковки': '16 см', 'Длина упаковки': '4 см', 'Дата окончания действия сертификата/декларации': '06.06.2028', 'Повод': '8 марта', 'Назначение косметического средства': 'для лица', 'Упаковка': 'флакон', 'Действие': 'очищение', 'Дата регистрации сертификата/декларации': '07.06.2023', 'Вес товара с упаковкой (г)': '243 г', 'Страна производства': 'Россия', 'Форма упаковки': 'без давления', 'Объем товара': '200 мл', 'Срок годности': '3 года', 'Номер декларации соответствия': 'ЕАЭС N RU Д-FR.РА04.В.49610/23', 'Комплектация': 'Гель-пенка для лица Garnier 1 шт', 'Раздел меню': 'уход за лицом', 'Назначение подарка': 'любимой', 'Ширина упаковки': '7 см', 'Тип кожи': 'для всех типов кожи', 'Прямые поставки от производителя': 'да', 'Состав': 'экстракт цитрусов'}  Гель-пенка для умывания с витамином С 200 мл. Гель-пенка для лица Витамин С Гель-пенка для умывания Garnier Skin Naturals с витамином С — средство для ухода за лицом нового поколения, сочетающее пользу природных компонентов и доказанную эффективность. Гель-пенка для умывания лица бережно удаляет излишки кожного жира и загрязнения, при этом не пересушивая кожу, придает ей сияние, гладкость и способствует увлажнению. Витамин С в составе средства обеспечивает выравнивание тона лица, защищает кожу от окислительного стресса и оказывает антиоксидантное действие. Уход для лица от Garnier подходит для всех типов кожи и может использоваться на ежедневной основе. СПОСОБ ПРИМЕНЕНИЯ: вспеньте в ладонях небольшое количество геля для умывания и нанесите на влажную кожу лица, избегая зоны вокруг глаз. Помассируйте и тщательно смойте пенку для умывания водой. Используйте гель для умывания лица дважды в день — утром и вечером. Для еще большего сияния кожи лица дополните ваш уход другими средствами из линейки Garnier Naturals — мицеллярной водой, сывороткой «Супер Сияние» и дневным кремом с витамином С для лица. ИНГРЕДИЕНТЫ: 1. Витамин С известен как дерматологически активный компонент, который помогает сократить гиперпигментацию и придает коже сияющий и здоровый вид. 2. Цитрусовый экстракт помогает выравнивать тон кожи. Этот натуральный ингредиент получен из возобновляемых источников с применением технологий, соответствующих принципам зеленой химии.","Добрый день! Благодарим за обращение! Предлагаем ознакомиться с полным составом гель-пенки для умывания Витамин С: AQUA / WATER, SODIUM LAURETH SULFATE, COCO-BETAINE, SODIUM CHLORIDE, GLYCERIN, CITRUS LIMON FRUIT EXTRACT / LEMON FRUIT EXTRACT, PPG-5-CETETH-20, SODIUM HYDROXIDE, ASCORBYL GLUCOSIDE, CITRIC ACID, PANTHENOL, POLYQUATERNIUM-7, TOCOPHERYL ACETATE, SODIUM BENZOATE, SALICYLIC ACID, LINALOOL, LIMONENE, BENZYL SALICYLATE, PARFUM/FRAGRANCE. (F.I.L. Z289491/1). Желаем отличного дня!",0
171400010,"здравствуйте, какой pH у пенки?","{'Высота упаковки': '16 см', 'Длина упаковки': '4 см', 'Дата окончания действия сертификата/декларации': '06.06.2028', 'Повод': '8 марта', 'Назначение косметического средства': 'для лица', 'Упаковка': 'флакон', 'Действие': 'очищение', 'Дата регистрации сертификата/декларации': '07.06.2023', 'Вес товара с упаковкой (г)': '243 г', 'Страна производства': 'Россия', 'Форма упаковки': 'без давления', 'Объем товара': '200 мл', 'Срок годности': '3 года', 'Номер декларации соответствия': 'ЕАЭС N RU Д-FR.РА04.В.49610/23', 'Комплектация': 'Гель-пенка для лица Garnier 1 шт', 'Раздел меню': 'уход за лицом', 'Назначение подарка': 'любимой', 'Ширина упаковки': '7 см', 'Тип кожи': 'для всех типов кожи', 'Прямые поставки от производителя': 'да', 'Состав': 'экстракт цитрусов'}  Гель-пенка для умывания с витамином С 200 мл. Гель-пенка для лица Витамин С Гель-пенка для умывания Garnier Skin Naturals с витамином С — средство для ухода за лицом нового поколения, сочетающее пользу природных компонентов и доказанную эффективность. Гель-пенка для умывания лица бережно удаляет излишки кожного жира и загрязнения, при этом не пересушивая кожу, придает ей сияние, гладкость и способствует увлажнению. Витамин С в составе средства обеспечивает выравнивание тона лица, защищает кожу от окислительного стресса и оказывает антиоксидантное действие. Уход для лица от Garnier подходит для всех типов кожи и может использоваться на ежедневной основе. СПОСОБ ПРИМЕНЕНИЯ: вспеньте в ладонях небольшое количество геля для умывания и нанесите на влажную кожу лица, избегая зоны вокруг глаз. Помассируйте и тщательно смойте пенку для умывания водой. Используйте гель для умывания лица дважды в день — утром и вечером. Для еще большего сияния кожи лица дополните ваш уход другими средствами из линейки Garnier Naturals — мицеллярной водой, сывороткой «Супер Сияние» и дневным кремом с витамином С для лица. ИНГРЕДИЕНТЫ: 1. Витамин С известен как дерматологически активный компонент, который помогает сократить гиперпигментацию и придает коже сияющий и здоровый вид. 2. Цитрусовый экстракт помогает выравнивать тон кожи. Этот натуральный ингредиент получен из возобновляемых источников с применением технологий, соответствующих принципам зеленой химии.","Добрый день! Благодарим за внимание к бренду Garnier! рН данного продукта находится в пределах, законодательно определенных для категории уходовых средств для лица (рН 3,0 – 9,0), в зоне нейтральных показателей. Желаем замечательных покупок!",0
171400010,у геля с цитрусом до какого срок годности?,"{'Высота упаковки': '16 см', 'Длина упаковки': '4 см', 'Дата окончания действия сертификата/декларации': '06.06.2028', 'Повод': '8 марта', 'Назначение косметического средства': 'для лица', 'Упаковка': 'флакон', 'Действие': 'очищение', 'Дата регистрации сертификата/декларации': '07.06.2023', 'Вес товара с упаковкой (г)': '243 г', 'Страна производства': 'Россия', 'Форма упаковки': 'без давления', 'Объем товара': '200 мл', 'Срок годности': '3 года', 'Номер декларации соответствия': 'ЕАЭС N RU Д-FR.РА04.В.49610/23', 'Комплектация': 'Гель-пенка для лица Garnier 1 шт', 'Раздел меню': 'уход за лицом', 'Назначение подарка': 'любимой', 'Ширина упаковки': '7 см', 'Тип кожи': 'для всех типов кожи', 'Прямые поставки от производителя': 'да', 'Состав': 'экстракт цитрусов'}  Гель-пенка для умывания с витамином С 200 мл. Гель-пенка для лица Витамин С Гель-пенка для умывания Garnier Skin Naturals с витамином С — средство для ухода за лицом нового поколения, сочетающее пользу природных компонентов и доказанную эффективность. Гель-пенка для умывания лица бережно удаляет излишки кожного жира и загрязнения, при этом не пересушивая кожу, придает ей сияние, гладкость и способствует увлажнению. Витамин С в составе средства обеспечивает выравнивание тона лица, защищает кожу от окислительного стресса и оказывает антиоксидантное действие. Уход для лица от Garnier подходит для всех типов кожи и может использоваться на ежедневной основе. СПОСОБ ПРИМЕНЕНИЯ: вспеньте в ладонях небольшое количество геля для умывания и нанесите на влажную кожу лица, избегая зоны вокруг глаз. Помассируйте и тщательно смойте пенку для умывания водой. Используйте гель для умывания лица дважды в день — утром и вечером. Для еще большего сияния кожи лица дополните ваш уход другими средствами из линейки Garnier Naturals — мицеллярной водой, сывороткой «Супер Сияние» и дневным кремом с витамином С для лица. ИНГРЕДИЕНТЫ: 1. Витамин С известен как дерматологически активный компонент, который помогает сократить гиперпигментацию и придает коже сияющий и здоровый вид. 2. Цитрусовый экстракт помогает выравнивать тон кожи. Этот натуральный ингредиент получен из возобновляемых источников с применением технологий, соответствующих принципам зеленой химии.","Добрый день! Благодарим за обращение! У нас нет информации по срокам годности продукта, который будет поставлен именно Вам, так как они различаются от партии к партии. Желаем отличных покупок!",1
171400010,здравствуйте !Это очищающее средство и лосьон для кожи или просто лосьон для макияжа?и на какие виды  кожи пользоваться ?,"{'Высота упаковки': '16 см', 'Длина упаковки': '4 см', 'Дата окончания действия сертификата/декларации': '06.06.2028', 'Повод': '8 марта', 'Назначение косметического средства': 'для лица', 'Упаковка': 'флакон', 'Действие': 'очищение', 'Дата регистрации сертификата/декларации': '07.06.2023', 'Вес товара с упаковкой (г)': '243 г', 'Страна производства': 'Россия', 'Форма упаковки': 'без давления', 'Объем товара': '200 мл', 'Срок годности': '3 года', 'Номер декларации соответствия': 'ЕАЭС N RU Д-FR.РА04.В.49610/23', 'Комплектация': 'Гель-пенка для лица Garnier 1 шт', 'Раздел меню': 'уход за лицом', 'Назначение подарка': 'любимой', 'Ширина упаковки': '7 см', 'Тип кожи': 'для всех типов кожи', 'Прямые поставки от производителя': 'да', 'Состав': 'экстракт цитрусов'}  Гель-пенка для умывания с витамином С 200 мл. Гель-пенка для лица Витамин С Гель-пенка для умывания Garnier Skin Naturals с витамином С — средство для ухода за лицом нового поколения, сочетающее пользу природных компонентов и доказанную эффективность. Гель-пенка для умывания лица бережно удаляет излишки кожного жира и загрязнения, при этом не пересушивая кожу, придает ей сияние, гладкость и способствует увлажнению. Витамин С в составе средства обеспечивает выравнивание тона лица, защищает кожу от окислительного стресса и оказывает антиоксидантное действие. Уход для лица от Garnier подходит для всех типов кожи и может использоваться на ежедневной основе. СПОСОБ ПРИМЕНЕНИЯ: вспеньте в ладонях небольшое количество геля для умывания и нанесите на влажную кожу лица, избегая зоны вокруг глаз. Помассируйте и тщательно смойте пенку для умывания водой. Используйте гель для умывания лица дважды в день — утром и вечером. Для еще большего сияния кожи лица дополните ваш уход другими средствами из линейки Garnier Naturals — мицеллярной водой, сывороткой «Супер Сияние» и дневным кремом с витамином С для лица. ИНГРЕДИЕНТЫ: 1. Витамин С известен как дерматологически активный компонент, который помогает сократить гиперпигментацию и придает коже сияющий и здоровый вид. 2. Цитрусовый экстракт помогает выравнивать тон кожи. Этот натуральный ингредиент получен из возобновляемых источников с применением технологий, соответствующих принципам зеленой химии.","Добрый день! Спасибо за проявленный интерес к бренду. Гель-пенка для умывания Витамин С подходит для всех типов кожи. Он бережно удаляет излишки кожного жира, загрязнения, а также придает коже сияние и гладкость. Для комфортного и эффективного применения вспеньте в ладонях небольшое количество средства и нанесите на влажную кожу лица, избегая области вокруг глаз, помассируйте и тщательно смойте. Желаем Вам хорошего дня и приятных покупок!",1
2900370,"Добрый день , почему одна т та же цепь прищиоит с разным указанием веса, должно быть 2.16, а приезжает разного веса?","{'ТНВЭД': '7113190000', 'Вид плетения цепочки': 'якорное', 'Комплектация': 'цепочка', 'Пол': 'Женский', 'Страна производства': 'Россия', 'Цвет': 'серебристый', 'Повод': 'день рождения', 'Высота упаковки': '1 см', 'Вид замка': 'шпрингельный', 'Длина упаковки': '12 см', 'Минимальный вес (г)': '2.18 г', 'Покрытие': 'родий', 'Ширина упаковки': '9 см', 'Проба': '925', 'Назначение подарка': 'любимой', 'Состав ювелирного изделия': 'серебро', 'Вставка': 'без вставки'}  Цепочка серебряная 925 пробы на шею ювелирная. Серебряная цепочка 925 пробы с Якорным плетением - это шикарное ювелирное украшение от известного бренда SOKOLOV. Изящная и стильная цепь станет великолепным аксессуаром для модных девушек и женщин. Используя серебро 925 пробы, мастера бренда создают уникальное изделие, которое радует глаз своей красотой и качеством. Цвет серебра придает украшению особый шарм и статусность. Выбирая цепочку на шею, вы получаете настоящий символ роскоши. Стильное украшение колье, которое позволяет выделиться из толпы и подчеркнуть свою неповторимость. Цепочка, выполненная из серебра 925 пробы, станет великолепным дополнением к вашему образу и привлечет восхищенные взгляды. Станет отличным подарком маме, сестре. Одним из особых преимуществ этой цепочки из серебра является ее Якорное плетение и надежный замок. Этот способ плетения придает прочность и элегантность. Каждое звено внимательно создается мастерами, чтобы подчеркнуть изысканность украшения. Серебряная цепь 925 пробы женская - это не только стильный аксессуар, но и долговечное и надежное ювелирное украшение. Мастера бренда создают каждую цепочку с особым вниманием к деталям, чтобы вы получили настоящее произведение искусства. Блестящее серебро и Якорное плетение – идеальное сочетание для элегантных и уверенных в себе женщин. Выбирайте серебряные ювелирные изделия цепочки и колье. Наша коллекция включает в себя различные модели и дизайны, чтобы вы могли найти идеальное украшение для себя или в подарок. Значение веса на фото и в характеристиках являются примерными и могут отличаться от фактического. Чтобы украшение радовало Вас своей красотой бесконечно долго, рекомендуем избегать попадания на него агрессивных химических средств. Гарантийный срок для ювелирных изделий составляет 6 календарных месяцев, и исчисляется со дня передачи изделия потребителю.","Здравствуйте! Информация о товаре на площадке носит справочный характер и может отличаться. На странице указано, что характеристики изделия средние. Это связано с тем, что изделия изготавливаются вручную, каждое индивидуально и уникально. Поэтому, есть отличия. Точная информация об изделии указана на бирке. Также у нас согласно ОСТ 117-3-002-95 «Изделия ювелирные из драгоценных металлов» не весовой товар, цена определяется не за грамм, а за изделие в целом.",0
2900370,"повторно написать отзыв не получается, поэтому пишу тут. сама цепочка без нареканий, уже писала. но! кому нужна эта пластинка с логотипом???? объясню. кулончик невозможно носить, а красиво носить, тем более! эта пластинка постоянно перевешивает вниз, и, кулон застревает в ней, приходится постоянно поправлять, что тоже не так просто с учётом того, что все застрявшее. одним словом, это некрасиво абсолютно. если бы знала об этом при получении, не взяла бы,","{'ТНВЭД': '7113190000', 'Вид плетения цепочки': 'якорное', 'Комплектация': 'цепочка', 'Пол': 'Женский', 'Страна производства': 'Россия', 'Цвет': 'серебристый', 'Повод': 'день рождения', 'Высота упаковки': '1 см', 'Вид замка': 'шпрингельный', 'Длина упаковки': '12 см', 'Минимальный вес (г)': '2.18 г', 'Покрытие': 'родий', 'Ширина упаковки': '9 см', 'Проба': '925', 'Назначение подарка': 'любимой', 'Состав ювелирного изделия': 'серебро', 'Вставка': 'без вставки'}  Цепочка серебряная 925 пробы на шею ювелирная. Серебряная цепочка 925 пробы с Якорным плетением - это шикарное ювелирное украшение от известного бренда SOKOLOV. Изящная и стильная цепь станет великолепным аксессуаром для модных девушек и женщин. Используя серебро 925 пробы, мастера бренда создают уникальное изделие, которое радует глаз своей красотой и качеством. Цвет серебра придает украшению особый шарм и статусность. Выбирая цепочку на шею, вы получаете настоящий символ роскоши. Стильное украшение колье, которое позволяет выделиться из толпы и подчеркнуть свою неповторимость. Цепочка, выполненная из серебра 925 пробы, станет великолепным дополнением к вашему образу и привлечет восхищенные взгляды. Станет отличным подарком маме, сестре. Одним из особых преимуществ этой цепочки из серебра является ее Якорное плетение и надежный замок. Этот способ плетения придает прочность и элегантность. Каждое звено внимательно создается мастерами, чтобы подчеркнуть изысканность украшения. Серебряная цепь 925 пробы женская - это не только стильный аксессуар, но и долговечное и надежное ювелирное украшение. Мастера бренда создают каждую цепочку с особым вниманием к деталям, чтобы вы получили настоящее произведение искусства. Блестящее серебро и Якорное плетение – идеальное сочетание для элегантных и уверенных в себе женщин. Выбирайте серебряные ювелирные изделия цепочки и колье. Наша коллекция включает в себя различные модели и дизайны, чтобы вы могли найти идеальное украшение для себя или в подарок. Значение веса на фото и в характеристиках являются примерными и могут отличаться от фактического. Чтобы украшение радовало Вас своей красотой бесконечно долго, рекомендуем избегать попадания на него агрессивных химических средств. Гарантийный срок для ювелирных изделий составляет 6 календарных месяцев, и исчисляется со дня передачи изделия потребителю.",Отклонён,0
4144201,"здравствуйте! напишите пожалуйста размеры чехлов. ширину, высоту, глубину.","{'Ширина упаковки': '35 см', 'Высота упаковки': '17 см', 'Материал изделия': 'полиэстер', 'Комплектация': 'упаковка', 'Доп. опции авточехла': 'комплект', 'Вес с упаковкой (кг)': '1.36 кг', 'Модель': 'универсальные', 'Ставка НДС': '20', 'Тип чехла': 'чехол', 'Длина упаковки': '22 см', 'Страна производства': 'Китай', 'Цвет': 'черный', 'Марка автомобиля': 'Bmw Audi Mercedes Skoda Mazda Lexus Ford Уаз Газ'}  Чехлы для автомобильных сидений универсальные. Чехлы для автомобильных сидений универсальные - это незаменимые аксессуары для вашей машины. Они обеспечивают надежную защиту сидений вашего автомобиля, сохраняя их в первозданном состоянии. Автомобильные сиденья - важная часть салона вашего авто, поэтому обратить внимание на их уход и предоставить им специальную защиту - значит проявить заботу о вашем автомобиле и добавить ему дополнительных осков при продаже в будущем. Комплект универсальных авточехлов включает в себя защитные наборы для передних и задних сидений. Они обеспечивают не только защиту от грязи, пятен и царапин, но и создают комфортную оболочку для сидений, обтягивая их плотной тянущейся тканью. Это позволяет поддерживать оптимальную температуру на сидении и обеспечить идеальную посадку водителя и пассажиров. С тканевыми универсальными автокреслами вы можете быть уверены в комфорте во время длительных поездок. Одним из главных преимуществ этих автомобильных чехлов является их универсальный размер. Они подходят для большинства моделей автомобилей, обеспечивая благородный и элегантный вид вашему авто. Более того, установка чехлов на сиденья происходит быстро и легко. Вы сможете справиться с этой задачей самостоятельно, без лишних усилий и временных затрат. Еще одним преимуществом этих защитных чехлов является использование дышащего материала. Это особенно важно в условиях жаркого климата или длительных поездок. Дышащая ткань обеспечивает улучшенную циркуляцию воздуха, предотвращая скопление излишней влаги и создавая комфортные условия для вашей спины. Универсальные авточехлы имеют еще одно преимущество - они легко моются.Вы можете стирать их в стиральной машине, что значительно упрощает уход за ними и позволяет поддерживать чехлы в отличном состоянии на протяжении длительного времени. Также они отлично справляются с защитой автомобильных сидений от царапин и повреждений. Это особенно актуально для эксплуатации автомобиля в условиях повышенной нагрузки и при наличии домашних питомцев.","Добрый день, благодарим Вас за вопрос. Габариты чехлов следующие: высота спинки — 64см; Ширина спинки в верхней части — 46см; Ширина спинки в середине — 56см; Глубина сиденья — 56см; Ширина подушки — 48см. С уважением, команда «AUTOPROFI»",1
6076381,почему опаздывает заказ? 🤨,"{'Дата регистрации сертификата/декларации': '04.05.2021', 'Длина кабеля': '85 см', 'Материал корпуса': 'пластик', 'Дата окончания действия сертификата/декларации': '03.05.2026', 'Комплектация': 'инструкция по применению', 'Количество отделений': '2 шт.', 'Режимы работы тостера': 'подогрев', 'Хрупкость': 'хрупкое', 'Высота предмета': '19 см', 'Гарантийный срок': '2 года', 'Мощность устройства': '830 Вт', 'Ширина предмета': '15.6 см', 'Доп. опции тостера': 'подогрев готовых тостов', 'Высота упаковки': '22 см', 'Количество степеней поджаривания': '8', 'Глубина предмета': '27.5 см', 'Количество тостов': '2', 'Страна производства': 'Китай', 'Цвет': 'белый', 'Управление': 'электромеханическое', 'Номер сертификата соответствия': 'ЕАЭС RU C-NL.АЯ46.B.19406/21', 'Длина упаковки': '31 см', 'Вес товара с упаковкой (г)': '1500 г', 'Модель': 'HD2581', 'Ширина упаковки': '19 см', 'Вес товара без упаковки (г)': '1080 г'}  Тостер Daily Collection HD2581. Внимание, данный товар является оригинальным, сертифицированным, с официальной гарантией от производителя 2 года и обслуживанием в авторизованных сервисных центрах. Компактные тостеры Philips HD2581/00 и HD2581/90 с 8 режимами поджаривания оснащены двумя большими регулируемыми отделениями, поэтому вы можете готовить равномерно подрумяненные тосты вне зависимости от вида хлеба. Встроенная подставка для булочек позволяет легко подогревать пирожки, блинчики и другие мучные изделия. Два больших регулируемых отделения подходят для тостов разного размера. Благодаря функции автоматического центрирования тост размещается по центру и равномерно подрумянивается с обеих сторон. Встроенная подставка для булочек позволяет легко подогревать пирожки, блинчики и другие мучные изделия. Функция разогрева позволяет подогреть тост за считаные секунды, а с помощью функции разморозки можно быстро приготовить замороженный хлеб. Вы можете в любое время завершить процесс, нажав кнопку отмены. Простая очистка благодаря съемному поддону для крошек.","Здравствуйте, сожалеем, что вы столкнулись с подобным. К сожалению, продавец не в силах повлиять на данную ситуацию, тк логистика производится площадкой Вайлдберриз. Мы можем только рекомендовать обратиться в их поддержку через раздел обращения в личном кабинете",0
6076381,"Утро доброе) Скажите пожалуйста, почему не выскакивают ломтики хлеба. Мне приходится их доставать вилкой. Это брак?","{'Дата регистрации сертификата/декларации': '04.05.2021', 'Длина кабеля': '85 см', 'Материал корпуса': 'пластик', 'Дата окончания действия сертификата/декларации': '03.05.2026', 'Комплектация': 'инструкция по применению', 'Количество отделений': '2 шт.', 'Режимы работы тостера': 'подогрев', 'Хрупкость': 'хрупкое', 'Высота предмета': '19 см', 'Гарантийный срок': '2 года', 'Мощность устройства': '830 Вт', 'Ширина предмета': '15.6 см', 'Доп. опции тостера': 'подогрев готовых тостов', 'Высота упаковки': '22 см', 'Количество степеней поджаривания': '8', 'Глубина предмета': '27.5 см', 'Количество тостов': '2', 'Страна производства': 'Китай', 'Цвет': 'белый', 'Управление': 'электромеханическое', 'Номер сертификата соответствия': 'ЕАЭС RU C-NL.АЯ46.B.19406/21', 'Длина упаковки': '31 см', 'Вес товара с упаковкой (г)': '1500 г', 'Модель': 'HD2581', 'Ширина упаковки': '19 см', 'Вес товара без упаковки (г)': '1080 г'}  Тостер Daily Collection HD2581. Внимание, данный товар является оригинальным, сертифицированным, с официальной гарантией от производителя 2 года и обслуживанием в авторизованных сервисных центрах. Компактные тостеры Philips HD2581/00 и HD2581/90 с 8 режимами поджаривания оснащены двумя большими регулируемыми отделениями, поэтому вы можете готовить равномерно подрумяненные тосты вне зависимости от вида хлеба. Встроенная подставка для булочек позволяет легко подогревать пирожки, блинчики и другие мучные изделия. Два больших регулируемых отделения подходят для тостов разного размера. Благодаря функции автоматического центрирования тост размещается по центру и равномерно подрумянивается с обеих сторон. Встроенная подставка для булочек позволяет легко подогревать пирожки, блинчики и другие мучные изделия. Функция разогрева позволяет подогреть тост за считаные секунды, а с помощью функции разморозки можно быстро приготовить замороженный хлеб. Вы можете в любое время завершить процесс, нажав кнопку отмены. Простая очистка благодаря съемному поддону для крошек.","Здравствуйте! Обращаем ваше внимание, что в тостере предусмотрен специальный подъемник, который позволяет легко доставать небольшие ломтики хлеба. Если у вас есть сомнения в корректной работе устройства, пожалуйста, обратитесь на информационную линию поддержки Philips для проведения удаленной диагностики любым удобным для вас способом, например, по телефону горячей линии, представленному на официальном сайте, через социальную сеть VK или напишите в Telegram @Homeliving_RU_Bot. Мы работаем с понедельника по пятницу с 09:00 до 18:00 (по московскому времени), будем рады вам помочь!",0
11088485,"Спасибо за ответ за процентность брака. Я забрала. Работает нормально. Комплект полный. Только гарантийный талон не стали заполнять. Распечатаю чек, только пока не знаю как ) вытащить из приложения. Отзыв напишу чуть позже, так как дополнить потом нельзя будет. Спасибо.","{'Ширина предмета': '8 см', 'Хрупкость': 'хрупкое', 'Материал корпуса': 'пластик', 'Номер сертификата соответствия': 'ЕАЭС RU С-NL.АЯ46.В.36053/24', 'Питание': 'от батареек', 'Комплектация': 'машинка', 'Ширина упаковки': '8 см', 'Дата окончания действия сертификата/декларации': '11.01.2029', 'Типоразмер элемента питания': 'AA', 'Модель': 'GC026/80', 'Страна производства': 'Китай', 'Цвет': 'черный', 'Длина упаковки': '9 см', 'Высота предмета': '13.8 см', 'Дата регистрации сертификата/декларации': '06.08.2024', 'Вес товара с упаковкой (г)': '250 г', 'Гарантийный срок': '2 года', 'Высота упаковки': '17 см', 'Глубина предмета': '9 см'}  Машинка для удаления катышков GC026/80. Данный товар является оригинальным, сертифицированным, с официальной гарантией от производителя 2 года и обслуживанием в авторизованных сервисных центрах. Благодаря машинке для удаления катышков Philips вы сможете легко и быстро ухаживать за тканями разных типов. Любые изделия, от свитеров до одеял, снова будут выглядеть как новые! Широкое лезвие обрабатывает большую поверхность ткани одним движением, что позволяет быстрее привести одежду в порядок. Фильтр прибора оснащен отверстиями разного размера, что обеспечивает тщательное удаление катышков с ткани. Лезвия вращаются со скоростью 8800 об/мин., что позволяет эффективно и быстро удалять катышки с одежды.",Желаем Вам приятного использования!,0
11088485,Примите заявку,"{'Ширина предмета': '8 см', 'Хрупкость': 'хрупкое', 'Материал корпуса': 'пластик', 'Номер сертификата соответствия': 'ЕАЭС RU С-NL.АЯ46.В.36053/24', 'Питание': 'от батареек', 'Комплектация': 'машинка', 'Ширина упаковки': '8 см', 'Дата окончания действия сертификата/декларации': '11.01.2029', 'Типоразмер элемента питания': 'AA', 'Модель': 'GC026/80', 'Страна производства': 'Китай', 'Цвет': 'черный', 'Длина упаковки': '9 см', 'Высота предмета': '13.8 см', 'Дата регистрации сертификата/декларации': '06.08.2024', 'Вес товара с упаковкой (г)': '250 г', 'Гарантийный срок': '2 года', 'Высота упаковки': '17 см', 'Глубина предмета': '9 см'}  Машинка для удаления катышков GC026/80. Данный товар является оригинальным, сертифицированным, с официальной гарантией от производителя 2 года и обслуживанием в авторизованных сервисных центрах. Благодаря машинке для удаления катышков Philips вы сможете легко и быстро ухаживать за тканями разных типов. Любые изделия, от свитеров до одеял, снова будут выглядеть как новые! Широкое лезвие обрабатывает большую поверхность ткани одним движением, что позволяет быстрее привести одежду в порядок. Фильтр прибора оснащен отверстиями разного размера, что обеспечивает тщательное удаление катышков с ткани. Лезвия вращаются со скоростью 8800 об/мин., что позволяет эффективно и быстро удалять катышки с одежды.",Некорректный вопрос,0
11088485,"Здравствуйте! Почему долго идет доставка? Из той же Дачи другие товары доезжают быстрее, а ваш товар уже 6ой день там стоит. Думала с вами проблем точно не будет…","{'Ширина предмета': '8 см', 'Хрупкость': 'хрупкое', 'Материал корпуса': 'пластик', 'Номер сертификата соответствия': 'ЕАЭС RU С-NL.АЯ46.В.36053/24', 'Питание': 'от батареек', 'Комплектация': 'машинка', 'Ширина упаковки': '8 см', 'Дата окончания действия сертификата/декларации': '11.01.2029', 'Типоразмер элемента питания': 'AA', 'Модель': 'GC026/80', 'Страна производства': 'Китай', 'Цвет': 'черный', 'Длина упаковки': '9 см', 'Высота предмета': '13.8 см', 'Дата регистрации сертификата/декларации': '06.08.2024', 'Вес товара с упаковкой (г)': '250 г', 'Гарантийный срок': '2 года', 'Высота упаковки': '17 см', 'Глубина предмета': '9 см'}  Машинка для удаления катышков GC026/80. Данный товар является оригинальным, сертифицированным, с официальной гарантией от производителя 2 года и обслуживанием в авторизованных сервисных центрах. Благодаря машинке для удаления катышков Philips вы сможете легко и быстро ухаживать за тканями разных типов. Любые изделия, от свитеров до одеял, снова будут выглядеть как новые! Широкое лезвие обрабатывает большую поверхность ткани одним движением, что позволяет быстрее привести одежду в порядок. Фильтр прибора оснащен отверстиями разного размера, что обеспечивает тщательное удаление катышков с ткани. Лезвия вращаются со скоростью 8800 об/мин., что позволяет эффективно и быстро удалять катышки с одежды.",Здравствуйте! По вопросам доставки рекомендуем вам обратиться в службу поддержки Wildberries.,0
11088485,"здравствуйте ,почему цена такая низкая по сравнению с другими продавцами? это товар после ремонта или уцененный? в м-видео например тоже такая машинка стоит 1500","{'Ширина предмета': '8 см', 'Хрупкость': 'хрупкое', 'Материал корпуса': 'пластик', 'Номер сертификата соответствия': 'ЕАЭС RU С-NL.АЯ46.В.36053/24', 'Питание': 'от батареек', 'Комплектация': 'машинка', 'Ширина упаковки': '8 см', 'Дата окончания действия сертификата/декларации': '11.01.2029', 'Типоразмер элемента питания': 'AA', 'Модель': 'GC026/80', 'Страна производства': 'Китай', 'Цвет': 'черный', 'Длина упаковки': '9 см', 'Высота предмета': '13.8 см', 'Дата регистрации сертификата/декларации': '06.08.2024', 'Вес товара с упаковкой (г)': '250 г', 'Гарантийный срок': '2 года', 'Высота упаковки': '17 см', 'Глубина предмета': '9 см'}  Машинка для удаления катышков GC026/80. Данный товар является оригинальным, сертифицированным, с официальной гарантией от производителя 2 года и обслуживанием в авторизованных сервисных центрах. Благодаря машинке для удаления катышков Philips вы сможете легко и быстро ухаживать за тканями разных типов. Любые изделия, от свитеров до одеял, снова будут выглядеть как новые! Широкое лезвие обрабатывает большую поверхность ткани одним движением, что позволяет быстрее привести одежду в порядок. Фильтр прибора оснащен отверстиями разного размера, что обеспечивает тщательное удаление катышков с ткани. Лезвия вращаются со скоростью 8800 об/мин., что позволяет эффективно и быстро удалять катышки с одежды.","Здравствуйте! Спасибо за ваш интерес к нашей продукции. Цена на товар может меняться в зависимости от скидочных и акционных предложений. Philips как производитель гарантирует, что отправляет в магазин новый товар в закрытой упаковке с полной документацией по эксплуатации.",0
11088485,"Здравствуйте! Заказала машинку, в первый день работала отлично, через день решила снова ей воспользоваться, она работает, но не удаляет ни одни катышки (чисто крутит воздух), можно ли сделать возврат?","{'Ширина предмета': '8 см', 'Хрупкость': 'хрупкое', 'Материал корпуса': 'пластик', 'Номер сертификата соответствия': 'ЕАЭС RU С-NL.АЯ46.В.36053/24', 'Питание': 'от батареек', 'Комплектация': 'машинка', 'Ширина упаковки': '8 см', 'Дата окончания действия сертификата/декларации': '11.01.2029', 'Типоразмер элемента питания': 'AA', 'Модель': 'GC026/80', 'Страна производства': 'Китай', 'Цвет': 'черный', 'Длина упаковки': '9 см', 'Высота предмета': '13.8 см', 'Дата регистрации сертификата/декларации': '06.08.2024', 'Вес товара с упаковкой (г)': '250 г', 'Гарантийный срок': '2 года', 'Высота упаковки': '17 см', 'Глубина предмета': '9 см'}  Машинка для удаления катышков GC026/80. Данный товар является оригинальным, сертифицированным, с официальной гарантией от производителя 2 года и обслуживанием в авторизованных сервисных центрах. Благодаря машинке для удаления катышков Philips вы сможете легко и быстро ухаживать за тканями разных типов. Любые изделия, от свитеров до одеял, снова будут выглядеть как новые! Широкое лезвие обрабатывает большую поверхность ткани одним движением, что позволяет быстрее привести одежду в порядок. Фильтр прибора оснащен отверстиями разного размера, что обеспечивает тщательное удаление катышков с ткани. Лезвия вращаются со скоростью 8800 об/мин., что позволяет эффективно и быстро удалять катышки с одежды.","Здравствуйте! Нам жаль, что вы столкнулись с подобной ситуацией. Убедитесь, что устройство корректно собрано, не имеет повреждений и загрязнений. В прибор должны быть установлены 2 новые батареи типа AA с учетом полярности. Не устанавливайте одновременно батареи разного качества и типа. Не допускайте контакта лезвий с заостренными предметами. Разгладьте предмет одежды на плоской, горизонтальной поверхности. Не прижимайте машинку слишком сильно. Не используйте прибор на тканях с вышивкой, рядом с молниями, пуговицами и висящими нитками. Передвигайте машинку не торопясь. После использования устройство необходимо очистить. Если рекомендации не помогут, пожалуйста, обратитесь на информационную линию поддержки Philips любым удобным для вас способом, например, по телефону горячей линии, представленному на официальном сайте, через социальную сеть VK или напишите в Telegram @Homeliving_RU_Bot. Мы работаем в будние дни с 09:00 до 18:00, будем рады помочь!",0
11088485,"Здравствуйте, этот товар не оригинальный ? Почему на него цена в два раза ниже?","{'Ширина предмета': '8 см', 'Хрупкость': 'хрупкое', 'Материал корпуса': 'пластик', 'Номер сертификата соответствия': 'ЕАЭС RU С-NL.АЯ46.В.36053/24', 'Питание': 'от батареек', 'Комплектация': 'машинка', 'Ширина упаковки': '8 см', 'Дата окончания действия сертификата/декларации': '11.01.2029', 'Типоразмер элемента питания': 'AA', 'Модель': 'GC026/80', 'Страна производства': 'Китай', 'Цвет': 'черный', 'Длина упаковки': '9 см', 'Высота предмета': '13.8 см', 'Дата регистрации сертификата/декларации': '06.08.2024', 'Вес товара с упаковкой (г)': '250 г', 'Гарантийный срок': '2 года', 'Высота упаковки': '17 см', 'Глубина предмета': '9 см'}  Машинка для удаления катышков GC026/80. Данный товар является оригинальным, сертифицированным, с официальной гарантией от производителя 2 года и обслуживанием в авторизованных сервисных центрах. Благодаря машинке для удаления катышков Philips вы сможете легко и быстро ухаживать за тканями разных типов. Любые изделия, от свитеров до одеял, снова будут выглядеть как новые! Широкое лезвие обрабатывает большую поверхность ткани одним движением, что позволяет быстрее привести одежду в порядок. Фильтр прибора оснащен отверстиями разного размера, что обеспечивает тщательное удаление катышков с ткани. Лезвия вращаются со скоростью 8800 об/мин., что позволяет эффективно и быстро удалять катышки с одежды.","Здравствуйте! Philips как производитель гарантирует, что под данным артикулом поставляет в Wildberries только оригинальную и сертифицированную технику с гарантией от производителя 2 года. Цена на товар может меняться в зависимости от скидочных и акционных предложений. Рекомендуем добавить карточку в избранное и следить за обновлениями.",0
13929007,"Здравствуйте,когда поступят брюки 26-27размера?","{'Состав': 'Хлопок 90%', 'Уход за вещами': 'бережная стирка при 30 градусах', 'Фактура материала': 'текстильный', 'Длина упаковки': '2 см', 'Ширина упаковки': '60 см', 'Декоративные элементы': 'без элементов', 'Высота упаковки': '40 см', 'Цвет': 'ярко-синий', 'Тип карманов': 'накладные', 'Страна производства': 'Китай', 'Коллекция': 'Базовая коллекция', 'Комплектация': 'джинсы', 'Назначение': 'повседневная', 'Пол': 'Женский', 'Модель брюк': 'зауженные', 'Рост модели на фото': '172 см', 'ТНВЭД': '6203411000', 'Сезон': 'круглогодичный', 'Тип посадки': 'высокая', 'Вид застежки': 'молния'} {'Российский размер 44-46': 'Обхват бедер, в см 94-102, Обхват талии, в см 66-74', 'Российский размер 46': 'Обхват бедер, в см 98-102, Обхват талии, в см 70-74', 'Российский размер 46-48': 'Обхват бедер, в см 98-104, Обхват талии, в см 70-78', 'Российский размер 48-50': 'Обхват бедер, в см 102-108, Обхват талии, в см 74-82', 'Российский размер 50': 'Обхват бедер, в см 104-108, Обхват талии, в см 86-90', 'Российский размер 50-52': 'Обхват бедер, в см 104-112, Обхват талии, в см 78-86', 'Российский размер 52': 'Обхват бедер, в см 108-112, Обхват талии, в см 82-86', 'Российский размер 52-54': 'Обхват бедер, в см 108-116, Обхват талии, в см 82-90', 'Российский размер 42-44': 'Обхват бедер, в см 90-98, Обхват талии, в см 62-70', 'Российский размер 44': 'Обхват бедер, в см 94-98, Обхват талии, в см 66-70'} Брюки. Брюки женские из качественного хлопка. Модель зауженные. Застежка молния. Декорированы дпоплнительными строчками на карманах и кристаллами.",будут в конце недели с 27 р.,0
13929007,ярко-синий на рост 173 подойдут?,"{'Состав': 'Хлопок 90%', 'Уход за вещами': 'бережная стирка при 30 градусах', 'Фактура материала': 'текстильный', 'Длина упаковки': '2 см', 'Ширина упаковки': '60 см', 'Декоративные элементы': 'без элементов', 'Высота упаковки': '40 см', 'Цвет': 'ярко-синий', 'Тип карманов': 'накладные', 'Страна производства': 'Китай', 'Коллекция': 'Базовая коллекция', 'Комплектация': 'джинсы', 'Назначение': 'повседневная', 'Пол': 'Женский', 'Модель брюк': 'зауженные', 'Рост модели на фото': '172 см', 'ТНВЭД': '6203411000', 'Сезон': 'круглогодичный', 'Тип посадки': 'высокая', 'Вид застежки': 'молния'} {'Российский размер 44-46': 'Обхват бедер, в см 94-102, Обхват талии, в см 66-74', 'Российский размер 46': 'Обхват бедер, в см 98-102, Обхват талии, в см 70-74', 'Российский размер 46-48': 'Обхват бедер, в см 98-104, Обхват талии, в см 70-78', 'Российский размер 48-50': 'Обхват бедер, в см 102-108, Обхват талии, в см 74-82', 'Российский размер 50': 'Обхват бедер, в см 104-108, Обхват талии, в см 86-90', 'Российский размер 50-52': 'Обхват бедер, в см 104-112, Обхват талии, в см 78-86', 'Российский размер 52': 'Обхват бедер, в см 108-112, Обхват талии, в см 82-86', 'Российский размер 52-54': 'Обхват бедер, в см 108-116, Обхват талии, в см 82-90', 'Российский размер 42-44': 'Обхват бедер, в см 90-98, Обхват талии, в см 62-70', 'Российский размер 44': 'Обхват бедер, в см 94-98, Обхват талии, в см 66-70'} Брюки. Брюки женские из качественного хлопка. Модель зауженные. Застежка молния. Декорированы дпоплнительными строчками на карманах и кристаллами.",модель 174 см,1
111909797,111909797в описании указано что съёмный воротник и манжеты. Но они же не съёмные.,"{'Пол': 'Девочки', 'Цвет': 'коричневый', 'Вырез горловины': 'круглый', 'Тип рукава': 'длинный прямой рукав', 'Рисунок': 'без рисунка', 'Длина упаковки': '30 см', 'Ширина упаковки': '25 см', 'Назначение': 'школа', 'ТНВЭД': '6204430000', 'Номер сертификата соответствия': 'ЕАЭС RU С-RU.АЯ24.В.01176/23', 'Модель платья': 'Приталенное платье', 'Состав': 'эластан 3%', 'Комплектация': 'Школьное платье для девочки - 1шт.', 'Высота упаковки': '2 см', 'Коллекция': 'Базовая коллекция', 'Декоративные элементы': 'манжеты', 'Тип ростовки': 'для высоких для невысоких', 'Длина юбки/платья': 'Мини', 'Дата окончания действия сертификата/декларации': '18.04.2026', 'Особенности модели': 'съемный воротник', 'Уход за вещами': 'отбеливание запрещено', 'Покрой': 'приталенный', 'Тип карманов': 'без карманов', 'Страна производства': 'Россия', 'Фактура материала': 'гладкий', 'Назначение платья': 'повседневно', 'Дата регистрации сертификата/декларации': '19.04.2023'} {'Российский размер 116-122': 'Рост, см 116-122', 'Российский размер 122-128': 'Возраст, лет 7-8, Обхват бедер, в см 66-70, Обхват груди, в см 64-66, Обхват талии, в см 60-61, Рост, см 122-128', 'Российский размер 128-134': 'Рост, см 128-134', 'Российский размер 134-140': 'Рост, см 134-140', 'Российский размер 140-146': 'Рост, см 140-146', 'Российский размер 146-152': 'Рост, см 146-152', 'Российский размер 152-158': 'Рост, см 152-158'} Школьное платье для девочки. Школьное платье должно быть удобным и красивым. Данная модель ""Полинка"" насыщенного синего и серого цвета для девочек младшей школьной группы и подростков старшеклассниц. Изюминкой платья являются белоснежный кружевной воротник и манжеты, воротник съемный (пристегивается на потайные пуговки). Сзади на красивом платье имеются полупояски, которые позволяют регулировать ширину по талии. Пояс застегивается на пуговичку. Юбка нарядного платья оформлена мягкими складками, придавая особое изящество. В школьной форме ПКФ Успех Вы будете самыми неотразимыми, надев её на 1 сентября, выпускной, последний звонок, утренник, концерт или каждый день! Наша школьная форма сшита по образцам школьной формы СССР, поэтому если вы ищите платье Айгуль из нашумевшего фильма ""слово пацана"", то наше платье идеально впишется в образ. Покупая наше школьное платье вы не только получаете одежду слова пацана, но и отличный школьный образ который популярен и в наше время.","Здравствуйте. Если вам пришло именно наше платье, то воротник и манжеты съемными должны быть. С уважением, команда ПКФ Успех.",0
111909797,Добрый день! ожидается ли поступление товара 111909797 размера 134?,"{'Пол': 'Девочки', 'Цвет': 'коричневый', 'Вырез горловины': 'круглый', 'Тип рукава': 'длинный прямой рукав', 'Рисунок': 'без рисунка', 'Длина упаковки': '30 см', 'Ширина упаковки': '25 см', 'Назначение': 'школа', 'ТНВЭД': '6204430000', 'Номер сертификата соответствия': 'ЕАЭС RU С-RU.АЯ24.В.01176/23', 'Модель платья': 'Приталенное платье', 'Состав': 'эластан 3%', 'Комплектация': 'Школьное платье для девочки - 1шт.', 'Высота упаковки': '2 см', 'Коллекция': 'Базовая коллекция', 'Декоративные элементы': 'манжеты', 'Тип ростовки': 'для высоких для невысоких', 'Длина юбки/платья': 'Мини', 'Дата окончания действия сертификата/декларации': '18.04.2026', 'Особенности модели': 'съемный воротник', 'Уход за вещами': 'отбеливание запрещено', 'Покрой': 'приталенный', 'Тип карманов': 'без карманов', 'Страна производства': 'Россия', 'Фактура материала': 'гладкий', 'Назначение платья': 'повседневно', 'Дата регистрации сертификата/декларации': '19.04.2023'} {'Российский размер 116-122': 'Рост, см 116-122', 'Российский размер 122-128': 'Возраст, лет 7-8, Обхват бедер, в см 66-70, Обхват груди, в см 64-66, Обхват талии, в см 60-61, Рост, см 122-128', 'Российский размер 128-134': 'Рост, см 128-134', 'Российский размер 134-140': 'Рост, см 134-140', 'Российский размер 140-146': 'Рост, см 140-146', 'Российский размер 146-152': 'Рост, см 146-152', 'Российский размер 152-158': 'Рост, см 152-158'} Школьное платье для девочки. Школьное платье должно быть удобным и красивым. Данная модель ""Полинка"" насыщенного синего и серого цвета для девочек младшей школьной группы и подростков старшеклассниц. Изюминкой платья являются белоснежный кружевной воротник и манжеты, воротник съемный (пристегивается на потайные пуговки). Сзади на красивом платье имеются полупояски, которые позволяют регулировать ширину по талии. Пояс застегивается на пуговичку. Юбка нарядного платья оформлена мягкими складками, придавая особое изящество. В школьной форме ПКФ Успех Вы будете самыми неотразимыми, надев её на 1 сентября, выпускной, последний звонок, утренник, концерт или каждый день! Наша школьная форма сшита по образцам школьной формы СССР, поэтому если вы ищите платье Айгуль из нашумевшего фильма ""слово пацана"", то наше платье идеально впишется в образ. Покупая наше школьное платье вы не только получаете одежду слова пацана, но и отличный школьный образ который популярен и в наше время.","Здравствуйте. Завтра-послезавтра товар должен будет появится на остатках, не пропустите :) Желаем приятной покупки! С уважением, команда ПКФ Успех.",0
6047643,Будет ли снижена цена?,"{'Материал бутылочки для кормления': 'полипропилен', 'Цвет': 'зеленый', 'Упаковка': 'картонная коробка', 'Дата окончания действия сертификата/декларации': '09.06.2026', 'Срок годности': 'Не ограничен', 'Комплектация': 'Соска', 'Высота упаковки': '8 см', 'Возрастная категория': '3 мес+', 'Дата регистрации сертификата/декларации': '10.06.2021', 'Страна производства': 'Республика Корея', 'Длина упаковки': '8 см', 'Вес товара с упаковкой (г)': '164 г', 'Материал наконечника/пустышки/соски': 'пищевой силикон', 'Ставка НДС': '10', 'Размер горлышка': 'широкое', 'Поток у соски': 'средний', 'Номер декларации соответствия': 'ЕАЭС N RU Д-US.РА01.В.24762/21', 'Объем бутылочки для кормления': '250 мл', 'Особенности бутылочки для кормления': 'антиколиковый клапан', 'Ширина упаковки': '16 см', 'Количество предметов в упаковке': '1 шт'}  Силиконовая бутылочка для кормления детей антиколиковая 3+. Детская бутылочка для кормления Comotomo предназначена для малышей с первых дней жизни. Широкое основание соски максимально повторяет форму груди и способствует ее естественному захвату. Это обеспечивает плавный переход при грудном вскармливании. Бутылочка изготовлена из нежнейшего силикона. Этот материал прекрасно проводит и сохраняет тепло, что позволяет новорожденному малышу непрерывно ощущать материнскую заботу. Корпус содержит удобную градуированную шкалу. Благодаря широкому горлышку, бутылочка легко моется в посудомоечной машине или руками. В комплекте идет мягкая соска со средним потоком, она предназначена для кормления детей из бутылочки с 3 месяцев. Comotomo - это качественные и безопасные товары для малышей. Антиколиковая бутылочка оснащена специальным клапаном, он не позволяет воздуху попадать в животик малыша, что предотвращает появление колик и дискомфорта.Состав бутылочки не содержит красящих элементов - она абсолютно безвредна и рассчитана на долговечное использование.Соски COMOTOMO для разного возвраста отлично подходят к бутылочке. Бутылка универсальна и может использоваться для подачи как молока, смеси, так и воды или каши. Мы являемся единственным официальным представителем в РФ, весь товар производится в Корее. Вы можете быть уверенны, что ребенок не откажется от груди, если однажды попробует есть из бутылочки Комотомо. Закажите и убедитесь сами в ее непревзойденном качестве!",Добрый день! На данный момент не планируется снижение цен. Мы являемся единственным официальным представителем бренда Comotomo! Мы предоставляем высококачественные товары по соответствующим ценам! Будем рады Вашим заказам! Желаем приятных покупок!,0
138886,"Здравствуйте. Вы указываете, что товар оригинальный, однако, на всех торговых площадках цена за сабо Crocs никак не ниже чем 4500 руб. Можно ли верить заявлению  WB об оригинальности?","{'Страна производства': 'Китай', 'Материал подошвы обуви': 'croslite', 'Пол': 'Мужской', 'Сезон': 'круглогодичный', 'Цвет': 'темно-синий', 'Ширина упаковки': '20 см', 'Длина упаковки': '35 см', 'Состав': 'croslite 100%', 'Высота упаковки': '15 см', 'Коллекция': 'Весна-Лето 2024', 'Материал стельки': 'без стельки', 'Полнота обуви (EUR)': 'E (5)', 'ТНВЭД': '6403993800', 'Комплектация': 'сабо'} {'Российский размер 47': '(Размер производителя: 47/14, Длина стопы, в см: 30.5-30.5. EU размер: 49-50. )', 'Российский размер 46': '(Размер производителя: 46/13, EU размер: 48-49. Длина стопы, в см: 29.7-29.7. )', 'Российский размер 45': '(Размер производителя: 45/12, EU размер: 46-47. Длина стопы, в см: 28.8-28.8. )', 'Российский размер 44': '(Размер производителя: 44/11, EU размер: 45-46. Длина стопы, в см: 28-28. )', 'Российский размер 43': '(Размер производителя: 43-44, EU размер: 43-44. Длина стопы, в см: 27.2-27.2. )', 'Российский размер 42-43/10-12': '(42-43)', 'Российский размер 41-42': '(Размер производителя: 41-42/9-11, Длина стопы, в см: 26.3-26.3. EU размер: 41-42. )', 'Российский размер 41': '(Размер производителя: 41-42/8-10, EU размер: 41-42. Длина стопы, в см: 25.5-25.5. )', 'Российский размер 40-41': '(Размер производителя: 40-41/8-10, EU размер: 41-42. Длина стопы, в см: 25.5-25.5. )', 'Российский размер 39-40': '(Размер производителя: 39-40/7-9, EU размер: 39-40. Длина стопы, в см: 24.6-24.6. )', 'Российский размер 38-39': '(Размер производителя: 38-39/6-8, Длина стопы, в см: 24.2-24.2. EU размер: 38-39. )', 'Российский размер 37-38': '(Размер производителя: 37-38/5-7, EU размер: 37-38. Длина стопы, в см: 23.3-23.3. )', 'Российский размер 36-37': '(Размер производителя: 36-37/4-6, Длина стопы, в см: 22.8-22.8. EU размер: 36-37. )', 'Российский размер 36': '(Размер производителя: 35-36/3-5, EU размер: 35-36. Длина стопы, в см: 21.6-22. )', 'Российский размер 35': '(Размер производителя: 34-35/2-4, EU размер: 34-35. Длина стопы, в см: 20.8-21.5. )'} Сабо взрослые летние. Сабо CROCS Classic известны высоким уровнем удобства и пользуются популярностью по всему миру! Материал Croslite обеспечивает комфорт на протяжении всего дня. Удобство в каждом шаге, универсальный дизайн и легкость обуви позволяют носить ее в офисе, дома, на улице.",Здравствуйте! Сертификаты соответствия представлены в карточке товара. Приятных покупок!,1
138886,"Здравствуйте ! Взяла на подарок, но не подошел по размеру. Возможен ли  возврат товара?","{'Страна производства': 'Китай', 'Материал подошвы обуви': 'croslite', 'Пол': 'Мужской', 'Сезон': 'круглогодичный', 'Цвет': 'темно-синий', 'Ширина упаковки': '20 см', 'Длина упаковки': '35 см', 'Состав': 'croslite 100%', 'Высота упаковки': '15 см', 'Коллекция': 'Весна-Лето 2024', 'Материал стельки': 'без стельки', 'Полнота обуви (EUR)': 'E (5)', 'ТНВЭД': '6403993800', 'Комплектация': 'сабо'} {'Российский размер 47': '(Размер производителя: 47/14, Длина стопы, в см: 30.5-30.5. EU размер: 49-50. )', 'Российский размер 46': '(Размер производителя: 46/13, EU размер: 48-49. Длина стопы, в см: 29.7-29.7. )', 'Российский размер 45': '(Размер производителя: 45/12, EU размер: 46-47. Длина стопы, в см: 28.8-28.8. )', 'Российский размер 44': '(Размер производителя: 44/11, EU размер: 45-46. Длина стопы, в см: 28-28. )', 'Российский размер 43': '(Размер производителя: 43-44, EU размер: 43-44. Длина стопы, в см: 27.2-27.2. )', 'Российский размер 42-43/10-12': '(42-43)', 'Российский размер 41-42': '(Размер производителя: 41-42/9-11, Длина стопы, в см: 26.3-26.3. EU размер: 41-42. )', 'Российский размер 41': '(Размер производителя: 41-42/8-10, EU размер: 41-42. Длина стопы, в см: 25.5-25.5. )', 'Российский размер 40-41': '(Размер производителя: 40-41/8-10, EU размер: 41-42. Длина стопы, в см: 25.5-25.5. )', 'Российский размер 39-40': '(Размер производителя: 39-40/7-9, EU размер: 39-40. Длина стопы, в см: 24.6-24.6. )', 'Российский размер 38-39': '(Размер производителя: 38-39/6-8, Длина стопы, в см: 24.2-24.2. EU размер: 38-39. )', 'Российский размер 37-38': '(Размер производителя: 37-38/5-7, EU размер: 37-38. Длина стопы, в см: 23.3-23.3. )', 'Российский размер 36-37': '(Размер производителя: 36-37/4-6, Длина стопы, в см: 22.8-22.8. EU размер: 36-37. )', 'Российский размер 36': '(Размер производителя: 35-36/3-5, EU размер: 35-36. Длина стопы, в см: 21.6-22. )', 'Российский размер 35': '(Размер производителя: 34-35/2-4, EU размер: 34-35. Длина стопы, в см: 20.8-21.5. )'} Сабо взрослые летние. Сабо CROCS Classic известны высоким уровнем удобства и пользуются популярностью по всему миру! Материал Croslite обеспечивает комфорт на протяжении всего дня. Удобство в каждом шаге, универсальный дизайн и легкость обуви позволяют носить ее в офисе, дома, на улице.","Здравствуйте! Вернуть товар надлежащего качества  Вы можете самостоятельно (или с помощью курьера) в течение 14 дней с момента покупки в случае, если: 1) сохранены его товарный вид и потребительские свойства 2) не был в употреблении, то есть отсутствуют какие-либо признаки эксплуатации . По истечении данного срока, возврат по причине ( не подошел размер, фасон, цвет, длина и т. п.) невозможен. Надеемся на Ваше понимание.",0
138886,здравствуйтеа это мужские или женские кроксы??? а есть женские кроксы на узкую ногу,"{'Страна производства': 'Китай', 'Материал подошвы обуви': 'croslite', 'Пол': 'Мужской', 'Сезон': 'круглогодичный', 'Цвет': 'темно-синий', 'Ширина упаковки': '20 см', 'Длина упаковки': '35 см', 'Состав': 'croslite 100%', 'Высота упаковки': '15 см', 'Коллекция': 'Весна-Лето 2024', 'Материал стельки': 'без стельки', 'Полнота обуви (EUR)': 'E (5)', 'ТНВЭД': '6403993800', 'Комплектация': 'сабо'} {'Российский размер 47': '(Размер производителя: 47/14, Длина стопы, в см: 30.5-30.5. EU размер: 49-50. )', 'Российский размер 46': '(Размер производителя: 46/13, EU размер: 48-49. Длина стопы, в см: 29.7-29.7. )', 'Российский размер 45': '(Размер производителя: 45/12, EU размер: 46-47. Длина стопы, в см: 28.8-28.8. )', 'Российский размер 44': '(Размер производителя: 44/11, EU размер: 45-46. Длина стопы, в см: 28-28. )', 'Российский размер 43': '(Размер производителя: 43-44, EU размер: 43-44. Длина стопы, в см: 27.2-27.2. )', 'Российский размер 42-43/10-12': '(42-43)', 'Российский размер 41-42': '(Размер производителя: 41-42/9-11, Длина стопы, в см: 26.3-26.3. EU размер: 41-42. )', 'Российский размер 41': '(Размер производителя: 41-42/8-10, EU размер: 41-42. Длина стопы, в см: 25.5-25.5. )', 'Российский размер 40-41': '(Размер производителя: 40-41/8-10, EU размер: 41-42. Длина стопы, в см: 25.5-25.5. )', 'Российский размер 39-40': '(Размер производителя: 39-40/7-9, EU размер: 39-40. Длина стопы, в см: 24.6-24.6. )', 'Российский размер 38-39': '(Размер производителя: 38-39/6-8, Длина стопы, в см: 24.2-24.2. EU размер: 38-39. )', 'Российский размер 37-38': '(Размер производителя: 37-38/5-7, EU размер: 37-38. Длина стопы, в см: 23.3-23.3. )', 'Российский размер 36-37': '(Размер производителя: 36-37/4-6, Длина стопы, в см: 22.8-22.8. EU размер: 36-37. )', 'Российский размер 36': '(Размер производителя: 35-36/3-5, EU размер: 35-36. Длина стопы, в см: 21.6-22. )', 'Российский размер 35': '(Размер производителя: 34-35/2-4, EU размер: 34-35. Длина стопы, в см: 20.8-21.5. )'} Сабо взрослые летние. Сабо CROCS Classic известны высоким уровнем удобства и пользуются популярностью по всему миру! Материал Croslite обеспечивает комфорт на протяжении всего дня. Удобство в каждом шаге, универсальный дизайн и легкость обуви позволяют носить ее в офисе, дома, на улице.","Добрый день! Двойные размеры указываются на моделях унисекс - это универсальные модели, которые одинаково подходят как мужчинам, так и женщинам, мальчикам и девочкам. При покупке модели унисекс необходимо ориентироваться на соответствующую размерную сетку в карточке товара.",1
138886,"Здравствуйте! Можно отменить отзыв ? писала что нет вешалки ,сто не оригинал . Извините,вешалка была ,хорошие кроксы ,возможно оригинал .","{'Страна производства': 'Китай', 'Материал подошвы обуви': 'croslite', 'Пол': 'Мужской', 'Сезон': 'круглогодичный', 'Цвет': 'темно-синий', 'Ширина упаковки': '20 см', 'Длина упаковки': '35 см', 'Состав': 'croslite 100%', 'Высота упаковки': '15 см', 'Коллекция': 'Весна-Лето 2024', 'Материал стельки': 'без стельки', 'Полнота обуви (EUR)': 'E (5)', 'ТНВЭД': '6403993800', 'Комплектация': 'сабо'} {'Российский размер 47': '(Размер производителя: 47/14, Длина стопы, в см: 30.5-30.5. EU размер: 49-50. )', 'Российский размер 46': '(Размер производителя: 46/13, EU размер: 48-49. Длина стопы, в см: 29.7-29.7. )', 'Российский размер 45': '(Размер производителя: 45/12, EU размер: 46-47. Длина стопы, в см: 28.8-28.8. )', 'Российский размер 44': '(Размер производителя: 44/11, EU размер: 45-46. Длина стопы, в см: 28-28. )', 'Российский размер 43': '(Размер производителя: 43-44, EU размер: 43-44. Длина стопы, в см: 27.2-27.2. )', 'Российский размер 42-43/10-12': '(42-43)', 'Российский размер 41-42': '(Размер производителя: 41-42/9-11, Длина стопы, в см: 26.3-26.3. EU размер: 41-42. )', 'Российский размер 41': '(Размер производителя: 41-42/8-10, EU размер: 41-42. Длина стопы, в см: 25.5-25.5. )', 'Российский размер 40-41': '(Размер производителя: 40-41/8-10, EU размер: 41-42. Длина стопы, в см: 25.5-25.5. )', 'Российский размер 39-40': '(Размер производителя: 39-40/7-9, EU размер: 39-40. Длина стопы, в см: 24.6-24.6. )', 'Российский размер 38-39': '(Размер производителя: 38-39/6-8, Длина стопы, в см: 24.2-24.2. EU размер: 38-39. )', 'Российский размер 37-38': '(Размер производителя: 37-38/5-7, EU размер: 37-38. Длина стопы, в см: 23.3-23.3. )', 'Российский размер 36-37': '(Размер производителя: 36-37/4-6, Длина стопы, в см: 22.8-22.8. EU размер: 36-37. )', 'Российский размер 36': '(Размер производителя: 35-36/3-5, EU размер: 35-36. Длина стопы, в см: 21.6-22. )', 'Российский размер 35': '(Размер производителя: 34-35/2-4, EU размер: 34-35. Длина стопы, в см: 20.8-21.5. )'} Сабо взрослые летние. Сабо CROCS Classic известны высоким уровнем удобства и пользуются популярностью по всему миру! Материал Croslite обеспечивает комфорт на протяжении всего дня. Удобство в каждом шаге, универсальный дизайн и легкость обуви позволяют носить ее в офисе, дома, на улице.","Добрый день! спасибо за отзыв, носите с удовольствием.",0
138886,"Добрый день
А чем отличаются 42-43/10-12 от 43-44/10-12? Размер сабо же одинаковый получается","{'Страна производства': 'Китай', 'Материал подошвы обуви': 'croslite', 'Пол': 'Мужской', 'Сезон': 'круглогодичный', 'Цвет': 'темно-синий', 'Ширина упаковки': '20 см', 'Длина упаковки': '35 см', 'Состав': 'croslite 100%', 'Высота упаковки': '15 см', 'Коллекция': 'Весна-Лето 2024', 'Материал стельки': 'без стельки', 'Полнота обуви (EUR)': 'E (5)', 'ТНВЭД': '6403993800', 'Комплектация': 'сабо'} {'Российский размер 47': '(Размер производителя: 47/14, Длина стопы, в см: 30.5-30.5. EU размер: 49-50. )', 'Российский размер 46': '(Размер производителя: 46/13, EU размер: 48-49. Длина стопы, в см: 29.7-29.7. )', 'Российский размер 45': '(Размер производителя: 45/12, EU размер: 46-47. Длина стопы, в см: 28.8-28.8. )', 'Российский размер 44': '(Размер производителя: 44/11, EU размер: 45-46. Длина стопы, в см: 28-28. )', 'Российский размер 43': '(Размер производителя: 43-44, EU размер: 43-44. Длина стопы, в см: 27.2-27.2. )', 'Российский размер 42-43/10-12': '(42-43)', 'Российский размер 41-42': '(Размер производителя: 41-42/9-11, Длина стопы, в см: 26.3-26.3. EU размер: 41-42. )', 'Российский размер 41': '(Размер производителя: 41-42/8-10, EU размер: 41-42. Длина стопы, в см: 25.5-25.5. )', 'Российский размер 40-41': '(Размер производителя: 40-41/8-10, EU размер: 41-42. Длина стопы, в см: 25.5-25.5. )', 'Российский размер 39-40': '(Размер производителя: 39-40/7-9, EU размер: 39-40. Длина стопы, в см: 24.6-24.6. )', 'Российский размер 38-39': '(Размер производителя: 38-39/6-8, Длина стопы, в см: 24.2-24.2. EU размер: 38-39. )', 'Российский размер 37-38': '(Размер производителя: 37-38/5-7, EU размер: 37-38. Длина стопы, в см: 23.3-23.3. )', 'Российский размер 36-37': '(Размер производителя: 36-37/4-6, Длина стопы, в см: 22.8-22.8. EU размер: 36-37. )', 'Российский размер 36': '(Размер производителя: 35-36/3-5, EU размер: 35-36. Длина стопы, в см: 21.6-22. )', 'Российский размер 35': '(Размер производителя: 34-35/2-4, EU размер: 34-35. Длина стопы, в см: 20.8-21.5. )'} Сабо взрослые летние. Сабо CROCS Classic известны высоким уровнем удобства и пользуются популярностью по всему миру! Материал Croslite обеспечивает комфорт на протяжении всего дня. Удобство в каждом шаге, универсальный дизайн и легкость обуви позволяют носить ее в офисе, дома, на улице.","Здравствуйте. Обращаем ваше внимание, что на Wildberries указаны российские размеры обуви, а на бирке самих моделей - европейские, которые отличаются на +1 единицу. Так, например, при заказе российского размера 41-42 на бирке будет указан европейский размер 42-43, все пришло верно.",1
4794814,"Добрый день. Прошлые вопросы, конечно, прочитала. До нг не успела купить конструктор, увидела, что почти на 2 тыс. взлетела цена сразу. Ждала, думала вб с ценой развлекается. Но так понимаю, что понижение цен не будет, тк это решение производителя?","{'Вес с упаковкой (кг)': '3.1 кг', 'Назначение подарка': 'Детям', 'Возрастные ограничения': '3+', 'Совместимость конструктора': 'Куби Дуби', 'Ширина упаковки': '36 см', 'Количество элементов': '51 элемент', 'Тренируемые навыки': 'Воображение', 'Вес товара с упаковкой (г)': '3100 г', 'Повод': 'Любой праздник', 'Ставка НДС': '10', 'Комплектация': 'конструктор', 'Упаковка': 'деревянный короб', 'Страна производства': 'Россия', 'Материал изделия': 'Натуральное дерево', 'Номер сертификата соответствия': 'ЕАЭС RU С-RU.ПФ02.В.04711/21', 'Дата регистрации сертификата/декларации': '14.07.2021', 'Возрастная группа': 'для детей', 'Дата окончания действия сертификата/декларации': '13.07.2026', 'Длина упаковки': '27 см', 'Цвет': 'светло-коричневый', 'Любимые герои': 'деревянный конструктор', 'Эффекты': 'катающиеся стеклянные шарики', 'Вид конструктора': 'деревянный', 'Особенности конструктора': 'Конструирование', 'Высота упаковки': '10 см'}  Конструктор ""Горки"". Хотите подарить ребёнку возможность не только построить оригинальные сооружения, но и увлекательно с ним поиграть? Тогда данный набор станет прекрасным выбором. ""Горки"" разработаны в качестве альтернативы пластиковым и металлическим конструкторам для создания лабиринтов, по которым запускается шарик. Набор развивает фантазию и логическое мышление во время возведения конструкции, после ребёнка ждет самый интересный момент - запуск шарика по желобам. Достигнет ли шар финиша? Верно ли выстроен лабиринт? Узнайте, соорудив свои ""горки"". Главной задачей игрушек «Куби Дуби» является здоровое развитие вашего ребенка. При производстве игрушек мы используем экологически-чистую древесину без применения лака и красок. Постройте вместе с ребенком любую задуманную вами постройку. Игра с таким конструктором способствует развитию у ребенка внимания, что поможет ребенку в будущем. Развивает пространственное мышление, мелкую моторику рук, что способствует развитию речи. Для детей младшего возраста данная игрушка будет незаменимым помощником, т.к. на этом этапе формируется понятие форм и его легко собирать. Детский деревянный набор дополнит различные игрушки для малышей. Обучающие детские игры для мальчиков и девочек, для малышей от 1 года (для самостоятельной игры от 3 лет) и станет одним из самых любимых наборов! Тактильный контакт с натуральным деревом оказывает положительное воздействие на сенсорные навыки ребенка, приятные на ощупь. Игра в конструктор это отличный способ совместного времяпровождения, с расширением границ фантазии и воображения. Деревянные игрушки для самых маленьких способствуют развитию координации и ловкости вашего малыша. Предоставьте Вашему малышу возможность создать уникальный и удивительный мир. Развивающий конструктор доставит вашему малышу только положительные эмоции. Детали конструктора не рекомендуется мыть водой, при необходимости можно обработать антисептическими средствами. Отличный подарок на Новый Год!","Здравствуйте. Цена не окончательная, следите за обновлением на платформе.
С уважением, команда ""Куби Дуби""",0
4794814,"Добрый день! Подскажите, пожалуйста, когда в продаже появится конструктор ""Горки""?","{'Вес с упаковкой (кг)': '3.1 кг', 'Назначение подарка': 'Детям', 'Возрастные ограничения': '3+', 'Совместимость конструктора': 'Куби Дуби', 'Ширина упаковки': '36 см', 'Количество элементов': '51 элемент', 'Тренируемые навыки': 'Воображение', 'Вес товара с упаковкой (г)': '3100 г', 'Повод': 'Любой праздник', 'Ставка НДС': '10', 'Комплектация': 'конструктор', 'Упаковка': 'деревянный короб', 'Страна производства': 'Россия', 'Материал изделия': 'Натуральное дерево', 'Номер сертификата соответствия': 'ЕАЭС RU С-RU.ПФ02.В.04711/21', 'Дата регистрации сертификата/декларации': '14.07.2021', 'Возрастная группа': 'для детей', 'Дата окончания действия сертификата/декларации': '13.07.2026', 'Длина упаковки': '27 см', 'Цвет': 'светло-коричневый', 'Любимые герои': 'деревянный конструктор', 'Эффекты': 'катающиеся стеклянные шарики', 'Вид конструктора': 'деревянный', 'Особенности конструктора': 'Конструирование', 'Высота упаковки': '10 см'}  Конструктор ""Горки"". Хотите подарить ребёнку возможность не только построить оригинальные сооружения, но и увлекательно с ним поиграть? Тогда данный набор станет прекрасным выбором. ""Горки"" разработаны в качестве альтернативы пластиковым и металлическим конструкторам для создания лабиринтов, по которым запускается шарик. Набор развивает фантазию и логическое мышление во время возведения конструкции, после ребёнка ждет самый интересный момент - запуск шарика по желобам. Достигнет ли шар финиша? Верно ли выстроен лабиринт? Узнайте, соорудив свои ""горки"". Главной задачей игрушек «Куби Дуби» является здоровое развитие вашего ребенка. При производстве игрушек мы используем экологически-чистую древесину без применения лака и красок. Постройте вместе с ребенком любую задуманную вами постройку. Игра с таким конструктором способствует развитию у ребенка внимания, что поможет ребенку в будущем. Развивает пространственное мышление, мелкую моторику рук, что способствует развитию речи. Для детей младшего возраста данная игрушка будет незаменимым помощником, т.к. на этом этапе формируется понятие форм и его легко собирать. Детский деревянный набор дополнит различные игрушки для малышей. Обучающие детские игры для мальчиков и девочек, для малышей от 1 года (для самостоятельной игры от 3 лет) и станет одним из самых любимых наборов! Тактильный контакт с натуральным деревом оказывает положительное воздействие на сенсорные навыки ребенка, приятные на ощупь. Игра в конструктор это отличный способ совместного времяпровождения, с расширением границ фантазии и воображения. Деревянные игрушки для самых маленьких способствуют развитию координации и ловкости вашего малыша. Предоставьте Вашему малышу возможность создать уникальный и удивительный мир. Развивающий конструктор доставит вашему малышу только положительные эмоции. Детали конструктора не рекомендуется мыть водой, при необходимости можно обработать антисептическими средствами. Отличный подарок на Новый Год!","Здравствуйте. Постараемся поставить к концу текущего месяца.
С уважением, команда ""Куби Дуби"".",0
154768478,"Добрый день! Подскажите, пожалуйста, какой необходимо купить фильтр на модель LG VK 73181NHAB?","{'Ставка НДС': '20', 'Модель': 'FTH 41', 'Цвет': 'белый', 'Ширина упаковки': '20 см', 'Вес товара с упаковкой (г)': '218 г', 'Высота упаковки': '8 см', 'Длина упаковки': '21 см', 'Материал изделия': 'синтетический материал', 'Страна производства': 'Китай', 'Комплектация': 'Моторный фильтр -1шт.,HEPA фильтр-1шт.'}  Набор фильтров для пылесосов LG FTH 41 LGE + FTM 11. Набор фильтров для пылесоса LG Лджи: НЕРА фильтр Filtero FTH 41 уровня фильтрации Н12 и комплект моторных фильтров FTM 11. НЕРА фильтр препятствует выходу мельчайших частиц пыли и аллергенов из пылесоса в помещение. НЕРА фильтр немоющийся. Комплект моторных фильтров Filtero FTM 11 защищает от попадания крупных частиц пыли в моторный отсек пылесоса. Моторный фильтр можно промывать согласно инструкции к пылесосу. Фильтры подлежат замене, согласно рекомендации производителя пылесосов - не реже одного раза за 6 месяцев. Комплектация: 1 НЕРА фильтр в пластиковом корпусе, 1 комплект моторных фильтров. Внимание! Некоторые модели серий пылесосов в совместимости на фотографии 3 в карточке товара помечены звездочкой, в зависимости от года выпуска, совместимы с НЕРА фильтром Filtero FTH 46, различия фильтров указаны на фотографии 4 в карточке товара. Фильтры для пылесосов LG Kompressor Lite VK89181N, VK89182NU, VK89183H, VK89185HU, VK89189HMV, VK89101HQ, VK89102HU, VK89105HQ, VK89106HU, VK89107HC, VK89281R, VK89282R, VK89283RU, VK89301HQ, VK89380NSP (до 10.2017г.), VK89382HU, VK89383HU(до 10.2018г.), VK89482R, VK89483RU, VK89502HU. Kompressor Lite VC73155NMVB, VC73180NNTR, NBSP, VC73181NHAB, VC73182UNAS, VC73184NHAR, VC73185NHAP, VC73188NELR, VC73201UHAP, VC73203UHAO. Kompressor Plus VK8810HUMR, VK8811HUMR, VK8820HUV, HFN, VK8828HQ, VK8830HTXR. Kompressor Follow me VK88401HF, VK88501HF. Kompressor Follow me VC83101UHAQ, VC83201SCAN, VC83202UHA (до 09.2017г.), VC83203SCAN, VC88888 NHAQ. Kompressor Elite VK80101HFR, CVX, VK80102HX, VK80103HFX, VK80201CUNX. Kompressor Elite Smart VK81101HF. Kompressor Cord Zero VK89000HQ (до 01.2015г.) (Оригинальный тип. VEF-SQ4NS, ADQ56691101, ADQ56691102 без угольного слоя). Хранить в сухом месте. Срок годности не ограничен.","Добрый день! Благодарим за интерес, проявленный к нашей продукции. Данная серия пылесосов, совместима с одним из представленных НЕРА фильтров: ""Filtero / Filtero FTH 41 LGE HEPA фильтр для пылесосов LG"" Артикул: 3691810 или ""Filtero / Filtero FTH 46 LGE HEPA фильтр для пылесосов LG"" Артикул: 8745129. Необходимо сравнить визуально фильтр вашего пылесоса с этими фильтрами. (У FTH 41 в нижней части два выступа для вставки в пылесос, а у FTH 46 в нижней части три выступа для вставки в пылесос). В карточке товара, на фото №4 можно увидеть разницу между фильтрами. Можем предложить моторный фильтр ""Filtero / Filtero FTM 11 комплект моторных фильтров для пылесосов LG"" Артикул: 4388475. Будем благодарны за оставленный отзыв после покупки.",1
154768478,"Добрый день! Подскажите, пожалуйста, какой необходимо купить фильтр на модель LG VK 73181NHAB?","{'Ставка НДС': '20', 'Модель': 'FTH 41', 'Цвет': 'белый', 'Ширина упаковки': '20 см', 'Вес товара с упаковкой (г)': '218 г', 'Высота упаковки': '8 см', 'Длина упаковки': '21 см', 'Материал изделия': 'синтетический материал', 'Страна производства': 'Китай', 'Комплектация': 'Моторный фильтр -1шт.,HEPA фильтр-1шт.'}  Набор фильтров для пылесосов LG FTH 41 LGE + FTM 11. Набор фильтров для пылесоса LG Лджи: НЕРА фильтр Filtero FTH 41 уровня фильтрации Н12 и комплект моторных фильтров FTM 11. НЕРА фильтр препятствует выходу мельчайших частиц пыли и аллергенов из пылесоса в помещение. НЕРА фильтр немоющийся. Комплект моторных фильтров Filtero FTM 11 защищает от попадания крупных частиц пыли в моторный отсек пылесоса. Моторный фильтр можно промывать согласно инструкции к пылесосу. Фильтры подлежат замене, согласно рекомендации производителя пылесосов - не реже одного раза за 6 месяцев. Комплектация: 1 НЕРА фильтр в пластиковом корпусе, 1 комплект моторных фильтров. Внимание! Некоторые модели серий пылесосов в совместимости на фотографии 3 в карточке товара помечены звездочкой, в зависимости от года выпуска, совместимы с НЕРА фильтром Filtero FTH 46, различия фильтров указаны на фотографии 4 в карточке товара. Фильтры для пылесосов LG Kompressor Lite VK89181N, VK89182NU, VK89183H, VK89185HU, VK89189HMV, VK89101HQ, VK89102HU, VK89105HQ, VK89106HU, VK89107HC, VK89281R, VK89282R, VK89283RU, VK89301HQ, VK89380NSP (до 10.2017г.), VK89382HU, VK89383HU(до 10.2018г.), VK89482R, VK89483RU, VK89502HU. Kompressor Lite VC73155NMVB, VC73180NNTR, NBSP, VC73181NHAB, VC73182UNAS, VC73184NHAR, VC73185NHAP, VC73188NELR, VC73201UHAP, VC73203UHAO. Kompressor Plus VK8810HUMR, VK8811HUMR, VK8820HUV, HFN, VK8828HQ, VK8830HTXR. Kompressor Follow me VK88401HF, VK88501HF. Kompressor Follow me VC83101UHAQ, VC83201SCAN, VC83202UHA (до 09.2017г.), VC83203SCAN, VC88888 NHAQ. Kompressor Elite VK80101HFR, CVX, VK80102HX, VK80103HFX, VK80201CUNX. Kompressor Elite Smart VK81101HF. Kompressor Cord Zero VK89000HQ (до 01.2015г.) (Оригинальный тип. VEF-SQ4NS, ADQ56691101, ADQ56691102 без угольного слоя). Хранить в сухом месте. Срок годности не ограничен.","Добрый день! Благодарим за интерес, проявленный к нашей продукции. Рекомендуем проверить правильность указания модели пылесоса. Серия  VC731...пылесосов, совместима с одним из представленных НЕРА фильтров: ""Filtero / Filtero FTH 41 LGE HEPA фильтр для пылесосов LG"" Артикул: 3691810 или ""Filtero / Filtero FTH 46 LGE HEPA фильтр для пылесосов LG"" Артикул: 8745129. Необходимо сравнить визуально фильтр вашего пылесоса с этими фильтрами. (У FTH 41 в нижней части два выступа для вставки в пылесос, а у FTH 46 в нижней части три выступа для вставки в пылесос). В карточке товара, на фото №4 можно увидеть разницу между фильтрами. Можем предложить моторный фильтр ""Filtero / Filtero FTM 11 комплект моторных фильтров для пылесосов LG"" Артикул: 4388475. Будем благодарны за оставленный отзыв после покупки.",1
154768478,"здравствуйте, какой фильтр подойдет для пылесоса модель vc73155nmvb год выпуска 2020?","{'Ставка НДС': '20', 'Модель': 'FTH 41', 'Цвет': 'белый', 'Ширина упаковки': '20 см', 'Вес товара с упаковкой (г)': '218 г', 'Высота упаковки': '8 см', 'Длина упаковки': '21 см', 'Материал изделия': 'синтетический материал', 'Страна производства': 'Китай', 'Комплектация': 'Моторный фильтр -1шт.,HEPA фильтр-1шт.'}  Набор фильтров для пылесосов LG FTH 41 LGE + FTM 11. Набор фильтров для пылесоса LG Лджи: НЕРА фильтр Filtero FTH 41 уровня фильтрации Н12 и комплект моторных фильтров FTM 11. НЕРА фильтр препятствует выходу мельчайших частиц пыли и аллергенов из пылесоса в помещение. НЕРА фильтр немоющийся. Комплект моторных фильтров Filtero FTM 11 защищает от попадания крупных частиц пыли в моторный отсек пылесоса. Моторный фильтр можно промывать согласно инструкции к пылесосу. Фильтры подлежат замене, согласно рекомендации производителя пылесосов - не реже одного раза за 6 месяцев. Комплектация: 1 НЕРА фильтр в пластиковом корпусе, 1 комплект моторных фильтров. Внимание! Некоторые модели серий пылесосов в совместимости на фотографии 3 в карточке товара помечены звездочкой, в зависимости от года выпуска, совместимы с НЕРА фильтром Filtero FTH 46, различия фильтров указаны на фотографии 4 в карточке товара. Фильтры для пылесосов LG Kompressor Lite VK89181N, VK89182NU, VK89183H, VK89185HU, VK89189HMV, VK89101HQ, VK89102HU, VK89105HQ, VK89106HU, VK89107HC, VK89281R, VK89282R, VK89283RU, VK89301HQ, VK89380NSP (до 10.2017г.), VK89382HU, VK89383HU(до 10.2018г.), VK89482R, VK89483RU, VK89502HU. Kompressor Lite VC73155NMVB, VC73180NNTR, NBSP, VC73181NHAB, VC73182UNAS, VC73184NHAR, VC73185NHAP, VC73188NELR, VC73201UHAP, VC73203UHAO. Kompressor Plus VK8810HUMR, VK8811HUMR, VK8820HUV, HFN, VK8828HQ, VK8830HTXR. Kompressor Follow me VK88401HF, VK88501HF. Kompressor Follow me VC83101UHAQ, VC83201SCAN, VC83202UHA (до 09.2017г.), VC83203SCAN, VC88888 NHAQ. Kompressor Elite VK80101HFR, CVX, VK80102HX, VK80103HFX, VK80201CUNX. Kompressor Elite Smart VK81101HF. Kompressor Cord Zero VK89000HQ (до 01.2015г.) (Оригинальный тип. VEF-SQ4NS, ADQ56691101, ADQ56691102 без угольного слоя). Хранить в сухом месте. Срок годности не ограничен.","Добрый день! Благодарим за интерес, проявленный к нашей продукции. Серия VC731...пылесосов, совместима с одним из представленных НЕРА фильтров: ""Filtero / Filtero FTH 41 LGE HEPA фильтр для пылесосов LG"" Артикул: 3691810 или ""Filtero / Filtero FTH 46 LGE HEPA фильтр для пылесосов LG"" Артикул: 8745129. Необходимо сравнить визуально фильтр вашего пылесоса с этими фильтрами. (У FTH 41 в нижней части два выступа для вставки в пылесос, а у FTH 46 в нижней части три выступа для вставки в пылесос). В карточке товара, на фото №4 можно увидеть разницу между фильтрами. Можем предложить моторный фильтр ""Filtero / Filtero FTM 11 комплект моторных фильтров для пылесосов LG"" Артикул: 4388475. Будем благодарны за оставленный отзыв после покупки.",1
154768478,"Почему Вы отвечаете на вопросы,а размеры не знаете?Люди покупают потом здают товар.Неужели Вам это выгодно?И отвечать на вопросы бесконечно подойдёт,не подойдёт.Посмотрел на размеры и всё ясно!Не надо ждать неделю ответа.","{'Ставка НДС': '20', 'Модель': 'FTH 41', 'Цвет': 'белый', 'Ширина упаковки': '20 см', 'Вес товара с упаковкой (г)': '218 г', 'Высота упаковки': '8 см', 'Длина упаковки': '21 см', 'Материал изделия': 'синтетический материал', 'Страна производства': 'Китай', 'Комплектация': 'Моторный фильтр -1шт.,HEPA фильтр-1шт.'}  Набор фильтров для пылесосов LG FTH 41 LGE + FTM 11. Набор фильтров для пылесоса LG Лджи: НЕРА фильтр Filtero FTH 41 уровня фильтрации Н12 и комплект моторных фильтров FTM 11. НЕРА фильтр препятствует выходу мельчайших частиц пыли и аллергенов из пылесоса в помещение. НЕРА фильтр немоющийся. Комплект моторных фильтров Filtero FTM 11 защищает от попадания крупных частиц пыли в моторный отсек пылесоса. Моторный фильтр можно промывать согласно инструкции к пылесосу. Фильтры подлежат замене, согласно рекомендации производителя пылесосов - не реже одного раза за 6 месяцев. Комплектация: 1 НЕРА фильтр в пластиковом корпусе, 1 комплект моторных фильтров. Внимание! Некоторые модели серий пылесосов в совместимости на фотографии 3 в карточке товара помечены звездочкой, в зависимости от года выпуска, совместимы с НЕРА фильтром Filtero FTH 46, различия фильтров указаны на фотографии 4 в карточке товара. Фильтры для пылесосов LG Kompressor Lite VK89181N, VK89182NU, VK89183H, VK89185HU, VK89189HMV, VK89101HQ, VK89102HU, VK89105HQ, VK89106HU, VK89107HC, VK89281R, VK89282R, VK89283RU, VK89301HQ, VK89380NSP (до 10.2017г.), VK89382HU, VK89383HU(до 10.2018г.), VK89482R, VK89483RU, VK89502HU. Kompressor Lite VC73155NMVB, VC73180NNTR, NBSP, VC73181NHAB, VC73182UNAS, VC73184NHAR, VC73185NHAP, VC73188NELR, VC73201UHAP, VC73203UHAO. Kompressor Plus VK8810HUMR, VK8811HUMR, VK8820HUV, HFN, VK8828HQ, VK8830HTXR. Kompressor Follow me VK88401HF, VK88501HF. Kompressor Follow me VC83101UHAQ, VC83201SCAN, VC83202UHA (до 09.2017г.), VC83203SCAN, VC88888 NHAQ. Kompressor Elite VK80101HFR, CVX, VK80102HX, VK80103HFX, VK80201CUNX. Kompressor Elite Smart VK81101HF. Kompressor Cord Zero VK89000HQ (до 01.2015г.) (Оригинальный тип. VEF-SQ4NS, ADQ56691101, ADQ56691102 без угольного слоя). Хранить в сухом месте. Срок годности не ограничен.","Добрый день. Основным параметром расходных материалов является их соответствие пылесосам, прописанное и регулярно обновляемое нами как на упаковке так и на нашем сайте.  Фильтр может подходить по размеру, но будут защелки в другом месте, и фильтр на место уже не встанет. Поэтому только совместимость является основным параметром для покупки.  Совместимость фильтров или мешков с моделью пылесоса либо серией указана на 3-й фотографии товара (обратная сторона упаковки).",0
5876603,"Чему верить этикетке или ответам на вопросы здесь? Здесь ответили, что 100% полиэстер. На этикетке, что 50% хлопок. Взяла и думаю сдавать или нет.","{'Страна производства': 'Россия', 'Длина упаковки': '17 см', 'Высота предмета': '260 см', 'Комплектация': 'штора - 2 шт', 'Цвет': 'коричневый', 'Ширина штор': '271-280 см', 'Назначение штор': 'шторы для гостиной и спальни', 'Высота упаковки': '35 см', 'Ширина упаковки': '26 см', 'Виды штор': 'классические шторы', 'Рисунок': 'орнамент', 'Ширина предмета': '140 см', 'Стиль штор': 'модерн', 'Тип крепления штор': 'лента', 'Особенности материала': 'жаккард', 'Состав': 'хлопок 48%', 'Плотность ткани': '220 г/кв.м', 'Декоративные элементы': 'без элементов', 'Вес с упаковкой (кг)': '2 кг', 'Высота штор': '260 см'}  Шторы интерьерные для гостиной 2шт. 140х260. Шторы выполнены из Шторы для гостиной и спальни , выполнен из самой высококачественной плотной и прочной ткани Гобелен , приятной на ощупь . Современные шторы интерьерные этого артикула состоят из 2 широких портьер размером 140 см – ширина , 260 см –высота . Ткань не впитывает грязь и пыль , не мнется не садится , не выгорает на солнце , не линяет и имеет очень долгий срок службы, благодаря использования ткани самого высокого качества . В производстве используется хлопковая шторная лента шириной 6 см , благодаря которой можно регулировать ширину под Ваш карниз , создавая очень аккуратные и качественные складки , так же есть кармашек для трубы . Шторы интерьерные благодаря высоте 260 см , можно повесить в комнату с низкими , стандартными или высокими потолками. Если подшить низ штор, то можно уменьшить высоту комплекта. Шторы представлены в самых модных цветах : серые , бежевые , красные , кофейные, морская волна, темно-коричневые , золотистые, кремовые , розовые , желтые , белые , слоновая кость, черные, бирюзовые ,синие , фиолетовые , коричневые , зеленые . Шторы солнцезащитные блэкаут (светонепроницаемость до 85 %) можно повесить в спальню, в зал, в детскую комнату на потолочный или настенный карниз и готовы для использования . Эти шторы дешевые и недорогие . Шторы гостиная дом обеспечат Вам покой и здоровый сон. При нажатии на логотип COLORE CALDO , вы увидите все коллекции наших штор и тюли : шторы интерьерные , шторы блекаут , шторы для гостиной и спальни , шторы для кухни , шторы для гостиной , шторы в детскую , шторы для спальни , шторы бархат , шторы в зал , шторы дом шторы для гостиной и спальни , готовый комплект штор , шторы в спальню , блэкаут шторы , готовые шторы, шторы ночные, шторы для дачи , занавески , гардины , портьеры . На все наши изделия мы ,как производители, имеем декларацию соответствия . Однотонные шторы , двухцветные шторы , трехцветные шторы , двойные шторы , разноцветные шторы и многоцветные шторы – лучший подарок на свадьбу , новоселье , день рождения , в подарок бабушке . Благодаря исключительному качеству наших изделий нас выбирают сотни тысяч покупателей, потому что COLORE CALDO это бренд , представляющий весть спектр товаров для декора окна , как дорогого так и дешевого ценового диапазона , то есть недорого . с цветочным принтом.",здравствуйте. Возможно ошибочно пришита не та этикетка. Шторы из полиэстера. Вы имеете полное право вернуть товар по любой причине и Вам вернут Ваши деньги. Но такого качества по такой цене Вы никогда не купите. Мы распродаем коллекцию в разы ниже чем была цена ранее. спасибо за обращение.,0
83775577,здравствуйте.подскажите где посмотреть магнит с ответной частью? нужны два элемента,"{'Назначение подарка': 'маме', 'Ширина упаковки': '2 см', 'Длина упаковки': '8 см', 'Количество предметов в упаковке': '20 шт', 'Высота упаковки': '11 см', 'Хрупкость': 'не хрупкое', 'Повод': 'день рождения', 'Материал изделия': 'Неодимовый магнит', 'Ширина предмета': '1 см', 'Вес товара с упаковкой (г)': '35 г', 'Страна производства': 'Китай', 'Высота предмета': '0.1 см', 'Тематика магнита': 'наборы'}  Неодимовый магнит 10х1мм с клеевым слоем 20шт. Сила сцепления: до 510 г на отрыв, до 260 г на сдвиг [О ТОВАРЕ] Неодимовый диск с клеевым слоем 10х1 мм - довольно сильный магнит. Он удержит до 510 г (до 260 г на сдвиг). Благодаря клеевому покрытию не надо искать подходящий клей, исключен риск запачкать ткань или бумагу. Магнит подходит для кашированных коробок с клапаном, деревянных шкатулок и конвертов (для защиты от случайного раскрытия). На конверт достаточно одной пары «Магнит + Магнит» или «Магнит + Ответная часть». На коробку и шкатулку: по паре на каждые 10-15 см. Можно приклеивать магнит к обучающим материалам и вешать на магнитную доску. Также такие магниты применяют в моделировании и макетировании, варгеймах, для фиксации створок шкафа, хранения скрепок и железной мелочевки, отделки съемной плиткой скрытого люка в ванной. Никелевое покрытие защищает неодим от царапин и коррозии. Диапазон рабочей температуры от -60 до +80 градусов. Естественное размагничивание 1% в 10 лет. Примерно в 10 раз сильнее, чем ферритовый магнит. [ВНИМАНИЕ] Осторожно обращайтесь с неодимовыми магнитами: они довольно хрупкие и могут сколоться при притяжении друг к другу или металлу.",Здравствуйте. артикул 83775577 является для себя же ответной частью Магнит + Магнит. Желаем приятных покупок!,0
83775577,"Здравствуйте. Подойдут ли эти магниты для крепления дверцы на газовой плите под духовкой, так сказать отсек для хранения посуды?Старые магнитики потерялись и дверца всегда открыта","{'Назначение подарка': 'маме', 'Ширина упаковки': '2 см', 'Длина упаковки': '8 см', 'Количество предметов в упаковке': '20 шт', 'Высота упаковки': '11 см', 'Хрупкость': 'не хрупкое', 'Повод': 'день рождения', 'Материал изделия': 'Неодимовый магнит', 'Ширина предмета': '1 см', 'Вес товара с упаковкой (г)': '35 г', 'Страна производства': 'Китай', 'Высота предмета': '0.1 см', 'Тематика магнита': 'наборы'}  Неодимовый магнит 10х1мм с клеевым слоем 20шт. Сила сцепления: до 510 г на отрыв, до 260 г на сдвиг [О ТОВАРЕ] Неодимовый диск с клеевым слоем 10х1 мм - довольно сильный магнит. Он удержит до 510 г (до 260 г на сдвиг). Благодаря клеевому покрытию не надо искать подходящий клей, исключен риск запачкать ткань или бумагу. Магнит подходит для кашированных коробок с клапаном, деревянных шкатулок и конвертов (для защиты от случайного раскрытия). На конверт достаточно одной пары «Магнит + Магнит» или «Магнит + Ответная часть». На коробку и шкатулку: по паре на каждые 10-15 см. Можно приклеивать магнит к обучающим материалам и вешать на магнитную доску. Также такие магниты применяют в моделировании и макетировании, варгеймах, для фиксации створок шкафа, хранения скрепок и железной мелочевки, отделки съемной плиткой скрытого люка в ванной. Никелевое покрытие защищает неодим от царапин и коррозии. Диапазон рабочей температуры от -60 до +80 градусов. Естественное размагничивание 1% в 10 лет. Примерно в 10 раз сильнее, чем ферритовый магнит. [ВНИМАНИЕ] Осторожно обращайтесь с неодимовыми магнитами: они довольно хрупкие и могут сколоться при притяжении друг к другу или металлу.","Здравствуйте. Рекомендуем использовать магнитные крепления, например артикул 83896832 или 11011750. Они заключены в металлический корпус, что не даст им расколоться при ударе. Благодарим Вас за внимание к нашему бренду Forceberg. Желаем приятных покупок!",0
83775577,"здравствуйте,Я спрашивала ваши магниты бояться влаги? не ржавеют? ответ не получен.только про клей сказали.","{'Назначение подарка': 'маме', 'Ширина упаковки': '2 см', 'Длина упаковки': '8 см', 'Количество предметов в упаковке': '20 шт', 'Высота упаковки': '11 см', 'Хрупкость': 'не хрупкое', 'Повод': 'день рождения', 'Материал изделия': 'Неодимовый магнит', 'Ширина предмета': '1 см', 'Вес товара с упаковкой (г)': '35 г', 'Страна производства': 'Китай', 'Высота предмета': '0.1 см', 'Тематика магнита': 'наборы'}  Неодимовый магнит 10х1мм с клеевым слоем 20шт. Сила сцепления: до 510 г на отрыв, до 260 г на сдвиг [О ТОВАРЕ] Неодимовый диск с клеевым слоем 10х1 мм - довольно сильный магнит. Он удержит до 510 г (до 260 г на сдвиг). Благодаря клеевому покрытию не надо искать подходящий клей, исключен риск запачкать ткань или бумагу. Магнит подходит для кашированных коробок с клапаном, деревянных шкатулок и конвертов (для защиты от случайного раскрытия). На конверт достаточно одной пары «Магнит + Магнит» или «Магнит + Ответная часть». На коробку и шкатулку: по паре на каждые 10-15 см. Можно приклеивать магнит к обучающим материалам и вешать на магнитную доску. Также такие магниты применяют в моделировании и макетировании, варгеймах, для фиксации створок шкафа, хранения скрепок и железной мелочевки, отделки съемной плиткой скрытого люка в ванной. Никелевое покрытие защищает неодим от царапин и коррозии. Диапазон рабочей температуры от -60 до +80 градусов. Естественное размагничивание 1% в 10 лет. Примерно в 10 раз сильнее, чем ферритовый магнит. [ВНИМАНИЕ] Осторожно обращайтесь с неодимовыми магнитами: они довольно хрупкие и могут сколоться при притяжении друг к другу или металлу.","Здравствуйте. Никелевое покрытие защищает неодим от царапин и коррозии. Но многое зависит от условий эксплуатации. Если магнит положить в воду и не вытаскивать, то он конечно же заржавеет. Если же использовать магнит в условиях умеренной влажности то никелевое покрытие защитит магнит от коррозии.",0
5083357,"здравствуйте, скажите пожалуйста, когда будут сваровски серьги,колье и колечко  с темно синим камнем ?","{'Минимальный вес (г)': '3.1 г', 'Ширина упаковки': '9 см', 'Высота упаковки': '12 см', 'Длина упаковки': '0.5 см', 'Состав ювелирного изделия': 'серебро', 'Комплектация': 'подвеска', 'Вид подвески': 'без классификации', 'Проба': '925', 'Покрытие': 'родий', 'Пол': 'Женский', 'Страна производства': 'Россия', 'Вставка': 'фианит', 'Цвет': 'серебристый'}  Подвеска из серебра с кристаллом. Изделие выполнено из серебра 925 пробы; вставка: фианит. Значение веса на фото и в характеристиках являются примерными и могут отличаться от фактического.","Добрый день! К сожалению, поступление товара в ближайшее время не ожидается. Информация о поступлениях обновляется на ежедневной основе. Рекомендуем Вам следить за обновлениями на сайте.",0
5814020,"Здравствуйте,а в белом цвете будет в наличии ?","{'Пол': 'Девочки', 'Цвет': 'розовый', 'Состав': 'хлопок 100%', 'Особенности модели': 'дышащий материал', 'Ширина упаковки': '25 см', 'Уход за вещами': 'бережная стирка при 30 градусах', 'Длина упаковки': '20 см', 'Вид застежки': 'кнопки', 'Декоративные элементы': 'принт', 'Назначение': 'повседневная', 'Высота упаковки': '3 см', 'Рисунок': 'печатный рисунок', 'Страна производства': 'Россия', 'Коллекция': 'Базовая коллекция', 'Комплектация': 'ползунки'} {'Российский размер 56-62': 'Рост, см 56-62', 'Российский размер 62-68': 'Рост, см 62-68'} Комплекты для новорожденных. Комплект для новорожденного малыша из пяти предметов. Набор для новорождённых, выполненный из натурального хлопка - интерлока. Комплект состоит из 5 предметов: распашонка - 1 шт., ползунки - 1 шт., комбинезон - 1 шт., чепчик - 1 шт., царапки - 1 пара. Трикотажная хлопковая ткань высочайшего качества, приятная на ощупь, подарит крохе комфорт, не раздражая кожу. Принт ""Корона"" дополняет изделие и делает его нарядным. Набор нательный для малышей - это чудесный подарок на выписку для новорожденного. Этот комплект детской одежды для младенца идеально подойдет на первый месяц жизни малыша, ведь в нем есть все самое необходимое! Комплект идеален для прогулок в теплое время года, а так же как нательный комплект под зимнюю одежду. Сделано в России. С любовью, Югтекстильторг.","Здравствуйте,ДА БУДУТ.НО ТОЧНО НЕ СКАЖУ КОГДА",0
87623583,Какой нужен размер на 14-15 лет?,"{'Комплектация': 'бандаж паховый', 'Ширина упаковки': '15 см', 'Состав': 'пластик 50%', 'Спортивное назначение': 'бокс', 'Пол': 'Мужской', 'Страна производства': 'Пакистан', 'Цвет': 'черный', 'Высота упаковки': '7 см', 'Длина упаковки': '23 см', 'Вид застежки': 'липучка', 'Вес товара с упаковкой (г)': '88 г'} {'Российский размер 40-42': 'Обхват бедер, в см 84-92, Обхват груди, в см 78-86, Обхват талии, в см 66-74', 'Российский размер 48-50': 'Обхват бедер, в см 100-108, Обхват груди, в см 94-102, Обхват талии, в см 82-90', 'Российский размер 46-48': 'Обхват бедер, в см 96-104, Обхват груди, в см 90-98, Обхват талии, в см 78-86', 'Российский размер 44-46': 'Обхват бедер, в см 92-100, Обхват груди, в см 86-94, Обхват талии, в см 66-82', 'Российский размер 50-52': 'Обхват бедер, в см 104-112, Обхват груди, в см 98-106, Обхват талии, в см 86-94', 'Российский размер 42-44': 'Обхват бедер, в см 88-96, Обхват груди, в см 82-90, Обхват талии, в см 70-78'} Бандаж для паха. Бандаж для защиты паха - важный элемент экипировки для бокса и других видов единоборств. Спортивный паховый бандаж изготовлен из эластичного материала и плотно прилегает к телу, что делает его удобным для спарринга. В защите на пах есть специальная пластиковая ракушка (чашка), которая дополнительно защищает от удара во время рукопашного боя. Паховый бандаж универсальный, подойдет для детей и для взрослых спортсменов. Рекомендуется для тренировок по боксу, тхэквондо, каратэ, тайскому боксу, кикбоксингу, смешанных единоборств (ММА), армейскому рукопашному бою (АРБ), боевому самбо. Можно стирать в стиральной машине, предварительно убрав пластиковую накладку.","Здравствуйте! Бандаж подбирается по обхвату талии и бедер. Большая просьба: при оформлении заказа смотреть размерную таблицу, товар соответствует данным, указанным в ней.",0
116778318,"Здравствуйте, а будет ли в ближайшее время размер 42 на данную модель юбки? Арт.116778318","{'Модель юбки': 'карандаш', 'Номер декларации соответствия': 'ЕАЭС N RU Д-RU.РА06.В.66594/22', 'Длина упаковки': '30 см', 'Фактура материала': 'гладкий', 'Декоративные элементы': 'оборка', 'Длина юбки/платья': 'мини', 'Тип посадки': 'высокая', 'Религиозное предназначение': 'православие', 'Коллекция': 'Базовый', 'Уход за вещами': 'бережная стирка при 30 градусах', 'Назначение': 'офис', 'Страна производства': 'Россия', 'ТНВЭД': '6204530000', 'Высота упаковки': '2 см', 'Рост модели на фото': '173 см', 'Рисунок': 'нет', 'Размер на модели': '42', 'Пол': 'Женский', 'Цвет': 'черный', 'Параметры модели на фото (ОГ-ОТ-ОБ)': '81-61-91', 'Комплектация': 'юбка', 'Дата регистрации сертификата/декларации': '22.09.2022', 'Особенности модели': 'вечерний', 'Состав': 'полиэстер 60%', 'Дата окончания действия сертификата/декларации': '18.09.2027', 'Покрой': 'приталенный', 'Тип ростовки': 'для среднего роста', 'Ширина упаковки': '20 см', 'Вид застежки': 'молния'} {'Российский размер 42': 'Обхват бедер, в см 90-94, Обхват талии, в см 62-66', 'Российский размер 44': 'Обхват бедер, в см 94-98, Обхват талии, в см 66-70', 'Российский размер 46': 'Обхват бедер, в см 98-102, Обхват талии, в см 70-74', 'Российский размер 48': 'Обхват бедер, в см 102-104, Обхват талии, в см 74-78'} Юбка черная офис повседневная с оборкой. ВНИМАНИЕ! Длина изделия арт. 116778318 составляет 44 см. Юбка черного цвета для офиса с изящной оборкой - идеальный выбор для элегантной и стильной женщины. Эта мини-юбочка, выполненная в классическом стиле, прекрасно подойдет как для повседневного ношения, так и для корпоративных или праздничных мероприятий. Необычный дизайн и великолепное качество сделают эту вещь незаменимой частью вашего гардероба. Черный - это классика, вечный тренд, который подходит любой женщине. И эта модель не исключение. Она подчеркнет вашу фигуру, добавит нотку загадочности и сексуальности. Черный цвет позволяет использовать эту модель в любом сочетании и с любыми аксессуарами. Она станет вашим универсальным компаньоном на любое мероприятие, будь то прогулка, корпоратив, свидание в ресторане или новый год. Разнообразие стилей и направлений одежды позволяют каждой леди выразить себя и свою индивидуальность. AM ONE - бренд, известный своим качеством и оригинальностью. Они создают одежду для современных самостоятельных и успешных женщин. Эта юбка - отражение ваших амбиций, уверенности и страсти к жизни. В ней вы будете выглядеть непревзойденно и олицетворением истинной женской красоты. Сделайте правильный выбор, ведь эта юбка - идеальный вариант для женщин, которые ценят красоту, стиль и комфорт.","Здравствуйте, нет.",0
5890233,Здравствуйте на счёт гидроупоров не магу отправить сообщение пишет адрес электронной почты некорректный,"{'Модель': 'Niva', 'Высота упаковки': '43 см', 'Комплектация': 'упоры', 'Артикул производителя': 'UCHNIV011', 'Длина упаковки': '4 см', 'Марка автомобиля': 'Chevrolet', 'Ширина упаковки': '5 см', 'Страна производства': 'Россия', 'Вес с упаковкой (кг)': '1 кг'}  Газовые упоры капота для Chevrolet Niva 2002-2020. Газовые упоры АвтоУПОР позволяют легко открыть капот одним движением руки и автоматически зафиксировать его в верхнем положении. Основные преимущества упоров АвтоУПОР: Свободные руки - автоматический подъем и фиксация капота благодаря 2-м газовым упорам. Чистая одежда - вы никогда больше не запачкаете одежду при открытии. Легкая и быстрая установка - установка без сверления и спец. инструментов за 15 минут. Штатный угол открытия капота - благодаря индивидуальной разработке для каждого автомобиля. Надежная и долговечная работа - более 15 000 циклов при температуре от +80 до -30 градусов. В комплекте набор крепежа и инструкция по установке.",Добрый день. Адрес электронной почты arzina.j@rivalauto.com.,0
2672439,Здравствуйте! Стоят ли пробы и именники на золотых частях браслета?,"{'ТНВЭД': '7113110000', 'Вставка': 'подвеска', 'Минимальный вес (г)': '0.89 г', 'Пол': 'Женский', 'Страна производства': 'Россия', 'Вид браслета': 'амулет', 'Назначение подарка': 'маме', 'Высота упаковки': '4 см', 'Цвет': 'золотистый', 'Ширина упаковки': '9 см', 'Повод': 'новый год', 'Огранка': 'без огранки', 'Длина упаковки': '10 см', 'Модель браслета': 'на нити', 'Комплектация': 'браслет', 'Проба': '585', 'Покрытие': 'родий', 'Состав ювелирного изделия': 'золото желтое', 'Вид замка': 'без замка'}  Браслет Чокурей, золото 585. Браслет Чокурей, золото 585 (рейки)- это браслет, который символизирует энергию космоса и помогает своему владельцу достичь гармонии и баланса. Он состоит из нескольких элементов, которые имеют свое значение и символику. ручная работа, браслет подстраивается под размер руки.","Добрый день, да стоит",1
5499826,Здравствуйте! Есть ли фильтр от запаха на крышке?,"{'Вес без упаковки (кг)': '1.8 кг', 'Номер сертификата соответствия': 'ЕАЭС RU С-CN.НА96.В.03058/23', 'Ширина упаковки': '22 см', 'Длина кабеля': '92 см', 'Высота упаковки': '25 см', 'Страна производства': 'Китай', 'Доп. опции фритюрницы': 'антипригарное покрытие', 'Глубина предмета': '20.5 см', 'Управление': 'механическое', 'Объём масла': '1 л', 'Дата регистрации сертификата/декларации': '19.04.2023', 'Длина упаковки': '22 см', 'Ширина предмета': '21.5 см', 'Хрупкость': 'не хрупкое', 'Высота предмета': '20.5 см', 'Комплектация': 'фритюрница', 'Нагревательный элемент': 'закрытый', 'Номер декларации соответствия': 'ЕАЭС N RU Д-CN.РА02.В.77346/23', 'Вес с упаковкой (кг)': '2.1 кг', 'Гарантийный срок': '1 год', 'Количество температурных режимов': '4', 'Цвет': 'серебристый', 'Модель': 'KT-2009', 'Дата окончания действия сертификата/декларации': '18.04.2026'}  Фритюрница электрическая КТ-2009 - 1000 Вт. Во фритюрнице Kitfort КТ-2009 продукты жарятся в глубоком слое горячего масла. С помощью термостата вы можете плавно регулировать температуру приготовления. Чаша фритюрницы несъемная, покрыта антипригарным покрытием. Продукты во фритюре готовятся быстрее, чем на сковороде из-за короткого воздействия высокой температуры со всех сторон. Несмотря на то, что продукты готовятся в масле, в жаренных во фритюре продуктах масла обычно содержится меньше, чем в жаренных на сковороде. Хорошо зажаренные во фритюре продукты покрыты хрустящей корочкой, под которой почти нет масла. Во фритюре можно готовить картофель фри и картофель по-деревенски, чипсы, овощи, рыбу, мясо и птицу, куриные окорочка и крылышки, креветки. Все это можно жарить в кляре и без кляра. Кроме этого, можно жарить котлеты, чебуреки, пельмени, фрикадельки, пирожки, беляши, пышки, пончики и многое другое, например, луковые кольца, кольца кальмаров, грибы и даже соленья.",Отклонён,0
5499826,Здравствуйте! Есть ли фильтр от запаха в данной модели?,"{'Вес без упаковки (кг)': '1.8 кг', 'Номер сертификата соответствия': 'ЕАЭС RU С-CN.НА96.В.03058/23', 'Ширина упаковки': '22 см', 'Длина кабеля': '92 см', 'Высота упаковки': '25 см', 'Страна производства': 'Китай', 'Доп. опции фритюрницы': 'антипригарное покрытие', 'Глубина предмета': '20.5 см', 'Управление': 'механическое', 'Объём масла': '1 л', 'Дата регистрации сертификата/декларации': '19.04.2023', 'Длина упаковки': '22 см', 'Ширина предмета': '21.5 см', 'Хрупкость': 'не хрупкое', 'Высота предмета': '20.5 см', 'Комплектация': 'фритюрница', 'Нагревательный элемент': 'закрытый', 'Номер декларации соответствия': 'ЕАЭС N RU Д-CN.РА02.В.77346/23', 'Вес с упаковкой (кг)': '2.1 кг', 'Гарантийный срок': '1 год', 'Количество температурных режимов': '4', 'Цвет': 'серебристый', 'Модель': 'KT-2009', 'Дата окончания действия сертификата/декларации': '18.04.2026'}  Фритюрница электрическая КТ-2009 - 1000 Вт. Во фритюрнице Kitfort КТ-2009 продукты жарятся в глубоком слое горячего масла. С помощью термостата вы можете плавно регулировать температуру приготовления. Чаша фритюрницы несъемная, покрыта антипригарным покрытием. Продукты во фритюре готовятся быстрее, чем на сковороде из-за короткого воздействия высокой температуры со всех сторон. Несмотря на то, что продукты готовятся в масле, в жаренных во фритюре продуктах масла обычно содержится меньше, чем в жаренных на сковороде. Хорошо зажаренные во фритюре продукты покрыты хрустящей корочкой, под которой почти нет масла. Во фритюре можно готовить картофель фри и картофель по-деревенски, чипсы, овощи, рыбу, мясо и птицу, куриные окорочка и крылышки, креветки. Все это можно жарить в кляре и без кляра. Кроме этого, можно жарить котлеты, чебуреки, пельмени, фрикадельки, пирожки, беляши, пышки, пончики и многое другое, например, луковые кольца, кольца кальмаров, грибы и даже соленья.",Здравствуйте!  Нет,0
5499826,Здравствуйте. При получении фритюрницы её как то можно проверить.И если что-то не так возможно вернуть.Написано возврат бесплатный.,"{'Вес без упаковки (кг)': '1.8 кг', 'Номер сертификата соответствия': 'ЕАЭС RU С-CN.НА96.В.03058/23', 'Ширина упаковки': '22 см', 'Длина кабеля': '92 см', 'Высота упаковки': '25 см', 'Страна производства': 'Китай', 'Доп. опции фритюрницы': 'антипригарное покрытие', 'Глубина предмета': '20.5 см', 'Управление': 'механическое', 'Объём масла': '1 л', 'Дата регистрации сертификата/декларации': '19.04.2023', 'Длина упаковки': '22 см', 'Ширина предмета': '21.5 см', 'Хрупкость': 'не хрупкое', 'Высота предмета': '20.5 см', 'Комплектация': 'фритюрница', 'Нагревательный элемент': 'закрытый', 'Номер декларации соответствия': 'ЕАЭС N RU Д-CN.РА02.В.77346/23', 'Вес с упаковкой (кг)': '2.1 кг', 'Гарантийный срок': '1 год', 'Количество температурных режимов': '4', 'Цвет': 'серебристый', 'Модель': 'KT-2009', 'Дата окончания действия сертификата/декларации': '18.04.2026'}  Фритюрница электрическая КТ-2009 - 1000 Вт. Во фритюрнице Kitfort КТ-2009 продукты жарятся в глубоком слое горячего масла. С помощью термостата вы можете плавно регулировать температуру приготовления. Чаша фритюрницы несъемная, покрыта антипригарным покрытием. Продукты во фритюре готовятся быстрее, чем на сковороде из-за короткого воздействия высокой температуры со всех сторон. Несмотря на то, что продукты готовятся в масле, в жаренных во фритюре продуктах масла обычно содержится меньше, чем в жаренных на сковороде. Хорошо зажаренные во фритюре продукты покрыты хрустящей корочкой, под которой почти нет масла. Во фритюре можно готовить картофель фри и картофель по-деревенски, чипсы, овощи, рыбу, мясо и птицу, куриные окорочка и крылышки, креветки. Все это можно жарить в кляре и без кляра. Кроме этого, можно жарить котлеты, чебуреки, пельмени, фрикадельки, пирожки, беляши, пышки, пончики и многое другое, например, луковые кольца, кольца кальмаров, грибы и даже соленья.",Отклонён,0
2758529,когда будет в наличии?,"{'Возрастные ограничения': '16+', 'Языки': 'русский', 'Длина упаковки': '3 см', 'Комплектация': 'Книга - 1 шт', 'Страна производства': 'Россия', 'Редакция': 'Neoclassic', 'ISBN': '978-5-17-095690-6', 'Глубина предмета': '2.8 см', 'Обложка': 'мягкая', 'Жанры/тематика': 'Детективы для взрослых', 'Вес товара с упаковкой (г)': '233 г', 'Высота упаковки': '19 см', 'Наименование книги': 'Игра Джералда', 'Автор': 'Кинг Стивен', 'Высота предмета': '18.2 см', 'Год выпуска': '2016', 'Вид бумаги': 'Бумага газетная пухлая 76/45', 'Количество страниц': '448 шт.', 'SKU': '9785170956906', 'Серия': 'Король на все времена(м)', 'Ширина упаковки': '12 см', 'Ширина предмета': '11.4 см'}  Игра Джералда. В уединенном доме на берегу лесного озера в штате Мэн разыгралась трагедия. Джесси потеряла мужа и осталась одна, прикованная к кровати. Но ее одиночество было недолгим. Все страхи, которые она когда-либо испытывала в жизни, в одночасье вернулись и заполнили уединенный дом, превратившийся в зловещую камеру пыток.","Здравствуйте! Поступление данного издания в продажу ожидается в октябре - ноябре. Советуем нажать на сердечко и добавить нас в любимые бренды, а также поставить книгу в лист ожидания, тогда Вы не пропустите ее появление на сайте. С уважением, Издательство АСТ",0
2309872,"Здравствуйте)!Война и Мир, в комплекте 2 книги?","{'Количество страниц': '1408 шт.', 'Обложка': 'твердая', 'Комплектация': 'книга - 2 шт', 'Вес товара с упаковкой (г)': '980 г', 'Высота упаковки': '21 см', 'Глубина предмета': '6.5 см', 'Языки': 'русский', 'Возрастные ограничения': '12+', 'Ширина предмета': '13.5 см', 'Длина упаковки': '7 см', 'Наименование книги': 'Война и мир (в 2-х книгах) (комплект)', 'Высота предмета': '20.5 см', 'Серия': 'Мировая классика', 'Ширина упаковки': '14 см', 'Страна производства': 'Россия', 'Год выпуска': '2023', 'Иллюстратор': 'без иллюстраций', 'ISBN': '978-5-389-07123-0', 'Вид бумаги': 'газетная', 'Жанры/тематика': 'Проза для взрослых', 'Автор': 'Толстой Лев Николаевич'}  Война и мир (в 2-х книгах) (комплект). Книга ""Война и мир (в 2-х книгах) (комплект)"". «Война и мир» Л. Н. Толстого — книга на все времена. Кажется, что она существовала всегда, настолько знакомым кажется текст, едва мы открываем первые страницы романа, настолько памятны многие его эпизоды: охота и святки, первый бал Наташи Ростовой, лунная ночь в Отрадном, князь Андрей в сражении при Аустерлице... Сцены «мирной», семейной жизни сменяются картинами, имеющими значение для хода всей мировой истории, но для Толстого они равноценны, связаны в едином потоке времени. Каждый эпизод важен не только для развития сюжета, но и как одно из бесчисленных проявлений жизни, которая насыщена в каждом своем моменте и которую учит любить Толстой.","Добрый день!
Да.",1
2309872,Цена за 2-е книги?,"{'Количество страниц': '1408 шт.', 'Обложка': 'твердая', 'Комплектация': 'книга - 2 шт', 'Вес товара с упаковкой (г)': '980 г', 'Высота упаковки': '21 см', 'Глубина предмета': '6.5 см', 'Языки': 'русский', 'Возрастные ограничения': '12+', 'Ширина предмета': '13.5 см', 'Длина упаковки': '7 см', 'Наименование книги': 'Война и мир (в 2-х книгах) (комплект)', 'Высота предмета': '20.5 см', 'Серия': 'Мировая классика', 'Ширина упаковки': '14 см', 'Страна производства': 'Россия', 'Год выпуска': '2023', 'Иллюстратор': 'без иллюстраций', 'ISBN': '978-5-389-07123-0', 'Вид бумаги': 'газетная', 'Жанры/тематика': 'Проза для взрослых', 'Автор': 'Толстой Лев Николаевич'}  Война и мир (в 2-х книгах) (комплект). Книга ""Война и мир (в 2-х книгах) (комплект)"". «Война и мир» Л. Н. Толстого — книга на все времена. Кажется, что она существовала всегда, настолько знакомым кажется текст, едва мы открываем первые страницы романа, настолько памятны многие его эпизоды: охота и святки, первый бал Наташи Ростовой, лунная ночь в Отрадном, князь Андрей в сражении при Аустерлице... Сцены «мирной», семейной жизни сменяются картинами, имеющими значение для хода всей мировой истории, но для Толстого они равноценны, связаны в едином потоке времени. Каждый эпизод важен не только для развития сюжета, но и как одно из бесчисленных проявлений жизни, которая насыщена в каждом своем моменте и которую учит любить Толстой.","Добрый день!
Да.",1
26064059,"Купила лиф,жду плавки фуксия 44.когда будут стринги ?","{'Пол': 'Женский', 'Состав': '80% полиамид', 'Номер сертификата соответствия': 'ЕАЭС RU С-RU.НА80.В.01148/22', 'Длина упаковки': '17 см', 'Дата регистрации сертификата/декларации': '01.06.2022', 'Рисунок': 'в ассортименте', 'Дата окончания действия сертификата/декларации': '31.05.2027', 'Высота упаковки': '1 см', 'Материал подкладки': 'полиэстер', 'Особенности модели': 'ластовица', 'Комплектация': 'Плавки - 1 шт.', 'Спортивное назначение': 'плавание', 'Отличительные особенности': 'эластичный материал', 'Цвет': 'фуксия', 'Тип посадки': 'низкая', 'Назначение белья/купальника': 'пляж', 'Коллекция': 'Весна-Лето 2023', 'Декоративные элементы': 'металлический логотип', 'Страна производства': 'Россия', 'Модель плавок': 'стринги', 'Уход за вещами': 'ручная стирка при t не более 30С', 'Ширина упаковки': '20 см'} {'Российский размер 46': 'Обхват бедер, в см 96-100, Обхват талии, в см 78-82', 'Российский размер 44': 'Обхват бедер, в см 92-96, Обхват талии, в см 74-78', 'Российский размер 42': 'Обхват бедер, в см 88-92, Обхват талии, в см 70-74', 'Российский размер 50': 'Обхват бедер, в см 104-106, Обхват талии, в см 86-90', 'Российский размер 40': 'Обхват бедер, в см 88-92, Обхват талии, в см 62-66', 'Российский размер 48': 'Обхват бедер, в см 100-104, Обхват талии, в см 82-86'} Плавки. ПОЖАЛУЙСТА, ВЫБИРАЙТЕ РАЗМЕРЫ ТОЛЬКО ПО НАШЕЙ РАЗМЕРНОЙ ТАБЛИЦЕ, КОТОРАЯ НАХОДИТСЯ В ФОТОГРАФИЯХ. Плавки - стринги из высокоэластичного полотна. Модель средней посадки подойдет для бассейна и пляжного отдыха. Благодаря свойствам ткани плавки быстро сохнут и не теряют форму.Чтобы сохранить яркий цвет и первоначальный вид изделия, используйте ручную стирку при температуре не более 30 градусов. Ополаскивайте плавки от хлора сразу после посещения бассейна. Обращаем внимание, что в новых партиях плавок черного, салатового и цвета и фуксии предусмотрен металлический логотип на передней части.","Добрый день. Благодарим за обращение и интерес к продукции нашего бренда. В ближайшее время производство и поставка не планируются. 

С уважением, Kickers.",0
3518630,это лицензия или пиртский диск?,"{'Высота упаковки': '10 см', 'Хрупкость': 'Хрупкая (надежно защищена)', 'Вес товара с упаковкой (г)': '150 г', 'Тип подарка': 'кино', 'Ширина упаковки': '15 см', 'Тип компакт диска': 'фильмы', 'Страна производства': 'Россия', 'Длина упаковки': '28 см', 'Комплектация': 'диск', 'Жанр видео': 'мультфильм'}  Тайная жизнь домашних животных (м/ф) DVD. От двуногих, подаривших вам блокбастера ""Гадкий я"", - наглядный анимационный ответ на вопрос: чем заняты домашние питомцы, пока нас нет дома? Теперь вы узнаете секрет: наши пушистики живут своей жизнью, невидимой для хозяев, ходят в гости, травят байки и устраивают отвязные вечеринки. Макс любит Кэти. Кэти любит Макса. Макс - терьер, а Кэти - очаровательная девушка. Идиллия рушится, когда Кэти приводит из приюта лохматую несуразную собаку по кличке Дюк. Новый наглый ""братик"" не нравится Максу, и он вынашивает план мести. Однако в результате форсмажора псы оказываются одни в мегаполисе и попадают в передрягу, из которой их будет выручать верная четвероногая братия.","Добрый день! Мы продаем только лицензионные издания. С уважением, компания ND Play!",1
3518630,сколько минут идёт мультфильм?,"{'Высота упаковки': '10 см', 'Хрупкость': 'Хрупкая (надежно защищена)', 'Вес товара с упаковкой (г)': '150 г', 'Тип подарка': 'кино', 'Ширина упаковки': '15 см', 'Тип компакт диска': 'фильмы', 'Страна производства': 'Россия', 'Длина упаковки': '28 см', 'Комплектация': 'диск', 'Жанр видео': 'мультфильм'}  Тайная жизнь домашних животных (м/ф) DVD. От двуногих, подаривших вам блокбастера ""Гадкий я"", - наглядный анимационный ответ на вопрос: чем заняты домашние питомцы, пока нас нет дома? Теперь вы узнаете секрет: наши пушистики живут своей жизнью, невидимой для хозяев, ходят в гости, травят байки и устраивают отвязные вечеринки. Макс любит Кэти. Кэти любит Макса. Макс - терьер, а Кэти - очаровательная девушка. Идиллия рушится, когда Кэти приводит из приюта лохматую несуразную собаку по кличке Дюк. Новый наглый ""братик"" не нравится Максу, и он вынашивает план мести. Однако в результате форсмажора псы оказываются одни в мегаполисе и попадают в передрягу, из которой их будет выручать верная четвероногая братия.","Добрый день! Общая продолжительность 82 минуты. С уважением, компания ND Play!",1
5905649,какая высота?,"{'Страна производства': 'Польша', 'Комплектация': 'стельки', 'Ширина упаковки': '13 см', 'Длина упаковки': '1 см', 'Высота упаковки': '35 см'}  Кожаный подпяточник Heel for lady. Двухслойные подпяточники изготовленные из натуральной кожи и латексной пены применяются при болезнях пятки и коленного сустава. Снимают ударную нагрузку с пяточной части ноги, значительно уменьшают вредное влияние на ахилловы сухожилия и тазобедренные суставы при ходьбе. Корректируют высоту пятки в обуви, предотвращая повреждение пятки и образование трещин и мозолей. Предназначены для использования во всех видах закрытой обуви.","Добрый день, отправили запрос на производство",1
120774777,"добрый денькурю LD 100s Red, под такие сигареты подходит футляр?благодарю вас.","{'Материал изделия': 'Натуральна кожа 100%', 'Хрупкость': 'не хрупкое', 'Вес товара с упаковкой (г)': '76 г', 'Ширина предмета': '6.8 см', 'Комплектация': 'Футляр для пачки сигарет - 1 шт', 'Высота упаковки': '13 см', 'Цвет': 'красно-коричневый', 'Вид застежки': 'кнопки', 'Высота предмета': '12.5 см', 'Длина упаковки': '3 см', 'Страна производства': 'Россия', 'Повод': '23 Февраля Новый Год День Рождения', 'Ширина упаковки': '9 см', 'Декоративные элементы': 'логотип', 'Назначение подарка': 'Любимому Мужу Мужчине'}  Футляр для пачки сигарет и зажигалки из натуральной кожи. Футляр для пачки сигарет очень удобный и практичный аксессуар, выполнен из качественной натуральной кожи. В нем Ваши сигареты не промокнут и не сломаются, также вы сможете скрыть от глаз саму пачку. В футляре имеется отделение для зажигалки. Портсигар можно закрепить на ремне. Компактный чехол для сигарет станет отличным аксессуаром и подарком на Новый год, 23 февраля, День Рождения и другие праздники, папе, дедушке, мужу, другу. Быстрая доставка в любой город, гарантия высокого качества и низкая стоимость, все это делает покупку аксессуара из натуральной кожи отличным подарком как для себя, так и близким. Собственное производство и выбор материалов высокого класса - наше преимущество. Кошельки, лонгеры, портмоне, кредитницы и другие изделия нашего бренда станут для Вас долговечным аксессуаром. Нажимайте на логотип и переходите на страницу нашего магазина. Модная и качественная продукция компании Forte станет прекрасным дополнением вашего образа.",Здравствуйте! Для Вашего удобства все свойства и точные габариты изделия указаны в описании. Удачных покупок!,0
2951673,"здравствуйте, в рыжий не вымоется? 2951673у меня просто окрашивание: светло русые волосы","{'Раздел меню': 'профессиональная косметика', 'Дата окончания действия сертификата/декларации': '14.07.2027', 'Форма упаковки': 'без давления', 'Дата регистрации сертификата/декларации': '15.07.2022', 'Номер декларации соответствия': 'ЕАЭС N RU Д-RU.РА04.В.81782/22', 'Длина упаковки': '3 см', 'Высота упаковки': '16 см', 'Вес товара с упаковкой (г)': '181 г', 'Страна производства': 'Россия', 'Состав': 'цетеариловый спирт', 'Срок годности': '24 месяца с даты производства', 'Назначение косметического средства': 'для волос', 'Упаковка': 'пластиковая бутылка', 'Комплектация': 'Оттеночный бальзам - 1 шт', 'Объем товара': '150 мл', 'Ширина упаковки': '6 см', 'Прямые поставки от производителя': 'да'}  Оттеночный бальзам для волос 5.0, 150 мл. Официальный поставщик Тоника. Бальзам для тонирования волос 5.0 НАТУРАЛЬНЫЙ РУСЫЙ. Русые и каштановые оттенки от холодного до теплого, медные и красноватые оттенки — идеально подобранные композиции пигментов для максимально натурального акцента на волосах. Также подходят для поддержания насыщенного цвета между окрашиваниями. Тоника Colorevolution - линейка средств для временного тонирования волос в ультрамодные сочные цвета! Формула с насыщенными пигментами обеспечивает стойкое и равномерное тонирование, активные компоненты облегчают расчесывание и увлажняют волосы. ТОНИКА - это оттеночный бальзам для волос без аммиака, перекиси и спирта. Он обеспечивает безопасную альтернативу стойким краскам для волос и предназначен для временного тонирования волос. Оригинальный бальзам облегчает расчесывание, а также равномерно тонирует их, что делает волосы более здоровыми и блестящими. Если вы хотите получить пастельный цвет, вы можете смешать тонирующее средство с нейтральной базой, такой как обычный бальзам или кондиционер для волос. Оттеночные средства ТОНИКА разделены на категории: блонд оттенки в серых флаконах, подходят для осветленных и обесцвеченных волос. Нейтрализаторы желтизны в фиолетовых флаконах. Натуральные оттенки в зеленых флаконах для русых, темно-русых волос. Оттенки для седых волос в голубых флаконах. Яркие современные оттенки (прямые пигменты) представлены коллекцией в серых флаконах с яркой этикеткой. СПОСОБ ПРИМЕНЕНИЯ: Пользуйтесь перчатками, защищайте одежду полотенцем. Нанесите оттеночный бальзам на чистые сухие волосы и равномерно распределите. Время выдержки: для ""поддержания цвета"" - 3-5 мин., для получения легкого оттенка - до 10 мин., для более насыщенного - до 30 мин. По истечении времени промойте волосы теплой водой. Для получения пастельного оттенка смешайте бальзам с нейтральной базой (обычный бальзам/ кондиционер для волос). Постепенно смывается с волос при мытье головы шампунем. В зависимости от структуры волос возможен остаточный оттенок.","Добрый день. Нет, выбранный оттенок не вымывается в рыжий. Если Вы производили окрашивание недели 3 или 4 тому назад - можете применять оттеночный бальзам. Если прошло меньше времени - результат может показаться неравномерным из-за остатков пигмента на волосах.",0
2951673,"Здравствуйте, хочу взять тоник на свой крашенный пепельный блонд, какую лучше взять чтоб только на время были темные волосы?","{'Раздел меню': 'профессиональная косметика', 'Дата окончания действия сертификата/декларации': '14.07.2027', 'Форма упаковки': 'без давления', 'Дата регистрации сертификата/декларации': '15.07.2022', 'Номер декларации соответствия': 'ЕАЭС N RU Д-RU.РА04.В.81782/22', 'Длина упаковки': '3 см', 'Высота упаковки': '16 см', 'Вес товара с упаковкой (г)': '181 г', 'Страна производства': 'Россия', 'Состав': 'цетеариловый спирт', 'Срок годности': '24 месяца с даты производства', 'Назначение косметического средства': 'для волос', 'Упаковка': 'пластиковая бутылка', 'Комплектация': 'Оттеночный бальзам - 1 шт', 'Объем товара': '150 мл', 'Ширина упаковки': '6 см', 'Прямые поставки от производителя': 'да'}  Оттеночный бальзам для волос 5.0, 150 мл. Официальный поставщик Тоника. Бальзам для тонирования волос 5.0 НАТУРАЛЬНЫЙ РУСЫЙ. Русые и каштановые оттенки от холодного до теплого, медные и красноватые оттенки — идеально подобранные композиции пигментов для максимально натурального акцента на волосах. Также подходят для поддержания насыщенного цвета между окрашиваниями. Тоника Colorevolution - линейка средств для временного тонирования волос в ультрамодные сочные цвета! Формула с насыщенными пигментами обеспечивает стойкое и равномерное тонирование, активные компоненты облегчают расчесывание и увлажняют волосы. ТОНИКА - это оттеночный бальзам для волос без аммиака, перекиси и спирта. Он обеспечивает безопасную альтернативу стойким краскам для волос и предназначен для временного тонирования волос. Оригинальный бальзам облегчает расчесывание, а также равномерно тонирует их, что делает волосы более здоровыми и блестящими. Если вы хотите получить пастельный цвет, вы можете смешать тонирующее средство с нейтральной базой, такой как обычный бальзам или кондиционер для волос. Оттеночные средства ТОНИКА разделены на категории: блонд оттенки в серых флаконах, подходят для осветленных и обесцвеченных волос. Нейтрализаторы желтизны в фиолетовых флаконах. Натуральные оттенки в зеленых флаконах для русых, темно-русых волос. Оттенки для седых волос в голубых флаконах. Яркие современные оттенки (прямые пигменты) представлены коллекцией в серых флаконах с яркой этикеткой. СПОСОБ ПРИМЕНЕНИЯ: Пользуйтесь перчатками, защищайте одежду полотенцем. Нанесите оттеночный бальзам на чистые сухие волосы и равномерно распределите. Время выдержки: для ""поддержания цвета"" - 3-5 мин., для получения легкого оттенка - до 10 мин., для более насыщенного - до 30 мин. По истечении времени промойте волосы теплой водой. Для получения пастельного оттенка смешайте бальзам с нейтральной базой (обычный бальзам/ кондиционер для волос). Постепенно смывается с волос при мытье головы шампунем. В зависимости от структуры волос возможен остаточный оттенок.","Добрый день. Единственный вариант для Вас - Тоника 5.0 Натуральный русый, но его надо тестировать на малую прядку, т.к. у нас нет полного понимания по Вашей оттеночной базе и структуре волос.",0
2951673,Здравствуйте. Скажите пожалуйста седину тоник закрашивает хоть чуть-чуть?,"{'Раздел меню': 'профессиональная косметика', 'Дата окончания действия сертификата/декларации': '14.07.2027', 'Форма упаковки': 'без давления', 'Дата регистрации сертификата/декларации': '15.07.2022', 'Номер декларации соответствия': 'ЕАЭС N RU Д-RU.РА04.В.81782/22', 'Длина упаковки': '3 см', 'Высота упаковки': '16 см', 'Вес товара с упаковкой (г)': '181 г', 'Страна производства': 'Россия', 'Состав': 'цетеариловый спирт', 'Срок годности': '24 месяца с даты производства', 'Назначение косметического средства': 'для волос', 'Упаковка': 'пластиковая бутылка', 'Комплектация': 'Оттеночный бальзам - 1 шт', 'Объем товара': '150 мл', 'Ширина упаковки': '6 см', 'Прямые поставки от производителя': 'да'}  Оттеночный бальзам для волос 5.0, 150 мл. Официальный поставщик Тоника. Бальзам для тонирования волос 5.0 НАТУРАЛЬНЫЙ РУСЫЙ. Русые и каштановые оттенки от холодного до теплого, медные и красноватые оттенки — идеально подобранные композиции пигментов для максимально натурального акцента на волосах. Также подходят для поддержания насыщенного цвета между окрашиваниями. Тоника Colorevolution - линейка средств для временного тонирования волос в ультрамодные сочные цвета! Формула с насыщенными пигментами обеспечивает стойкое и равномерное тонирование, активные компоненты облегчают расчесывание и увлажняют волосы. ТОНИКА - это оттеночный бальзам для волос без аммиака, перекиси и спирта. Он обеспечивает безопасную альтернативу стойким краскам для волос и предназначен для временного тонирования волос. Оригинальный бальзам облегчает расчесывание, а также равномерно тонирует их, что делает волосы более здоровыми и блестящими. Если вы хотите получить пастельный цвет, вы можете смешать тонирующее средство с нейтральной базой, такой как обычный бальзам или кондиционер для волос. Оттеночные средства ТОНИКА разделены на категории: блонд оттенки в серых флаконах, подходят для осветленных и обесцвеченных волос. Нейтрализаторы желтизны в фиолетовых флаконах. Натуральные оттенки в зеленых флаконах для русых, темно-русых волос. Оттенки для седых волос в голубых флаконах. Яркие современные оттенки (прямые пигменты) представлены коллекцией в серых флаконах с яркой этикеткой. СПОСОБ ПРИМЕНЕНИЯ: Пользуйтесь перчатками, защищайте одежду полотенцем. Нанесите оттеночный бальзам на чистые сухие волосы и равномерно распределите. Время выдержки: для ""поддержания цвета"" - 3-5 мин., для получения легкого оттенка - до 10 мин., для более насыщенного - до 30 мин. По истечении времени промойте волосы теплой водой. Для получения пастельного оттенка смешайте бальзам с нейтральной базой (обычный бальзам/ кондиционер для волос). Постепенно смывается с волос при мытье головы шампунем. В зависимости от структуры волос возможен остаточный оттенок.","Добрый день! Для частично-седых волос (менее 50 седины) подойдут оттенки  5.0 Натуральный русый, 4.0 Шоколад, 3.01 Горький шоколад  на седые волосы оттенок ляжет светлее, чем на волосы без седины, получится эффект колорирования. Для волос с сединой более 50  может подойти оттенок 8.05 Холодный бежевый. Важно учитывать какая у Вас седина и толщина волос. Перед применением рекомендуем сделать тест на пряди волос.",1
2951673,"Здравствуйте. Покрасили волосы из русого тона 7-8 в цвет пшеницы. Не понравилось, затонировали в салоне в светло-русый. Подойдет ли мне тоника натурально-русый цвет?","{'Раздел меню': 'профессиональная косметика', 'Дата окончания действия сертификата/декларации': '14.07.2027', 'Форма упаковки': 'без давления', 'Дата регистрации сертификата/декларации': '15.07.2022', 'Номер декларации соответствия': 'ЕАЭС N RU Д-RU.РА04.В.81782/22', 'Длина упаковки': '3 см', 'Высота упаковки': '16 см', 'Вес товара с упаковкой (г)': '181 г', 'Страна производства': 'Россия', 'Состав': 'цетеариловый спирт', 'Срок годности': '24 месяца с даты производства', 'Назначение косметического средства': 'для волос', 'Упаковка': 'пластиковая бутылка', 'Комплектация': 'Оттеночный бальзам - 1 шт', 'Объем товара': '150 мл', 'Ширина упаковки': '6 см', 'Прямые поставки от производителя': 'да'}  Оттеночный бальзам для волос 5.0, 150 мл. Официальный поставщик Тоника. Бальзам для тонирования волос 5.0 НАТУРАЛЬНЫЙ РУСЫЙ. Русые и каштановые оттенки от холодного до теплого, медные и красноватые оттенки — идеально подобранные композиции пигментов для максимально натурального акцента на волосах. Также подходят для поддержания насыщенного цвета между окрашиваниями. Тоника Colorevolution - линейка средств для временного тонирования волос в ультрамодные сочные цвета! Формула с насыщенными пигментами обеспечивает стойкое и равномерное тонирование, активные компоненты облегчают расчесывание и увлажняют волосы. ТОНИКА - это оттеночный бальзам для волос без аммиака, перекиси и спирта. Он обеспечивает безопасную альтернативу стойким краскам для волос и предназначен для временного тонирования волос. Оригинальный бальзам облегчает расчесывание, а также равномерно тонирует их, что делает волосы более здоровыми и блестящими. Если вы хотите получить пастельный цвет, вы можете смешать тонирующее средство с нейтральной базой, такой как обычный бальзам или кондиционер для волос. Оттеночные средства ТОНИКА разделены на категории: блонд оттенки в серых флаконах, подходят для осветленных и обесцвеченных волос. Нейтрализаторы желтизны в фиолетовых флаконах. Натуральные оттенки в зеленых флаконах для русых, темно-русых волос. Оттенки для седых волос в голубых флаконах. Яркие современные оттенки (прямые пигменты) представлены коллекцией в серых флаконах с яркой этикеткой. СПОСОБ ПРИМЕНЕНИЯ: Пользуйтесь перчатками, защищайте одежду полотенцем. Нанесите оттеночный бальзам на чистые сухие волосы и равномерно распределите. Время выдержки: для ""поддержания цвета"" - 3-5 мин., для получения легкого оттенка - до 10 мин., для более насыщенного - до 30 мин. По истечении времени промойте волосы теплой водой. Для получения пастельного оттенка смешайте бальзам с нейтральной базой (обычный бальзам/ кондиционер для волос). Постепенно смывается с волос при мытье головы шампунем. В зависимости от структуры волос возможен остаточный оттенок.","Добрый день. Если тонирование волос производили сравнительно недавно, менее 2х недель, велика вероятность неравномерного тонирования. Если срок подходит к указанному Выше, можете использовать Тонику 5.0.",0
2951673,"Здравствуйте, тоник сможет закрасить мелирование?","{'Раздел меню': 'профессиональная косметика', 'Дата окончания действия сертификата/декларации': '14.07.2027', 'Форма упаковки': 'без давления', 'Дата регистрации сертификата/декларации': '15.07.2022', 'Номер декларации соответствия': 'ЕАЭС N RU Д-RU.РА04.В.81782/22', 'Длина упаковки': '3 см', 'Высота упаковки': '16 см', 'Вес товара с упаковкой (г)': '181 г', 'Страна производства': 'Россия', 'Состав': 'цетеариловый спирт', 'Срок годности': '24 месяца с даты производства', 'Назначение косметического средства': 'для волос', 'Упаковка': 'пластиковая бутылка', 'Комплектация': 'Оттеночный бальзам - 1 шт', 'Объем товара': '150 мл', 'Ширина упаковки': '6 см', 'Прямые поставки от производителя': 'да'}  Оттеночный бальзам для волос 5.0, 150 мл. Официальный поставщик Тоника. Бальзам для тонирования волос 5.0 НАТУРАЛЬНЫЙ РУСЫЙ. Русые и каштановые оттенки от холодного до теплого, медные и красноватые оттенки — идеально подобранные композиции пигментов для максимально натурального акцента на волосах. Также подходят для поддержания насыщенного цвета между окрашиваниями. Тоника Colorevolution - линейка средств для временного тонирования волос в ультрамодные сочные цвета! Формула с насыщенными пигментами обеспечивает стойкое и равномерное тонирование, активные компоненты облегчают расчесывание и увлажняют волосы. ТОНИКА - это оттеночный бальзам для волос без аммиака, перекиси и спирта. Он обеспечивает безопасную альтернативу стойким краскам для волос и предназначен для временного тонирования волос. Оригинальный бальзам облегчает расчесывание, а также равномерно тонирует их, что делает волосы более здоровыми и блестящими. Если вы хотите получить пастельный цвет, вы можете смешать тонирующее средство с нейтральной базой, такой как обычный бальзам или кондиционер для волос. Оттеночные средства ТОНИКА разделены на категории: блонд оттенки в серых флаконах, подходят для осветленных и обесцвеченных волос. Нейтрализаторы желтизны в фиолетовых флаконах. Натуральные оттенки в зеленых флаконах для русых, темно-русых волос. Оттенки для седых волос в голубых флаконах. Яркие современные оттенки (прямые пигменты) представлены коллекцией в серых флаконах с яркой этикеткой. СПОСОБ ПРИМЕНЕНИЯ: Пользуйтесь перчатками, защищайте одежду полотенцем. Нанесите оттеночный бальзам на чистые сухие волосы и равномерно распределите. Время выдержки: для ""поддержания цвета"" - 3-5 мин., для получения легкого оттенка - до 10 мин., для более насыщенного - до 30 мин. По истечении времени промойте волосы теплой водой. Для получения пастельного оттенка смешайте бальзам с нейтральной базой (обычный бальзам/ кондиционер для волос). Постепенно смывается с волос при мытье головы шампунем. В зависимости от структуры волос возможен остаточный оттенок.","Здравствуйте. Увы, нет, т.к. оттеночные бальзамы зависят от базового оттенка волос.

После мелирования оттенок волос значительно выше натурального русого, поэтому результат на волосах с различной тональностью будет резко контрастировать.",1
78457809,"Здраствуйте, подскажите пожалуйста, когда белая или бежевая бандана будут в наличии?","{'Дата окончания действия сертификата/декларации': '29.12.2025', 'Дата регистрации сертификата/декларации': '30.12.2020', 'Спортивное назначение': 'бег', 'Номер декларации соответствия': 'ЕАЭС N RU Д-RU.ПФ02.В.31065/20', 'Ширина упаковки': '20 см', 'Страна производства': 'Россия', 'Рисунок': 'однотонная с орнаментом', 'Высота упаковки': '2 см', 'Состав': 'Полиамид 50%, район 35%, хлопок 10%, полиэстер 5%', 'Длина упаковки': '30 см', 'Комплектация': 'косынка с козырьком панама летняя шляпа козырек - 1 шт', 'Декоративные элементы': 'Бант из ткани', 'Любимые герои': 'шляпа в отпуск на пляж на природу', 'Пол': 'Женский', 'Цвет': 'песочный', 'Коллекция': 'Весна Лето'}  Бандана-трансформер с козырьком косынка. Бандана - универсальный головной убор, который подходит под любую форму лица. Бандана-косынка от Avanta - стильный, удобный и практичный аксессуар, который станет прекрасным дополнением Ваших летних образов. Летний головной убор украшено шифоновым платком, сзади находится липучка, благодаря которой кепка комфортно сидит на голове. Легкая яркая косынка с козырьком должна быть в вашем модном гардеробе. Пляжная шляпа с округлым козырьком прекрасно защитит от палящих лучей солнца. Бандана-трансформер будет незаменимым элементом в наряде для взрослых женщин, ее оценят и молоденькие девушки, отдыхающие на пляже. Вы ищете скромный, но элегантный презент любимой маме или бабушке, которая не против скоротать время жаркими деньками на уютном дворе? Она любит повязывать на голову платочки или надевать удобный козырек? Кепи с козырьком - это та же самая летняя шапка. Летняя бандана-трансформер - универсальная модель на лето. Верхнее крепление на молнии удобно отстегивается, в результате чего изделие можно носить как отдельный козырек. Шифоновый платок можно свернуть в красивый бант и закрепить сзади в виде украшения, а можно расправить и закрепить по бокам банданы при помощи кнопок, что поможет защитить шею и плечи от солнца. Шляпа женская летняя пляжная льняная в отпуск Шляпа-козырек Бандана с козырьком для девочки Шапка Левел-Про","Здравствуйте! Благодарим вас за интерес к нашим изделиям. К сожалению, поставок бандан в белом и бежевом цветах в ближайшее время не планируется. Советуем обратить внимание на наши льняные макси шляпы, например арт. 73207695. Рады будем увидеть вас среди наших покупателей. Хорошего вам дня и приятных покупок!",0
2263968,"Здравствуйте, планируете выпускать произведение ""451 градус по Фаренгейту"" в этой серии?","{'Вид бумаги': 'газетная', 'Серия': 'Мировая классика', 'Ставка НДС': '10', 'Обложка': 'твердая', 'Вес товара с упаковкой (г)': '290 г', 'Номер декларации соответствия': 'ОТКАЗНОЕ ПИСЬМО', 'Глубина предмета': '2.5 см', 'Комплектация': 'книга', 'Высота упаковки': '21 см', 'Языки': 'русский', 'Жанры/тематика': 'Проза для взрослых', 'Номер сертификата соответствия': 'ОТКАЗНОЕ ПИСЬМО', 'Ширина предмета': '13.5 см', 'Страна производства': 'Россия', 'Длина упаковки': '3 см', 'Возрастные ограничения': '12+', 'Автор': 'Гоголь Николай Васильевич', 'Количество страниц': '352 шт.', 'Высота предмета': '20.5 см', 'Ширина упаковки': '14 см', 'Дата регистрации сертификата/декларации': '23.03.2023', 'ISBN': '978-5-389-04731-0', 'Год выпуска': '2023', 'Наименование книги': 'Мертвые души'}  Мертвые души. Книга ""Мертвые души"". Выход первого тома «Мертвых душ» Н. Гоголя в 1842 году вызвал бурную полемику современников, расколов общество на поклонников и противников поэмы. «…Говоря о „Мертвых душах“ — можно вдоволь наговориться о России…» — это суждение П. Вяземского объясняло главную причину споров и определяло особое место книги в истории русской литературы. Сегодня уже никто не сомневается, что перед нами величайшее произведение, по праву вошедшее в золотой фонд национальной классики. «Мертвые души» изучают в школе. Однако, повзрослев, стоит вновь перелистать знакомые страницы. Как и 160 лет назад, поэма заставляет читателя с головой погрузиться в атмосферу гоголевской России; она вызывает массу размышлений не только о прошлом, но также о настоящем и будущем нашей страны. По-прежнему актуален вопрос автора: «Русь, куда несешься ты, дай ответ?»","Добрый день!
На данный момент информации о выпуске данного произведения в этом издании у нас пока нет.
Спасибо, что читаете наши книги.",0
2263968,Какого года книга,"{'Вид бумаги': 'газетная', 'Серия': 'Мировая классика', 'Ставка НДС': '10', 'Обложка': 'твердая', 'Вес товара с упаковкой (г)': '290 г', 'Номер декларации соответствия': 'ОТКАЗНОЕ ПИСЬМО', 'Глубина предмета': '2.5 см', 'Комплектация': 'книга', 'Высота упаковки': '21 см', 'Языки': 'русский', 'Жанры/тематика': 'Проза для взрослых', 'Номер сертификата соответствия': 'ОТКАЗНОЕ ПИСЬМО', 'Ширина предмета': '13.5 см', 'Страна производства': 'Россия', 'Длина упаковки': '3 см', 'Возрастные ограничения': '12+', 'Автор': 'Гоголь Николай Васильевич', 'Количество страниц': '352 шт.', 'Высота предмета': '20.5 см', 'Ширина упаковки': '14 см', 'Дата регистрации сертификата/декларации': '23.03.2023', 'ISBN': '978-5-389-04731-0', 'Год выпуска': '2023', 'Наименование книги': 'Мертвые души'}  Мертвые души. Книга ""Мертвые души"". Выход первого тома «Мертвых душ» Н. Гоголя в 1842 году вызвал бурную полемику современников, расколов общество на поклонников и противников поэмы. «…Говоря о „Мертвых душах“ — можно вдоволь наговориться о России…» — это суждение П. Вяземского объясняло главную причину споров и определяло особое место книги в истории русской литературы. Сегодня уже никто не сомневается, что перед нами величайшее произведение, по праву вошедшее в золотой фонд национальной классики. «Мертвые души» изучают в школе. Однако, повзрослев, стоит вновь перелистать знакомые страницы. Как и 160 лет назад, поэма заставляет читателя с головой погрузиться в атмосферу гоголевской России; она вызывает массу размышлений не только о прошлом, но также о настоящем и будущем нашей страны. По-прежнему актуален вопрос автора: «Русь, куда несешься ты, дай ответ?»","Добрый день!
Актуальный тираж был напечатан в 2023 г.",1
117971243,"что то не причины. цена одна, в корзине другая. ушли к другим.","{'Ширина упаковки': '2 см', 'Длина упаковки': '2 см', 'Страна производства': 'Франция', 'Дата окончания действия сертификата/декларации': '15.01.2025', 'Упаковка': 'блистер', 'Действие': 'увлажнение', 'Дата регистрации сертификата/декларации': '16.01.2020', 'Форма упаковки': 'без давления', 'Объем товара': '4 мл', 'Ставка НДС': '20', 'Тип волос': 'для губ', 'Раздел меню': 'профессиональная косметика', 'Срок годности': '36 мес', 'Комплектация': '1 шт', 'Состав': 'вода', 'Прямые поставки от производителя': 'да', 'Назначение косметического средства': 'для губ', 'Вес товара без упаковки (г)': '4 г', 'Вес товара с упаковкой (г)': '10 г', 'Номер декларации соответствия': 'ЕАЭС N RU Д-FR.ПХ01.В.00102/20', 'Тип кожи': 'для всех типов кожи', 'Высота упаковки': '8 см'}  Увлажняющая помада бальзам для губ гигиеническая LIP CARE. Блеск бальзам для макияжа губ с нежно-розовым оттенком Poetеq ""Сексуальные губки"" в красивой упаковке. Губная помада для от сухости губ придает коже уход в виде сияния и увлажнения. Оттеночный бальзам тинт наполнен витаминами, микроэлементами и создает эффект геарклона для красивой формы губ. Масляная нежная помадка имеет аромат косметического масла ши, полученного из семян и плодов экзотических растений. Витаминные бальзамы (Арома помадки) богаты жирорастворимыми витаминами A, D, Е, полинасыщенными кислотами и лецитином. Натуральное средство для губ стимулирует процессы обновления и омоложения клеток, увлажняют и питают кожу губ, делая их гладкими и ухоженными. Фруктовые и ягодные экстракты вишни повышают клеточный иммунитет, ускоряют заживление и омолаживают кожу. Гигиенички создает на губах тонкую защитную пленку от ветра, которая предотвращает потерю влаги и обветривание в мороз. Его можно использовать самостоятельно для ухода за губами или как защитную основу перед нанесением матовых помад. Кремовая основа для губ в блистере, придает коже питание, защитное действие и вишневое сияние. Не дорогая, красивая, натуральная косметика подойдет для всех. Для ваших жен, женщин, девушек, а также для девочек. Зарубежный бальзам для очень сухих губ с блестками это товар производства Франции. Бренд Поетек относится к дешевой натуральной уходовой косметики, которая подходит и под категорию халяльная. Отличный подарок для женщин, бабушке, маме, сестре, подруге, коллеге на день рождения, новый год, 8 марта, 14 февраля. Можно составить подарочный косметический мега набор и купить в распродаже на ВБ. Pomade Poeteq это ухаживающая женская косметика, не тестирующася на животных. Качество 100%","Добрый день. Тон с артикулом 117971242 менее популярный, поэтому участвует в акции. На них разница в цене. Сожалеем, что Вас не устроила данная ситуация. Вы можете приобрести данный тон он стоит дешевле",0
117971243,"у вас не корректно выдаёт цену. цена 200, при заказе 300 . это как?","{'Ширина упаковки': '2 см', 'Длина упаковки': '2 см', 'Страна производства': 'Франция', 'Дата окончания действия сертификата/декларации': '15.01.2025', 'Упаковка': 'блистер', 'Действие': 'увлажнение', 'Дата регистрации сертификата/декларации': '16.01.2020', 'Форма упаковки': 'без давления', 'Объем товара': '4 мл', 'Ставка НДС': '20', 'Тип волос': 'для губ', 'Раздел меню': 'профессиональная косметика', 'Срок годности': '36 мес', 'Комплектация': '1 шт', 'Состав': 'вода', 'Прямые поставки от производителя': 'да', 'Назначение косметического средства': 'для губ', 'Вес товара без упаковки (г)': '4 г', 'Вес товара с упаковкой (г)': '10 г', 'Номер декларации соответствия': 'ЕАЭС N RU Д-FR.ПХ01.В.00102/20', 'Тип кожи': 'для всех типов кожи', 'Высота упаковки': '8 см'}  Увлажняющая помада бальзам для губ гигиеническая LIP CARE. Блеск бальзам для макияжа губ с нежно-розовым оттенком Poetеq ""Сексуальные губки"" в красивой упаковке. Губная помада для от сухости губ придает коже уход в виде сияния и увлажнения. Оттеночный бальзам тинт наполнен витаминами, микроэлементами и создает эффект геарклона для красивой формы губ. Масляная нежная помадка имеет аромат косметического масла ши, полученного из семян и плодов экзотических растений. Витаминные бальзамы (Арома помадки) богаты жирорастворимыми витаминами A, D, Е, полинасыщенными кислотами и лецитином. Натуральное средство для губ стимулирует процессы обновления и омоложения клеток, увлажняют и питают кожу губ, делая их гладкими и ухоженными. Фруктовые и ягодные экстракты вишни повышают клеточный иммунитет, ускоряют заживление и омолаживают кожу. Гигиенички создает на губах тонкую защитную пленку от ветра, которая предотвращает потерю влаги и обветривание в мороз. Его можно использовать самостоятельно для ухода за губами или как защитную основу перед нанесением матовых помад. Кремовая основа для губ в блистере, придает коже питание, защитное действие и вишневое сияние. Не дорогая, красивая, натуральная косметика подойдет для всех. Для ваших жен, женщин, девушек, а также для девочек. Зарубежный бальзам для очень сухих губ с блестками это товар производства Франции. Бренд Поетек относится к дешевой натуральной уходовой косметики, которая подходит и под категорию халяльная. Отличный подарок для женщин, бабушке, маме, сестре, подруге, коллеге на день рождения, новый год, 8 марта, 14 февраля. Можно составить подарочный косметический мега набор и купить в распродаже на ВБ. Pomade Poeteq это ухаживающая женская косметика, не тестирующася на животных. Качество 100%","Добрый день. Тон с артикулом 117971242 менее популярный, поэтому участвует в акции. На них разница  в цене",0
117971243,"добрый день! сейчас хотели заказать, цена 217. при заказе 307 выдаёт. что делать?","{'Ширина упаковки': '2 см', 'Длина упаковки': '2 см', 'Страна производства': 'Франция', 'Дата окончания действия сертификата/декларации': '15.01.2025', 'Упаковка': 'блистер', 'Действие': 'увлажнение', 'Дата регистрации сертификата/декларации': '16.01.2020', 'Форма упаковки': 'без давления', 'Объем товара': '4 мл', 'Ставка НДС': '20', 'Тип волос': 'для губ', 'Раздел меню': 'профессиональная косметика', 'Срок годности': '36 мес', 'Комплектация': '1 шт', 'Состав': 'вода', 'Прямые поставки от производителя': 'да', 'Назначение косметического средства': 'для губ', 'Вес товара без упаковки (г)': '4 г', 'Вес товара с упаковкой (г)': '10 г', 'Номер декларации соответствия': 'ЕАЭС N RU Д-FR.ПХ01.В.00102/20', 'Тип кожи': 'для всех типов кожи', 'Высота упаковки': '8 см'}  Увлажняющая помада бальзам для губ гигиеническая LIP CARE. Блеск бальзам для макияжа губ с нежно-розовым оттенком Poetеq ""Сексуальные губки"" в красивой упаковке. Губная помада для от сухости губ придает коже уход в виде сияния и увлажнения. Оттеночный бальзам тинт наполнен витаминами, микроэлементами и создает эффект геарклона для красивой формы губ. Масляная нежная помадка имеет аромат косметического масла ши, полученного из семян и плодов экзотических растений. Витаминные бальзамы (Арома помадки) богаты жирорастворимыми витаминами A, D, Е, полинасыщенными кислотами и лецитином. Натуральное средство для губ стимулирует процессы обновления и омоложения клеток, увлажняют и питают кожу губ, делая их гладкими и ухоженными. Фруктовые и ягодные экстракты вишни повышают клеточный иммунитет, ускоряют заживление и омолаживают кожу. Гигиенички создает на губах тонкую защитную пленку от ветра, которая предотвращает потерю влаги и обветривание в мороз. Его можно использовать самостоятельно для ухода за губами или как защитную основу перед нанесением матовых помад. Кремовая основа для губ в блистере, придает коже питание, защитное действие и вишневое сияние. Не дорогая, красивая, натуральная косметика подойдет для всех. Для ваших жен, женщин, девушек, а также для девочек. Зарубежный бальзам для очень сухих губ с блестками это товар производства Франции. Бренд Поетек относится к дешевой натуральной уходовой косметики, которая подходит и под категорию халяльная. Отличный подарок для женщин, бабушке, маме, сестре, подруге, коллеге на день рождения, новый год, 8 марта, 14 февраля. Можно составить подарочный косметический мега набор и купить в распродаже на ВБ. Pomade Poeteq это ухаживающая женская косметика, не тестирующася на животных. Качество 100%","Добрый день. Тон с артикулом 117971242 менее популярный, поэтому участвует в акции",0
117971243,добрый вечер! а акции будут и скидочки на этот товар? спасибо),"{'Ширина упаковки': '2 см', 'Длина упаковки': '2 см', 'Страна производства': 'Франция', 'Дата окончания действия сертификата/декларации': '15.01.2025', 'Упаковка': 'блистер', 'Действие': 'увлажнение', 'Дата регистрации сертификата/декларации': '16.01.2020', 'Форма упаковки': 'без давления', 'Объем товара': '4 мл', 'Ставка НДС': '20', 'Тип волос': 'для губ', 'Раздел меню': 'профессиональная косметика', 'Срок годности': '36 мес', 'Комплектация': '1 шт', 'Состав': 'вода', 'Прямые поставки от производителя': 'да', 'Назначение косметического средства': 'для губ', 'Вес товара без упаковки (г)': '4 г', 'Вес товара с упаковкой (г)': '10 г', 'Номер декларации соответствия': 'ЕАЭС N RU Д-FR.ПХ01.В.00102/20', 'Тип кожи': 'для всех типов кожи', 'Высота упаковки': '8 см'}  Увлажняющая помада бальзам для губ гигиеническая LIP CARE. Блеск бальзам для макияжа губ с нежно-розовым оттенком Poetеq ""Сексуальные губки"" в красивой упаковке. Губная помада для от сухости губ придает коже уход в виде сияния и увлажнения. Оттеночный бальзам тинт наполнен витаминами, микроэлементами и создает эффект геарклона для красивой формы губ. Масляная нежная помадка имеет аромат косметического масла ши, полученного из семян и плодов экзотических растений. Витаминные бальзамы (Арома помадки) богаты жирорастворимыми витаминами A, D, Е, полинасыщенными кислотами и лецитином. Натуральное средство для губ стимулирует процессы обновления и омоложения клеток, увлажняют и питают кожу губ, делая их гладкими и ухоженными. Фруктовые и ягодные экстракты вишни повышают клеточный иммунитет, ускоряют заживление и омолаживают кожу. Гигиенички создает на губах тонкую защитную пленку от ветра, которая предотвращает потерю влаги и обветривание в мороз. Его можно использовать самостоятельно для ухода за губами или как защитную основу перед нанесением матовых помад. Кремовая основа для губ в блистере, придает коже питание, защитное действие и вишневое сияние. Не дорогая, красивая, натуральная косметика подойдет для всех. Для ваших жен, женщин, девушек, а также для девочек. Зарубежный бальзам для очень сухих губ с блестками это товар производства Франции. Бренд Поетек относится к дешевой натуральной уходовой косметики, которая подходит и под категорию халяльная. Отличный подарок для женщин, бабушке, маме, сестре, подруге, коллеге на день рождения, новый год, 8 марта, 14 февраля. Можно составить подарочный косметический мега набор и купить в распродаже на ВБ. Pomade Poeteq это ухаживающая женская косметика, не тестирующася на животных. Качество 100%",Добрый день. Ориентировочно во второй половине октября,0
154759743,Подойдёт наборфильтров на SC4520?,"{'Ставка НДС': '20', 'Длина упаковки': '18 см', 'Совместимость': 'SAMSUNG SC4520', 'Цвет': 'белый', 'Высота упаковки': '8 см', 'Материал изделия': 'синтетический материал', 'Ширина упаковки': '21 см', 'Вес товара с упаковкой (г)': '155 г', 'Комплектация': 'Моторный фильтр -1шт.,HEPA фильтр-1шт.', 'Модель': 'FTH 07', 'Страна производства': 'Китай'}  Фильтры для пылесоса Samsung FTH 07 SAM + FTM 04 набор. Фильтр для пылесоса Samsung Самсунг в наборе состоит: НЕРА фильтр Filtero FTH 07 уровня фильтрации Н10 и комплект моторных фильтров FTM 04. НЕРА фильтр препятствует выходу мельчайших частиц пыли и аллергенов из пылесоса в помещение. НЕРА фильтр немоющийся. Комплект моторных фильтров Filtero защищает от попадания крупных частиц пыли в моторный отсек пылесоса. Моторный фильтр можно промывать согласно инструкции к пылесосу. Фильтры подлежат замене, согласно рекомендации производителя пылесосов - не реже одного раза за 6 месяцев. Комплектация: 1 НЕРА фильтр в резиновом корпусе, 1 комплект моторных фильтров. Совместимость фильтров указана на фотографии 3 в карточке товара. Фильтр для пылесоса SAMSUNG SC4520, SC4326 , SC4760, SC432A, SC4752, SC4740, SC4350, SC4330, SC4335, SC4325, SC4750, SC4352, SC4336, SC4350, SC4332, SC47S5, SC452A, SC4757, SC4710, SC4720, VC2100, VC3100, SC4474, SC4757, VCDC20, VCMA16 BS, VCMA18 AV, VCDC20AV, VCCD20AH, VCDC20EH, VCDC20DV, VCDC20CH, VCDC20CV, VCDC2016, VCDC15RH, VCDC15QH, VCDC12QH, VCDC08QH, VCDC08SH, VCMA16BS, VCMA18AV, VCMA20CV, VC2100M, VC18M21N9VD, VC18M21A0SB, VC18M21A0S1, VC18M21B0S2, SC18M21N9VD, SC18M21A0SB, SC18M21A0S1, SC18M21B0S2, SC18M21C0VR, SC18M21C0VN, SC18M21D0VG; SC15M2110SB, SC15M2130SG, SC15M21A0SR, SC15M21B0SN, VC3100M, VC18M3120VB, VC18M3120V1, VC18M3120VU, VC18M3140VN, VC18M3160VG, VC18M31D9HD, VC18M31A0HP, VC18M31A0HU, VC18M31B0HN, VC18M31C0HG, SC18M3120VB, SC18M3120V1, SC18M3120VU, SC18M3110VB, SC18M3140VN, SC18M3130V1, SC18M3160VG, SC18M3150VU, SC18M31D9HD, SC18M31A0HP, SC18M31A0HU, SC18M31B0HN, SC18M31C0HG, SC15M3120VB, SC15M3140V1, SC15M31A0HG, SC15M31B0HN, VC07M2110SB, VC07M3130V1, VC07M31C0HG, SC07M2110SB, SC07M3130V1, SC07M31C0HG, SC4520, SC4521, SC4530, SC4535, SC4570, SC452A, VCC4521S3S, VCC4521S3R, VCC4550SCW, VCC4550SCR, VCC4570S3K, VCC4326S3A, VCC432AS3K, VCC4320S3A, SC4320, SC4326, SC4331, SC4335, SC4336, SC4352. Хранить в сухом месте. Срок годности не ограничен.",Добрый день. Фильтры для пылесоса Samsung FTH 07 SAM + FTM 04 подходят к пылесосу Samsung SC4520. Будем благодарны за отзыв после покупки.,1
154759743,Добрый день.подойдет на модель vc-2100,"{'Ставка НДС': '20', 'Длина упаковки': '18 см', 'Совместимость': 'SAMSUNG SC4520', 'Цвет': 'белый', 'Высота упаковки': '8 см', 'Материал изделия': 'синтетический материал', 'Ширина упаковки': '21 см', 'Вес товара с упаковкой (г)': '155 г', 'Комплектация': 'Моторный фильтр -1шт.,HEPA фильтр-1шт.', 'Модель': 'FTH 07', 'Страна производства': 'Китай'}  Фильтры для пылесоса Samsung FTH 07 SAM + FTM 04 набор. Фильтр для пылесоса Samsung Самсунг в наборе состоит: НЕРА фильтр Filtero FTH 07 уровня фильтрации Н10 и комплект моторных фильтров FTM 04. НЕРА фильтр препятствует выходу мельчайших частиц пыли и аллергенов из пылесоса в помещение. НЕРА фильтр немоющийся. Комплект моторных фильтров Filtero защищает от попадания крупных частиц пыли в моторный отсек пылесоса. Моторный фильтр можно промывать согласно инструкции к пылесосу. Фильтры подлежат замене, согласно рекомендации производителя пылесосов - не реже одного раза за 6 месяцев. Комплектация: 1 НЕРА фильтр в резиновом корпусе, 1 комплект моторных фильтров. Совместимость фильтров указана на фотографии 3 в карточке товара. Фильтр для пылесоса SAMSUNG SC4520, SC4326 , SC4760, SC432A, SC4752, SC4740, SC4350, SC4330, SC4335, SC4325, SC4750, SC4352, SC4336, SC4350, SC4332, SC47S5, SC452A, SC4757, SC4710, SC4720, VC2100, VC3100, SC4474, SC4757, VCDC20, VCMA16 BS, VCMA18 AV, VCDC20AV, VCCD20AH, VCDC20EH, VCDC20DV, VCDC20CH, VCDC20CV, VCDC2016, VCDC15RH, VCDC15QH, VCDC12QH, VCDC08QH, VCDC08SH, VCMA16BS, VCMA18AV, VCMA20CV, VC2100M, VC18M21N9VD, VC18M21A0SB, VC18M21A0S1, VC18M21B0S2, SC18M21N9VD, SC18M21A0SB, SC18M21A0S1, SC18M21B0S2, SC18M21C0VR, SC18M21C0VN, SC18M21D0VG; SC15M2110SB, SC15M2130SG, SC15M21A0SR, SC15M21B0SN, VC3100M, VC18M3120VB, VC18M3120V1, VC18M3120VU, VC18M3140VN, VC18M3160VG, VC18M31D9HD, VC18M31A0HP, VC18M31A0HU, VC18M31B0HN, VC18M31C0HG, SC18M3120VB, SC18M3120V1, SC18M3120VU, SC18M3110VB, SC18M3140VN, SC18M3130V1, SC18M3160VG, SC18M3150VU, SC18M31D9HD, SC18M31A0HP, SC18M31A0HU, SC18M31B0HN, SC18M31C0HG, SC15M3120VB, SC15M3140V1, SC15M31A0HG, SC15M31B0HN, VC07M2110SB, VC07M3130V1, VC07M31C0HG, SC07M2110SB, SC07M3130V1, SC07M31C0HG, SC4520, SC4521, SC4530, SC4535, SC4570, SC452A, VCC4521S3S, VCC4521S3R, VCC4550SCW, VCC4550SCR, VCC4570S3K, VCC4326S3A, VCC432AS3K, VCC4320S3A, SC4320, SC4326, SC4331, SC4335, SC4336, SC4352. Хранить в сухом месте. Срок годности не ограничен.","Добрый день. Благодарим за интерес к нашей продукции. Да,  набор фильтров FTH 07 SAM + FTM 04 подходят для Samsung VC-2100.",1
154759743,"скажите пожалуйста, подойдёт к модели самсунг sc6658?","{'Ставка НДС': '20', 'Длина упаковки': '18 см', 'Совместимость': 'SAMSUNG SC4520', 'Цвет': 'белый', 'Высота упаковки': '8 см', 'Материал изделия': 'синтетический материал', 'Ширина упаковки': '21 см', 'Вес товара с упаковкой (г)': '155 г', 'Комплектация': 'Моторный фильтр -1шт.,HEPA фильтр-1шт.', 'Модель': 'FTH 07', 'Страна производства': 'Китай'}  Фильтры для пылесоса Samsung FTH 07 SAM + FTM 04 набор. Фильтр для пылесоса Samsung Самсунг в наборе состоит: НЕРА фильтр Filtero FTH 07 уровня фильтрации Н10 и комплект моторных фильтров FTM 04. НЕРА фильтр препятствует выходу мельчайших частиц пыли и аллергенов из пылесоса в помещение. НЕРА фильтр немоющийся. Комплект моторных фильтров Filtero защищает от попадания крупных частиц пыли в моторный отсек пылесоса. Моторный фильтр можно промывать согласно инструкции к пылесосу. Фильтры подлежат замене, согласно рекомендации производителя пылесосов - не реже одного раза за 6 месяцев. Комплектация: 1 НЕРА фильтр в резиновом корпусе, 1 комплект моторных фильтров. Совместимость фильтров указана на фотографии 3 в карточке товара. Фильтр для пылесоса SAMSUNG SC4520, SC4326 , SC4760, SC432A, SC4752, SC4740, SC4350, SC4330, SC4335, SC4325, SC4750, SC4352, SC4336, SC4350, SC4332, SC47S5, SC452A, SC4757, SC4710, SC4720, VC2100, VC3100, SC4474, SC4757, VCDC20, VCMA16 BS, VCMA18 AV, VCDC20AV, VCCD20AH, VCDC20EH, VCDC20DV, VCDC20CH, VCDC20CV, VCDC2016, VCDC15RH, VCDC15QH, VCDC12QH, VCDC08QH, VCDC08SH, VCMA16BS, VCMA18AV, VCMA20CV, VC2100M, VC18M21N9VD, VC18M21A0SB, VC18M21A0S1, VC18M21B0S2, SC18M21N9VD, SC18M21A0SB, SC18M21A0S1, SC18M21B0S2, SC18M21C0VR, SC18M21C0VN, SC18M21D0VG; SC15M2110SB, SC15M2130SG, SC15M21A0SR, SC15M21B0SN, VC3100M, VC18M3120VB, VC18M3120V1, VC18M3120VU, VC18M3140VN, VC18M3160VG, VC18M31D9HD, VC18M31A0HP, VC18M31A0HU, VC18M31B0HN, VC18M31C0HG, SC18M3120VB, SC18M3120V1, SC18M3120VU, SC18M3110VB, SC18M3140VN, SC18M3130V1, SC18M3160VG, SC18M3150VU, SC18M31D9HD, SC18M31A0HP, SC18M31A0HU, SC18M31B0HN, SC18M31C0HG, SC15M3120VB, SC15M3140V1, SC15M31A0HG, SC15M31B0HN, VC07M2110SB, VC07M3130V1, VC07M31C0HG, SC07M2110SB, SC07M3130V1, SC07M31C0HG, SC4520, SC4521, SC4530, SC4535, SC4570, SC452A, VCC4521S3S, VCC4521S3R, VCC4550SCW, VCC4550SCR, VCC4570S3K, VCC4326S3A, VCC432AS3K, VCC4320S3A, SC4320, SC4326, SC4331, SC4335, SC4336, SC4352. Хранить в сухом месте. Срок годности не ограничен.","Добрый день!
 Благодарим за интерес, проявленный к нашей продукции. 
Подойдет другой набор ""Фильтры для пылесоса FTH 04 + FTM 06 набор"", артикул 154758368.
 Будем благодарны за оставленный отзыв после покупки.",1
154759743,"Я извиняюсь, вопрос касается этого артикула)","{'Ставка НДС': '20', 'Длина упаковки': '18 см', 'Совместимость': 'SAMSUNG SC4520', 'Цвет': 'белый', 'Высота упаковки': '8 см', 'Материал изделия': 'синтетический материал', 'Ширина упаковки': '21 см', 'Вес товара с упаковкой (г)': '155 г', 'Комплектация': 'Моторный фильтр -1шт.,HEPA фильтр-1шт.', 'Модель': 'FTH 07', 'Страна производства': 'Китай'}  Фильтры для пылесоса Samsung FTH 07 SAM + FTM 04 набор. Фильтр для пылесоса Samsung Самсунг в наборе состоит: НЕРА фильтр Filtero FTH 07 уровня фильтрации Н10 и комплект моторных фильтров FTM 04. НЕРА фильтр препятствует выходу мельчайших частиц пыли и аллергенов из пылесоса в помещение. НЕРА фильтр немоющийся. Комплект моторных фильтров Filtero защищает от попадания крупных частиц пыли в моторный отсек пылесоса. Моторный фильтр можно промывать согласно инструкции к пылесосу. Фильтры подлежат замене, согласно рекомендации производителя пылесосов - не реже одного раза за 6 месяцев. Комплектация: 1 НЕРА фильтр в резиновом корпусе, 1 комплект моторных фильтров. Совместимость фильтров указана на фотографии 3 в карточке товара. Фильтр для пылесоса SAMSUNG SC4520, SC4326 , SC4760, SC432A, SC4752, SC4740, SC4350, SC4330, SC4335, SC4325, SC4750, SC4352, SC4336, SC4350, SC4332, SC47S5, SC452A, SC4757, SC4710, SC4720, VC2100, VC3100, SC4474, SC4757, VCDC20, VCMA16 BS, VCMA18 AV, VCDC20AV, VCCD20AH, VCDC20EH, VCDC20DV, VCDC20CH, VCDC20CV, VCDC2016, VCDC15RH, VCDC15QH, VCDC12QH, VCDC08QH, VCDC08SH, VCMA16BS, VCMA18AV, VCMA20CV, VC2100M, VC18M21N9VD, VC18M21A0SB, VC18M21A0S1, VC18M21B0S2, SC18M21N9VD, SC18M21A0SB, SC18M21A0S1, SC18M21B0S2, SC18M21C0VR, SC18M21C0VN, SC18M21D0VG; SC15M2110SB, SC15M2130SG, SC15M21A0SR, SC15M21B0SN, VC3100M, VC18M3120VB, VC18M3120V1, VC18M3120VU, VC18M3140VN, VC18M3160VG, VC18M31D9HD, VC18M31A0HP, VC18M31A0HU, VC18M31B0HN, VC18M31C0HG, SC18M3120VB, SC18M3120V1, SC18M3120VU, SC18M3110VB, SC18M3140VN, SC18M3130V1, SC18M3160VG, SC18M3150VU, SC18M31D9HD, SC18M31A0HP, SC18M31A0HU, SC18M31B0HN, SC18M31C0HG, SC15M3120VB, SC15M3140V1, SC15M31A0HG, SC15M31B0HN, VC07M2110SB, VC07M3130V1, VC07M31C0HG, SC07M2110SB, SC07M3130V1, SC07M31C0HG, SC4520, SC4521, SC4530, SC4535, SC4570, SC452A, VCC4521S3S, VCC4521S3R, VCC4550SCW, VCC4550SCR, VCC4570S3K, VCC4326S3A, VCC432AS3K, VCC4320S3A, SC4320, SC4326, SC4331, SC4335, SC4336, SC4352. Хранить в сухом месте. Срок годности не ограничен.","Добрый день. Благодарим за интерес к нашей продукции. Для верного подбора фильтра либо мешка, необходимо знать не только марку пылесоса но и его модель , модель пылесоса указана на шильде расположенной на обратной стороне корпуса пылесоса. Совместимость фильтров либо мешков с моделью пылесоса или серией указана на 3-й фотографии товара (обратная сторона упаковки). Будем благодарны за оставленный отзыв после покупки.",0
4031463,сколько пар в одном заказе?,"{'Сезон': 'круглогодичный', 'Рисунок': 'логотип', 'Высота упаковки': '30 см', 'Назначение подарка': 'любимому', 'Декоративные элементы': 'вставка', 'Цвет': 'белый', 'ТНВЭД': '6217100000', 'Комплектация': 'спортивные носки', 'Ширина упаковки': '8 см', 'Длина упаковки': '3 см', 'Страна производства': 'Россия', 'Состав': 'полиамид 92%', 'Назначение': 'спорт', 'Повод': '23 февраля', 'Особенности модели': 'дышащий материал', 'Пол': 'Мужской', 'Упаковка': 'картонная коробка', 'Назначение носков': 'бег'} {'Российский размер 42-44': 'Длина стопы, в см 27-29', 'Российский размер 39-41': 'Длина стопы, в см 25-27', 'Российский размер 36-38': 'Длина стопы, в см 23-25', 'Российский размер 45-47': 'Длина стопы, в см 29-31'} Носки спортивные для бега и ходьбы по пересечённой местности. ПОЖАЛУЙСТА, ВЫБИРАЙТЕ РАЗМЕР ПО ТАБЛИЦЕ. Модель унисекс. Для корректного определения своего размера просим опираться на длину стопы и сверяться с нашей размерной сеткой! Универсальные трекинговые носки бренда MORETAN идеально подойдут для активного образа жизни. В них будет максимально удобно заниматься профессиональным спортом как летом, так и зимой, ходить в пешие походы на длинные расстояния, бегать по пересеченной местности в лесу и горах. Термоноски изготовлены по специальной технологии из высококачественного водоотталкивающего материала, который адаптируется под температуру окружающей среды (вентилируют в жару и согревают в холод), не деформируется даже после многочисленных стирок и быстро сохнут благодаря улучшенной системе отвода влаги. Эти высокие и прочные носочки незаменимы для спортсменов и смогут обеспечить им безопасность в нужный момент, так как фиксируют стопу в правильном положении: их равномерный компрессионный эффект - это гарантированная и надежная поддержка мышц и голеностопного сустава, исключающая травмы, вывихи и растяжения во время движения. Одежда модели SKY RUNNING предназначена специально для бегунов - ткань обладает антибактериальными свойствами и полиамидной защитой от мозолей, а также хорошей амортизацией, что обеспечит легкость и дополнительный комфорт при интенсивных нагрузках. Этот прикольный аксессуар с полосками нужен каждому парню - он подойдет в качестве подарка на любой праздник как для мужчин, так и для подростков, которые увлекаются ходьбой, любят много двигаться и хотят повысить эффективность своих тренировок.","Добрый день !

Цена за одну пару .

С уважением ,компания Moretan!",1
1743707,здравствуйте а когда будет 42р.??,"{'Ширина упаковки': '22 см', 'Цвет': 'оливковый', 'Коллекция': 'Базовая коллекция', 'Высота подошвы': '2 см', 'Назначение обуви': 'рыбная ловля летняя', 'Высота упаковки': '34 см', 'Высота обуви': 'высокие', 'Длина упаковки': '29 см', 'Высота голенища': '90 см', 'Обхват голенища': '44 см', 'ТНВЭД': '6401990000', 'Вид застежки': 'без застежки', 'Материал подошвы обуви': 'ПВХ', 'Полнота обуви (EUR)': 'J (9)', 'Пол': 'Мужской', 'Страна производства': 'Россия', 'Сезон': 'демисезон', 'Состав': 'ПВХ 100%', 'Комплектация': 'резиновые сапоги', 'Особенности модели': 'Непромокаемая гибкая подошва'} {'Российский размер 36': '(23.2 см)', 'Российский размер 37': '(24 см)', 'Российский размер 44': '(28.5 см)', 'Российский размер 42': '(27 см)', 'Российский размер 40': '(25.5 см)', 'Российский размер 41': '(26.2 см)', 'Российский размер 43': '(27.7 см)', 'Российский размер 45': '(29.2 см)', 'Российский размер 39': '(24.7 см)', 'Российский размер 46': '(30 см)', 'Российский размер 38': '(24,3 см)', 'Российский размер 47': '(30.7 см)'} Болотные сапоги из ПВХ, рыбацкие сапоги. Надежные и прочные рыбацкие мужские сапоги для охоты и рыбалки, хозяйственных работ. В связи с маленькими размерами данную модель можно считать как сапоги женские. Сапоги резиновые мужские отлично подойдут и для прекрасного пола. Сапоги рыболовные способствуют не только защите от воды и грязи, но имеет также усиленные ребра жесткости, оберегая ноги от случайных травм. Рабочая обувь для мужчин отлично подойдет под комбинезон мужской зимний. Несмотря на высокое голенище, благодаря каркасной конструкции обувь мужская хорошо держат форму. Для использования модели в тёплый сезон, достаточно использовать простой носок. Зимний температурный порог составляет -5С. Забродный полукомбинезон это надежный друг для рыбалки или охоты. Это отличный подарок на 23 февраля охотнику или рыбаку. Забродники для рыбалки от бренда Дюна.","Добрый день. В ближайшее время поставок не планируется. С уважением, Дюна.",0
1743707,"добрый день, подскажите пожалуйста, в голени какой обхват?","{'Ширина упаковки': '22 см', 'Цвет': 'оливковый', 'Коллекция': 'Базовая коллекция', 'Высота подошвы': '2 см', 'Назначение обуви': 'рыбная ловля летняя', 'Высота упаковки': '34 см', 'Высота обуви': 'высокие', 'Длина упаковки': '29 см', 'Высота голенища': '90 см', 'Обхват голенища': '44 см', 'ТНВЭД': '6401990000', 'Вид застежки': 'без застежки', 'Материал подошвы обуви': 'ПВХ', 'Полнота обуви (EUR)': 'J (9)', 'Пол': 'Мужской', 'Страна производства': 'Россия', 'Сезон': 'демисезон', 'Состав': 'ПВХ 100%', 'Комплектация': 'резиновые сапоги', 'Особенности модели': 'Непромокаемая гибкая подошва'} {'Российский размер 36': '(23.2 см)', 'Российский размер 37': '(24 см)', 'Российский размер 44': '(28.5 см)', 'Российский размер 42': '(27 см)', 'Российский размер 40': '(25.5 см)', 'Российский размер 41': '(26.2 см)', 'Российский размер 43': '(27.7 см)', 'Российский размер 45': '(29.2 см)', 'Российский размер 39': '(24.7 см)', 'Российский размер 46': '(30 см)', 'Российский размер 38': '(24,3 см)', 'Российский размер 47': '(30.7 см)'} Болотные сапоги из ПВХ, рыбацкие сапоги. Надежные и прочные рыбацкие мужские сапоги для охоты и рыбалки, хозяйственных работ. В связи с маленькими размерами данную модель можно считать как сапоги женские. Сапоги резиновые мужские отлично подойдут и для прекрасного пола. Сапоги рыболовные способствуют не только защите от воды и грязи, но имеет также усиленные ребра жесткости, оберегая ноги от случайных травм. Рабочая обувь для мужчин отлично подойдет под комбинезон мужской зимний. Несмотря на высокое голенище, благодаря каркасной конструкции обувь мужская хорошо держат форму. Для использования модели в тёплый сезон, достаточно использовать простой носок. Зимний температурный порог составляет -5С. Забродный полукомбинезон это надежный друг для рыбалки или охоты. Это отличный подарок на 23 февраля охотнику или рыбаку. Забродники для рыбалки от бренда Дюна.","Здравствуйте! Место стыка сапога около 46 см. Если Вам нужно замерить определенный размер, то напишите какой именно, если они есть у нас на складе, то мы обязательно замерим и предоставим Вам данные. Обязательно примерьте, перед выкупом. С Уважением, ДЮНА!",1
1743707,Добрый день. 42-43 размеры будут?,"{'Ширина упаковки': '22 см', 'Цвет': 'оливковый', 'Коллекция': 'Базовая коллекция', 'Высота подошвы': '2 см', 'Назначение обуви': 'рыбная ловля летняя', 'Высота упаковки': '34 см', 'Высота обуви': 'высокие', 'Длина упаковки': '29 см', 'Высота голенища': '90 см', 'Обхват голенища': '44 см', 'ТНВЭД': '6401990000', 'Вид застежки': 'без застежки', 'Материал подошвы обуви': 'ПВХ', 'Полнота обуви (EUR)': 'J (9)', 'Пол': 'Мужской', 'Страна производства': 'Россия', 'Сезон': 'демисезон', 'Состав': 'ПВХ 100%', 'Комплектация': 'резиновые сапоги', 'Особенности модели': 'Непромокаемая гибкая подошва'} {'Российский размер 36': '(23.2 см)', 'Российский размер 37': '(24 см)', 'Российский размер 44': '(28.5 см)', 'Российский размер 42': '(27 см)', 'Российский размер 40': '(25.5 см)', 'Российский размер 41': '(26.2 см)', 'Российский размер 43': '(27.7 см)', 'Российский размер 45': '(29.2 см)', 'Российский размер 39': '(24.7 см)', 'Российский размер 46': '(30 см)', 'Российский размер 38': '(24,3 см)', 'Российский размер 47': '(30.7 см)'} Болотные сапоги из ПВХ, рыбацкие сапоги. Надежные и прочные рыбацкие мужские сапоги для охоты и рыбалки, хозяйственных работ. В связи с маленькими размерами данную модель можно считать как сапоги женские. Сапоги резиновые мужские отлично подойдут и для прекрасного пола. Сапоги рыболовные способствуют не только защите от воды и грязи, но имеет также усиленные ребра жесткости, оберегая ноги от случайных травм. Рабочая обувь для мужчин отлично подойдет под комбинезон мужской зимний. Несмотря на высокое голенище, благодаря каркасной конструкции обувь мужская хорошо держат форму. Для использования модели в тёплый сезон, достаточно использовать простой носок. Зимний температурный порог составляет -5С. Забродный полукомбинезон это надежный друг для рыбалки или охоты. Это отличный подарок на 23 февраля охотнику или рыбаку. Забродники для рыбалки от бренда Дюна.","Добрый день. Поставка ожидается в течении этой недели, с уважением, Дюна.",0
4281430,Почему ваккуматормге вакумирует другие пакеты?,"{'Питание': 'от сети 220V', 'Материал корпуса': 'пластик', 'Дата окончания действия сертификата/декларации': '24.01.2025', 'Модель': 'КТ-1502', 'Вес без упаковки (кг)': '1.3 кг', 'Высота предмета': '7.7 см', 'Страна производства': 'Китай', 'Комплектация': 'Вакууматор – 1 шт., Вакуумные пакеты 20х30 см – 5 шт.', 'Ширина предмета': '36.6 см', 'Управление': 'сенсорное', 'Длина упаковки': '42 см', 'Вес с упаковкой (кг)': '1.9 кг', 'Номер сертификата соответствия': 'ЕАЭС RU С-CN.НЕ23.В.00275/22', 'Напряжение': '230 вт', 'Гарантийный срок': '1 год', 'Высота упаковки': '20 см', 'Номер декларации соответствия': 'ЕАЭС N RU Д-CN.РА03.В.92296/21', 'Дата регистрации сертификата/декларации': '25.01.2022', 'Ширина упаковки': '12 см', 'Ширина шва пайки': '280 мм', 'Хрупкость': 'хрупкое', 'Глубина предмета': '15.4 см'}  Вакууматор для продуктов КТ-1502 - 110 Вт. Вакууматор Kitfort КТ-1502 — современный прибор, призванный увеличить сроки хранения пищевых продуктов. На воздухе продукты обветриваются и окисляются из-за присутствующего в нем кислорода, быстро теряют свежий аромат и качество. Продукты, упакованные под вакуумом, сохраняют свежесть и не портятся существенно дольше по сравнению с обычными условиями хранения. Гораздо лучше хранятся овощи: меньше портятся, не сохнут, картошка и лук не прорастают. Зелень, упакованная в вакуумный контейнер, остается свежей и не вянет. Из мяса, рыбы и фарша, завакуумированных в пакеты, при хранении в морозильной камере не вымораживается влага, они не приобретают посторонних запахов. Суть вакуумирования проста: продукты помещаются в упаковку, из которой потом откачивается воздух. В качестве упаковки используются специальные пакеты и контейнеры. Из вакуумного пакета удаляется до 90% воздуха, и срок хранения продуктов увеличивается многократно по сравнению с традиционными способами хранения. По окончании упаковки пакет запаивается. Вакуумирование ускоряет засолку, маринование и мочение. Гости уже едут, а вам нужно замариновать мясо для шашлыка и приготовить малосольные огурцы? С вакууматором вы успеете это сделать до их прихода! Вакуумная упаковка окажется полезной не только в кулинарии. Для туристических и бытовых нужд в вакуумный пакет можно поместить документы, деньги, спички, лекарства, мобильный телефон, карту, компас и другие предметы. Охотники могут запаковать порох и патроны. Это защитит их от сырости и попадания воды. Вакуумирование защищает не только от сырости, но и от воздействия атмосферного кислорода. Например, вакуумированные серебряные украшения, коллекционные монеты, значки не будут тускнеть со временем. В комплект вакууматора входят вакуумные пакеты и рулон вакуумной пленки, из которой можно сделать пакеты нужного размера.",Отклонён,0
4281430,"Здравствуйте , какие пакеты подходят для модели кт-1502?","{'Питание': 'от сети 220V', 'Материал корпуса': 'пластик', 'Дата окончания действия сертификата/декларации': '24.01.2025', 'Модель': 'КТ-1502', 'Вес без упаковки (кг)': '1.3 кг', 'Высота предмета': '7.7 см', 'Страна производства': 'Китай', 'Комплектация': 'Вакууматор – 1 шт., Вакуумные пакеты 20х30 см – 5 шт.', 'Ширина предмета': '36.6 см', 'Управление': 'сенсорное', 'Длина упаковки': '42 см', 'Вес с упаковкой (кг)': '1.9 кг', 'Номер сертификата соответствия': 'ЕАЭС RU С-CN.НЕ23.В.00275/22', 'Напряжение': '230 вт', 'Гарантийный срок': '1 год', 'Высота упаковки': '20 см', 'Номер декларации соответствия': 'ЕАЭС N RU Д-CN.РА03.В.92296/21', 'Дата регистрации сертификата/декларации': '25.01.2022', 'Ширина упаковки': '12 см', 'Ширина шва пайки': '280 мм', 'Хрупкость': 'хрупкое', 'Глубина предмета': '15.4 см'}  Вакууматор для продуктов КТ-1502 - 110 Вт. Вакууматор Kitfort КТ-1502 — современный прибор, призванный увеличить сроки хранения пищевых продуктов. На воздухе продукты обветриваются и окисляются из-за присутствующего в нем кислорода, быстро теряют свежий аромат и качество. Продукты, упакованные под вакуумом, сохраняют свежесть и не портятся существенно дольше по сравнению с обычными условиями хранения. Гораздо лучше хранятся овощи: меньше портятся, не сохнут, картошка и лук не прорастают. Зелень, упакованная в вакуумный контейнер, остается свежей и не вянет. Из мяса, рыбы и фарша, завакуумированных в пакеты, при хранении в морозильной камере не вымораживается влага, они не приобретают посторонних запахов. Суть вакуумирования проста: продукты помещаются в упаковку, из которой потом откачивается воздух. В качестве упаковки используются специальные пакеты и контейнеры. Из вакуумного пакета удаляется до 90% воздуха, и срок хранения продуктов увеличивается многократно по сравнению с традиционными способами хранения. По окончании упаковки пакет запаивается. Вакуумирование ускоряет засолку, маринование и мочение. Гости уже едут, а вам нужно замариновать мясо для шашлыка и приготовить малосольные огурцы? С вакууматором вы успеете это сделать до их прихода! Вакуумная упаковка окажется полезной не только в кулинарии. Для туристических и бытовых нужд в вакуумный пакет можно поместить документы, деньги, спички, лекарства, мобильный телефон, карту, компас и другие предметы. Охотники могут запаковать порох и патроны. Это защитит их от сырости и попадания воды. Вакуумирование защищает не только от сырости, но и от воздействия атмосферного кислорода. Например, вакуумированные серебряные украшения, коллекционные монеты, значки не будут тускнеть со временем. В комплект вакууматора входят вакуумные пакеты и рулон вакуумной пленки, из которой можно сделать пакеты нужного размера.",Здравствуйте! Рифлёные,0
5686653,здравствуйте какая цена просто на складе нету ее,"{'Страна производства': 'Китай', 'Номер декларации соответствия': 'ЕАЭС N RU Д-CN.РА07.В.47281/22', 'Гарантийный срок': '12 месяцев', 'Дата регистрации сертификата/декларации': '19.10.2022', 'Ширина упаковки': '24 см', 'Доп. опции мыши': 'Редактор макросов', 'Высота упаковки': '21 см', 'Количество кнопок мыши': '6 шт.', 'Длина упаковки': '5 см', 'Тип мыши': 'оптическая', 'Тип подключения мыши': 'проводное', 'Высота мыши': '35 мм', 'Длина кабеля': '150 см', 'Цвет': 'черный', 'Модель': 'компьютерная игровая Forced', 'Разрешение сенсора мыши': '3200', 'Игровая модель': 'да', 'Длина мыши': '50 мм', 'Хват мыши': 'универсальный', 'Комплектация': 'Упаковка - 1 шт', 'Ширина мыши': '110 мм', 'Интерфейс подключения': 'USB', 'Вес товара с упаковкой (г)': '220 г', 'Дата окончания действия сертификата/декларации': '18.10.2027'}  Мышка игровая проводная Forced 3200 dpi + коврик. Стремитесь к победе в любой игре? Тогда вам точно понадобится игровая мышка проводная Forced! Эта мышь - ваш лучший друг в виртуальном мире. Она оснащена превосходной оптикой, которая позволяет точно и быстро перемещаться по экрану. Эргономичный дизайн обеспечивает комфортное использование в течение долгих часов. С удобной мышкой Forced вы можете быть уверены, что у вас есть все необходимые инструменты для победы. Она имеет 6 кнопок, 5 из которых можно программировать для лучшего игрового опыта. Высокопрочный долговечный кабель и позолоченный USB-коннектор обеспечивают надежность и долговечность мышки Forced. Ферритовый фильтр помех кабеля поможет предотвратить помехи от других электронных устройств. С диапазоном разрешения мыши от 800 до 3200 dpi и 4 режимами разрешения, вы получите высочайшую точность и реакцию. Нажатие кнопки переключения dpi позволяет быстро выбирать уровень скорости курсора, не отвлекаясь от игры. С мышкой Forced вы получаете коврик в комплекте. Кроме того, вы получите бонус от игры War Thunder и программное обеспечение Defender Game Center, которое позволит вам настроить мышь и создать макросы. Переливающаяся подсветка также позволяет настраивать внешний вид. Так же наша мышь имеет прочное и приятное на ощупь прорезиненное покрытие. Совместимость Пк на Windows 2000/XP/Vista/7/8/10/11 гарантирует, что вы сможете использовать эту мышь на протяжении многих лет. Мыши с датой производства после 11/2019 имеют обновленный дизайн. Не упустите эту возможность увеличить свой шанс на победу, приобретите игровую мышь Forced уже сейчас и присоединяйтесь к армии победителей!",спам,0
5686653,Здравствуйте.Подойдет ли данная мышка для просмотра порно?,"{'Страна производства': 'Китай', 'Номер декларации соответствия': 'ЕАЭС N RU Д-CN.РА07.В.47281/22', 'Гарантийный срок': '12 месяцев', 'Дата регистрации сертификата/декларации': '19.10.2022', 'Ширина упаковки': '24 см', 'Доп. опции мыши': 'Редактор макросов', 'Высота упаковки': '21 см', 'Количество кнопок мыши': '6 шт.', 'Длина упаковки': '5 см', 'Тип мыши': 'оптическая', 'Тип подключения мыши': 'проводное', 'Высота мыши': '35 мм', 'Длина кабеля': '150 см', 'Цвет': 'черный', 'Модель': 'компьютерная игровая Forced', 'Разрешение сенсора мыши': '3200', 'Игровая модель': 'да', 'Длина мыши': '50 мм', 'Хват мыши': 'универсальный', 'Комплектация': 'Упаковка - 1 шт', 'Ширина мыши': '110 мм', 'Интерфейс подключения': 'USB', 'Вес товара с упаковкой (г)': '220 г', 'Дата окончания действия сертификата/декларации': '18.10.2027'}  Мышка игровая проводная Forced 3200 dpi + коврик. Стремитесь к победе в любой игре? Тогда вам точно понадобится игровая мышка проводная Forced! Эта мышь - ваш лучший друг в виртуальном мире. Она оснащена превосходной оптикой, которая позволяет точно и быстро перемещаться по экрану. Эргономичный дизайн обеспечивает комфортное использование в течение долгих часов. С удобной мышкой Forced вы можете быть уверены, что у вас есть все необходимые инструменты для победы. Она имеет 6 кнопок, 5 из которых можно программировать для лучшего игрового опыта. Высокопрочный долговечный кабель и позолоченный USB-коннектор обеспечивают надежность и долговечность мышки Forced. Ферритовый фильтр помех кабеля поможет предотвратить помехи от других электронных устройств. С диапазоном разрешения мыши от 800 до 3200 dpi и 4 режимами разрешения, вы получите высочайшую точность и реакцию. Нажатие кнопки переключения dpi позволяет быстро выбирать уровень скорости курсора, не отвлекаясь от игры. С мышкой Forced вы получаете коврик в комплекте. Кроме того, вы получите бонус от игры War Thunder и программное обеспечение Defender Game Center, которое позволит вам настроить мышь и создать макросы. Переливающаяся подсветка также позволяет настраивать внешний вид. Так же наша мышь имеет прочное и приятное на ощупь прорезиненное покрытие. Совместимость Пк на Windows 2000/XP/Vista/7/8/10/11 гарантирует, что вы сможете использовать эту мышь на протяжении многих лет. Мыши с датой производства после 11/2019 имеют обновленный дизайн. Не упустите эту возможность увеличить свой шанс на победу, приобретите игровую мышь Forced уже сейчас и присоединяйтесь к армии победителей!",спам,0
5686653,"Здравствуйте! Сенсор мыши светодиодный или лазерный? Какие у вас установлены модели свитчей, энкодера колеса и сенсора? И какой вес самой мыши без упаковки?","{'Страна производства': 'Китай', 'Номер декларации соответствия': 'ЕАЭС N RU Д-CN.РА07.В.47281/22', 'Гарантийный срок': '12 месяцев', 'Дата регистрации сертификата/декларации': '19.10.2022', 'Ширина упаковки': '24 см', 'Доп. опции мыши': 'Редактор макросов', 'Высота упаковки': '21 см', 'Количество кнопок мыши': '6 шт.', 'Длина упаковки': '5 см', 'Тип мыши': 'оптическая', 'Тип подключения мыши': 'проводное', 'Высота мыши': '35 мм', 'Длина кабеля': '150 см', 'Цвет': 'черный', 'Модель': 'компьютерная игровая Forced', 'Разрешение сенсора мыши': '3200', 'Игровая модель': 'да', 'Длина мыши': '50 мм', 'Хват мыши': 'универсальный', 'Комплектация': 'Упаковка - 1 шт', 'Ширина мыши': '110 мм', 'Интерфейс подключения': 'USB', 'Вес товара с упаковкой (г)': '220 г', 'Дата окончания действия сертификата/декларации': '18.10.2027'}  Мышка игровая проводная Forced 3200 dpi + коврик. Стремитесь к победе в любой игре? Тогда вам точно понадобится игровая мышка проводная Forced! Эта мышь - ваш лучший друг в виртуальном мире. Она оснащена превосходной оптикой, которая позволяет точно и быстро перемещаться по экрану. Эргономичный дизайн обеспечивает комфортное использование в течение долгих часов. С удобной мышкой Forced вы можете быть уверены, что у вас есть все необходимые инструменты для победы. Она имеет 6 кнопок, 5 из которых можно программировать для лучшего игрового опыта. Высокопрочный долговечный кабель и позолоченный USB-коннектор обеспечивают надежность и долговечность мышки Forced. Ферритовый фильтр помех кабеля поможет предотвратить помехи от других электронных устройств. С диапазоном разрешения мыши от 800 до 3200 dpi и 4 режимами разрешения, вы получите высочайшую точность и реакцию. Нажатие кнопки переключения dpi позволяет быстро выбирать уровень скорости курсора, не отвлекаясь от игры. С мышкой Forced вы получаете коврик в комплекте. Кроме того, вы получите бонус от игры War Thunder и программное обеспечение Defender Game Center, которое позволит вам настроить мышь и создать макросы. Переливающаяся подсветка также позволяет настраивать внешний вид. Так же наша мышь имеет прочное и приятное на ощупь прорезиненное покрытие. Совместимость Пк на Windows 2000/XP/Vista/7/8/10/11 гарантирует, что вы сможете использовать эту мышь на протяжении многих лет. Мыши с датой производства после 11/2019 имеют обновленный дизайн. Не упустите эту возможность увеличить свой шанс на победу, приобретите игровую мышь Forced уже сейчас и присоединяйтесь к армии победителей!",спам,1
5686653,"здравствуйте,  а сколько метров кабель?","{'Страна производства': 'Китай', 'Номер декларации соответствия': 'ЕАЭС N RU Д-CN.РА07.В.47281/22', 'Гарантийный срок': '12 месяцев', 'Дата регистрации сертификата/декларации': '19.10.2022', 'Ширина упаковки': '24 см', 'Доп. опции мыши': 'Редактор макросов', 'Высота упаковки': '21 см', 'Количество кнопок мыши': '6 шт.', 'Длина упаковки': '5 см', 'Тип мыши': 'оптическая', 'Тип подключения мыши': 'проводное', 'Высота мыши': '35 мм', 'Длина кабеля': '150 см', 'Цвет': 'черный', 'Модель': 'компьютерная игровая Forced', 'Разрешение сенсора мыши': '3200', 'Игровая модель': 'да', 'Длина мыши': '50 мм', 'Хват мыши': 'универсальный', 'Комплектация': 'Упаковка - 1 шт', 'Ширина мыши': '110 мм', 'Интерфейс подключения': 'USB', 'Вес товара с упаковкой (г)': '220 г', 'Дата окончания действия сертификата/декларации': '18.10.2027'}  Мышка игровая проводная Forced 3200 dpi + коврик. Стремитесь к победе в любой игре? Тогда вам точно понадобится игровая мышка проводная Forced! Эта мышь - ваш лучший друг в виртуальном мире. Она оснащена превосходной оптикой, которая позволяет точно и быстро перемещаться по экрану. Эргономичный дизайн обеспечивает комфортное использование в течение долгих часов. С удобной мышкой Forced вы можете быть уверены, что у вас есть все необходимые инструменты для победы. Она имеет 6 кнопок, 5 из которых можно программировать для лучшего игрового опыта. Высокопрочный долговечный кабель и позолоченный USB-коннектор обеспечивают надежность и долговечность мышки Forced. Ферритовый фильтр помех кабеля поможет предотвратить помехи от других электронных устройств. С диапазоном разрешения мыши от 800 до 3200 dpi и 4 режимами разрешения, вы получите высочайшую точность и реакцию. Нажатие кнопки переключения dpi позволяет быстро выбирать уровень скорости курсора, не отвлекаясь от игры. С мышкой Forced вы получаете коврик в комплекте. Кроме того, вы получите бонус от игры War Thunder и программное обеспечение Defender Game Center, которое позволит вам настроить мышь и создать макросы. Переливающаяся подсветка также позволяет настраивать внешний вид. Так же наша мышь имеет прочное и приятное на ощупь прорезиненное покрытие. Совместимость Пк на Windows 2000/XP/Vista/7/8/10/11 гарантирует, что вы сможете использовать эту мышь на протяжении многих лет. Мыши с датой производства после 11/2019 имеют обновленный дизайн. Не упустите эту возможность увеличить свой шанс на победу, приобретите игровую мышь Forced уже сейчас и присоединяйтесь к армии победителей!",Здравствуйте! 1.5 м,1
5686653,при шутере не срывает мышь? скажите пожалуйста,"{'Страна производства': 'Китай', 'Номер декларации соответствия': 'ЕАЭС N RU Д-CN.РА07.В.47281/22', 'Гарантийный срок': '12 месяцев', 'Дата регистрации сертификата/декларации': '19.10.2022', 'Ширина упаковки': '24 см', 'Доп. опции мыши': 'Редактор макросов', 'Высота упаковки': '21 см', 'Количество кнопок мыши': '6 шт.', 'Длина упаковки': '5 см', 'Тип мыши': 'оптическая', 'Тип подключения мыши': 'проводное', 'Высота мыши': '35 мм', 'Длина кабеля': '150 см', 'Цвет': 'черный', 'Модель': 'компьютерная игровая Forced', 'Разрешение сенсора мыши': '3200', 'Игровая модель': 'да', 'Длина мыши': '50 мм', 'Хват мыши': 'универсальный', 'Комплектация': 'Упаковка - 1 шт', 'Ширина мыши': '110 мм', 'Интерфейс подключения': 'USB', 'Вес товара с упаковкой (г)': '220 г', 'Дата окончания действия сертификата/декларации': '18.10.2027'}  Мышка игровая проводная Forced 3200 dpi + коврик. Стремитесь к победе в любой игре? Тогда вам точно понадобится игровая мышка проводная Forced! Эта мышь - ваш лучший друг в виртуальном мире. Она оснащена превосходной оптикой, которая позволяет точно и быстро перемещаться по экрану. Эргономичный дизайн обеспечивает комфортное использование в течение долгих часов. С удобной мышкой Forced вы можете быть уверены, что у вас есть все необходимые инструменты для победы. Она имеет 6 кнопок, 5 из которых можно программировать для лучшего игрового опыта. Высокопрочный долговечный кабель и позолоченный USB-коннектор обеспечивают надежность и долговечность мышки Forced. Ферритовый фильтр помех кабеля поможет предотвратить помехи от других электронных устройств. С диапазоном разрешения мыши от 800 до 3200 dpi и 4 режимами разрешения, вы получите высочайшую точность и реакцию. Нажатие кнопки переключения dpi позволяет быстро выбирать уровень скорости курсора, не отвлекаясь от игры. С мышкой Forced вы получаете коврик в комплекте. Кроме того, вы получите бонус от игры War Thunder и программное обеспечение Defender Game Center, которое позволит вам настроить мышь и создать макросы. Переливающаяся подсветка также позволяет настраивать внешний вид. Так же наша мышь имеет прочное и приятное на ощупь прорезиненное покрытие. Совместимость Пк на Windows 2000/XP/Vista/7/8/10/11 гарантирует, что вы сможете использовать эту мышь на протяжении многих лет. Мыши с датой производства после 11/2019 имеют обновленный дизайн. Не упустите эту возможность увеличить свой шанс на победу, приобретите игровую мышь Forced уже сейчас и присоединяйтесь к армии победителей!",Здравствуйте! Нет.,0
5427116,"Здравствуйте, подскажите цена за два амортизатора?","{'Страна производства': 'Россия', 'Марка автомобиля': 'Mazda', 'Высота упаковки': '58 см', 'Ширина упаковки': '6 см', 'Вес с упаковкой (кг)': '1 кг', 'Артикул производителя': 'UMACX5021', 'Комплектация': 'упоры', 'Длина упаковки': '7 см', 'Модель': 'CX-5'}  Упоры капота Mazda CX-5 (Мазда СХ-5) I, II 2011-2017 2017-. Газовые упоры АвтоУПОР позволяют легко открыть капот одним движением руки и автоматически зафиксировать его в верхнем положении. Основные преимущества упоров АвтоУПОР: Свободные руки - автоматический подъем и фиксация капота благодаря 2-м газовым упорам. Чистая одежда - вы никогда больше не запачкаете одежду при открытии. Легкая и быстрая установка - установка без сверления и спец. инструментов за 15 минут. Штатный угол открытия капота - благодаря индивидуальной разработке для каждого автомобиля. Надежная и долговечная работа - более 15 000 циклов при температуре от +80 до -30 градусов. В комплекте набор крепежа и инструкция по установке.","Добрый день. Стоимость указана за полную комплектацию (2 амортизатора, крепеж для установки, инструкция).",1
5640125,"Здравствуйте!14.05 пришлось отказать от платья, так как платье пришло снизу грязное, такое ощущение, что им полы мыли. Так еще и цена сказала на 1500 меньше, чем в момент заказа. Когда мне вернут денежные средства? Просьба, проследить за состоянием платьев, которые вы высылаете покупателям.","{'Высота упаковки': '3 см', 'Рост модели на фото': '170 см', 'Рисунок': 'цветы и растения', 'Параметры модели на фото (ОГ-ОТ-ОБ)': '85-62-92', 'Особенности модели': 'push-up', 'ТНВЭД': '6204430000', 'Назначение': 'офис', 'Длина упаковки': '45 см', 'Тип карманов': 'без карманов', 'Покрой': 'приталенный', 'Фактура материала': 'сетчатый', 'Ширина упаковки': '35 см', 'Тип ростовки': 'для высоких', 'Тип рукава': 'без рукавов', 'Пол': 'Женский', 'Вырез горловины': 'округлый', 'Комплектация': 'Платье - 1 шт', 'Вид застежки': 'молния', 'Цвет': 'бежевый', 'Длина юбки/платья': 'Миди', 'Состав': 'полиэстер 100%', 'Уход за вещами': 'бережная стирка при 30 градусах', 'Размер на модели': '42', 'Модель платья': 'без классификации', 'Коллекция': 'Базовая коллекция', 'Декоративные элементы': 'декоративная сетка', 'Страна производства': 'Беларусь', 'Назначение платья': 'для подружек невесты', 'Материал подкладки': 'полиэстер'} {'Российский размер 42': 'Обхват бедер, в см 90-94, Обхват груди, в см 82-86, Обхват талии, в см 62-66', 'Российский размер 40': 'Обхват бедер, в см 90-90, Обхват груди, в см 80-80, Обхват талии, в см 64-64', 'Российский размер 44': 'Обхват бедер, в см 94-98, Обхват груди, в см 86-90, Обхват талии, в см 66-70', 'Российский размер 46': 'Обхват бедер, в см 98-102, Обхват груди, в см 90-94, Обхват талии, в см 70-74', 'Российский размер 48': 'Обхват бедер, в см 102-106, Обхват груди, в см 94-98, Обхват талии, в см 74-78'} Платье женское нарядное вечернее на выпускной. Потрясающее коктейльное корсетное выпускное платье А-силуэта с многослойной фатиновой юбкой. Верхний слой этого нежного и романтичного платья - сетка с принтом ""Цветущая сакура"". Лиф платья -с чашками.Слова: женское вечернее девочки размер летнее больших новогоднее теплое нарядное новый праздничное женщин белое длинное свадебное черное выпускной короткое трикотажное домашнее рукавом вязаное джинсовое пышное красное школьное шифоновое спортивное офисное миди девушек комбинация полных разрезом горошек паетками стиле вырезом стиляги открытыми повседневное бохо запах макси плечами синее весна бальное мини футляр воротником оверсайз кружевное большого мамы коктейльное горох свободное сарафаны белые свадьбу туника винтажное королева атласное зимнее розовое весенние юбкой корсетом легкое красивые облегающее шелковое цветочным принтом ретро подростков дочка гэтсби поясом белорусские кроя сетка груди обтягивающее приталенное корсетное классическое прямое силуэт.","Здравствуйте. Все товары нашего бренда отгружаются на склад новыми в брендированном пакете, в полном комплекте с бирками, платья на вешалке. В данной ситуации, видимо, имели место неаккуратная примерка предыдущим покупателем и возврат товара в таком виде. Мы не владеем информацией о возвратах средств: все перечисления денег за покупки осуществляются в адрес интернет-магазина, возврат средств осуществляется также по правилам интернет-магазина. У поставщика нет возможности влиять на скорость возврата средств. В кабинете поставщика нет функционала управления возвратами денег покупателям. Техподдержка не консультирует нас по вопросам, связанным с покупками розничными покупателями. Если техподдержка не помогает - рекомендуем писать повторно и вместе с этим обратиться к менеджеру пункта выдачи за помощью. С уважением, команда emse!",0
5640125,Здоавствуйте!Я с утра задала вопрос и ответ на него не получила.Вы выборочно отвечаете на вопросы?,"{'Высота упаковки': '3 см', 'Рост модели на фото': '170 см', 'Рисунок': 'цветы и растения', 'Параметры модели на фото (ОГ-ОТ-ОБ)': '85-62-92', 'Особенности модели': 'push-up', 'ТНВЭД': '6204430000', 'Назначение': 'офис', 'Длина упаковки': '45 см', 'Тип карманов': 'без карманов', 'Покрой': 'приталенный', 'Фактура материала': 'сетчатый', 'Ширина упаковки': '35 см', 'Тип ростовки': 'для высоких', 'Тип рукава': 'без рукавов', 'Пол': 'Женский', 'Вырез горловины': 'округлый', 'Комплектация': 'Платье - 1 шт', 'Вид застежки': 'молния', 'Цвет': 'бежевый', 'Длина юбки/платья': 'Миди', 'Состав': 'полиэстер 100%', 'Уход за вещами': 'бережная стирка при 30 градусах', 'Размер на модели': '42', 'Модель платья': 'без классификации', 'Коллекция': 'Базовая коллекция', 'Декоративные элементы': 'декоративная сетка', 'Страна производства': 'Беларусь', 'Назначение платья': 'для подружек невесты', 'Материал подкладки': 'полиэстер'} {'Российский размер 42': 'Обхват бедер, в см 90-94, Обхват груди, в см 82-86, Обхват талии, в см 62-66', 'Российский размер 40': 'Обхват бедер, в см 90-90, Обхват груди, в см 80-80, Обхват талии, в см 64-64', 'Российский размер 44': 'Обхват бедер, в см 94-98, Обхват груди, в см 86-90, Обхват талии, в см 66-70', 'Российский размер 46': 'Обхват бедер, в см 98-102, Обхват груди, в см 90-94, Обхват талии, в см 70-74', 'Российский размер 48': 'Обхват бедер, в см 102-106, Обхват груди, в см 94-98, Обхват талии, в см 74-78'} Платье женское нарядное вечернее на выпускной. Потрясающее коктейльное корсетное выпускное платье А-силуэта с многослойной фатиновой юбкой. Верхний слой этого нежного и романтичного платья - сетка с принтом ""Цветущая сакура"". Лиф платья -с чашками.Слова: женское вечернее девочки размер летнее больших новогоднее теплое нарядное новый праздничное женщин белое длинное свадебное черное выпускной короткое трикотажное домашнее рукавом вязаное джинсовое пышное красное школьное шифоновое спортивное офисное миди девушек комбинация полных разрезом горошек паетками стиле вырезом стиляги открытыми повседневное бохо запах макси плечами синее весна бальное мини футляр воротником оверсайз кружевное большого мамы коктейльное горох свободное сарафаны белые свадьбу туника винтажное королева атласное зимнее розовое весенние юбкой корсетом легкое красивые облегающее шелковое цветочным принтом ретро подростков дочка гэтсби поясом белорусские кроя сетка груди обтягивающее приталенное корсетное классическое прямое силуэт.","Добрый день. Все вопросы, комментарии и заявки обрабатываются в порядке очереди.",0
5640125,"я отправила вам заявку, одобрите ее и верните деньги за грязный товар","{'Высота упаковки': '3 см', 'Рост модели на фото': '170 см', 'Рисунок': 'цветы и растения', 'Параметры модели на фото (ОГ-ОТ-ОБ)': '85-62-92', 'Особенности модели': 'push-up', 'ТНВЭД': '6204430000', 'Назначение': 'офис', 'Длина упаковки': '45 см', 'Тип карманов': 'без карманов', 'Покрой': 'приталенный', 'Фактура материала': 'сетчатый', 'Ширина упаковки': '35 см', 'Тип ростовки': 'для высоких', 'Тип рукава': 'без рукавов', 'Пол': 'Женский', 'Вырез горловины': 'округлый', 'Комплектация': 'Платье - 1 шт', 'Вид застежки': 'молния', 'Цвет': 'бежевый', 'Длина юбки/платья': 'Миди', 'Состав': 'полиэстер 100%', 'Уход за вещами': 'бережная стирка при 30 градусах', 'Размер на модели': '42', 'Модель платья': 'без классификации', 'Коллекция': 'Базовая коллекция', 'Декоративные элементы': 'декоративная сетка', 'Страна производства': 'Беларусь', 'Назначение платья': 'для подружек невесты', 'Материал подкладки': 'полиэстер'} {'Российский размер 42': 'Обхват бедер, в см 90-94, Обхват груди, в см 82-86, Обхват талии, в см 62-66', 'Российский размер 40': 'Обхват бедер, в см 90-90, Обхват груди, в см 80-80, Обхват талии, в см 64-64', 'Российский размер 44': 'Обхват бедер, в см 94-98, Обхват груди, в см 86-90, Обхват талии, в см 66-70', 'Российский размер 46': 'Обхват бедер, в см 98-102, Обхват груди, в см 90-94, Обхват талии, в см 70-74', 'Российский размер 48': 'Обхват бедер, в см 102-106, Обхват груди, в см 94-98, Обхват талии, в см 74-78'} Платье женское нарядное вечернее на выпускной. Потрясающее коктейльное корсетное выпускное платье А-силуэта с многослойной фатиновой юбкой. Верхний слой этого нежного и романтичного платья - сетка с принтом ""Цветущая сакура"". Лиф платья -с чашками.Слова: женское вечернее девочки размер летнее больших новогоднее теплое нарядное новый праздничное женщин белое длинное свадебное черное выпускной короткое трикотажное домашнее рукавом вязаное джинсовое пышное красное школьное шифоновое спортивное офисное миди девушек комбинация полных разрезом горошек паетками стиле вырезом стиляги открытыми повседневное бохо запах макси плечами синее весна бальное мини футляр воротником оверсайз кружевное большого мамы коктейльное горох свободное сарафаны белые свадьбу туника винтажное королева атласное зимнее розовое весенние юбкой корсетом легкое красивые облегающее шелковое цветочным принтом ретро подростков дочка гэтсби поясом белорусские кроя сетка груди обтягивающее приталенное корсетное классическое прямое силуэт.",Добрый день. Заявки обрабатываются в порядке очереди.,0
5640125,"Помогите пожалуйста! Талия 65, а грудь 100. Какой размер заказать?. Чтобы и в талии не болталось и грудь поместилась 🙏","{'Высота упаковки': '3 см', 'Рост модели на фото': '170 см', 'Рисунок': 'цветы и растения', 'Параметры модели на фото (ОГ-ОТ-ОБ)': '85-62-92', 'Особенности модели': 'push-up', 'ТНВЭД': '6204430000', 'Назначение': 'офис', 'Длина упаковки': '45 см', 'Тип карманов': 'без карманов', 'Покрой': 'приталенный', 'Фактура материала': 'сетчатый', 'Ширина упаковки': '35 см', 'Тип ростовки': 'для высоких', 'Тип рукава': 'без рукавов', 'Пол': 'Женский', 'Вырез горловины': 'округлый', 'Комплектация': 'Платье - 1 шт', 'Вид застежки': 'молния', 'Цвет': 'бежевый', 'Длина юбки/платья': 'Миди', 'Состав': 'полиэстер 100%', 'Уход за вещами': 'бережная стирка при 30 градусах', 'Размер на модели': '42', 'Модель платья': 'без классификации', 'Коллекция': 'Базовая коллекция', 'Декоративные элементы': 'декоративная сетка', 'Страна производства': 'Беларусь', 'Назначение платья': 'для подружек невесты', 'Материал подкладки': 'полиэстер'} {'Российский размер 42': 'Обхват бедер, в см 90-94, Обхват груди, в см 82-86, Обхват талии, в см 62-66', 'Российский размер 40': 'Обхват бедер, в см 90-90, Обхват груди, в см 80-80, Обхват талии, в см 64-64', 'Российский размер 44': 'Обхват бедер, в см 94-98, Обхват груди, в см 86-90, Обхват талии, в см 66-70', 'Российский размер 46': 'Обхват бедер, в см 98-102, Обхват груди, в см 90-94, Обхват талии, в см 70-74', 'Российский размер 48': 'Обхват бедер, в см 102-106, Обхват груди, в см 94-98, Обхват талии, в см 74-78'} Платье женское нарядное вечернее на выпускной. Потрясающее коктейльное корсетное выпускное платье А-силуэта с многослойной фатиновой юбкой. Верхний слой этого нежного и романтичного платья - сетка с принтом ""Цветущая сакура"". Лиф платья -с чашками.Слова: женское вечернее девочки размер летнее больших новогоднее теплое нарядное новый праздничное женщин белое длинное свадебное черное выпускной короткое трикотажное домашнее рукавом вязаное джинсовое пышное красное школьное шифоновое спортивное офисное миди девушек комбинация полных разрезом горошек паетками стиле вырезом стиляги открытыми повседневное бохо запах макси плечами синее весна бальное мини футляр воротником оверсайз кружевное большого мамы коктейльное горох свободное сарафаны белые свадьбу туника винтажное королева атласное зимнее розовое весенние юбкой корсетом легкое красивые облегающее шелковое цветочным принтом ретро подростков дочка гэтсби поясом белорусские кроя сетка груди обтягивающее приталенное корсетное классическое прямое силуэт.","Добрый день. По обхвату груди, вам подойдёт 48-50 размер. По обхвату талии 42-44. Рекомендуем взять несколько размеров для примерки. Мы не взымаем денежные средства за возврат товара.",1
5640125,"Добрый день! Скажите, пожалуйста, когда будет в наличии 40 размер платья 5640125 ?","{'Высота упаковки': '3 см', 'Рост модели на фото': '170 см', 'Рисунок': 'цветы и растения', 'Параметры модели на фото (ОГ-ОТ-ОБ)': '85-62-92', 'Особенности модели': 'push-up', 'ТНВЭД': '6204430000', 'Назначение': 'офис', 'Длина упаковки': '45 см', 'Тип карманов': 'без карманов', 'Покрой': 'приталенный', 'Фактура материала': 'сетчатый', 'Ширина упаковки': '35 см', 'Тип ростовки': 'для высоких', 'Тип рукава': 'без рукавов', 'Пол': 'Женский', 'Вырез горловины': 'округлый', 'Комплектация': 'Платье - 1 шт', 'Вид застежки': 'молния', 'Цвет': 'бежевый', 'Длина юбки/платья': 'Миди', 'Состав': 'полиэстер 100%', 'Уход за вещами': 'бережная стирка при 30 градусах', 'Размер на модели': '42', 'Модель платья': 'без классификации', 'Коллекция': 'Базовая коллекция', 'Декоративные элементы': 'декоративная сетка', 'Страна производства': 'Беларусь', 'Назначение платья': 'для подружек невесты', 'Материал подкладки': 'полиэстер'} {'Российский размер 42': 'Обхват бедер, в см 90-94, Обхват груди, в см 82-86, Обхват талии, в см 62-66', 'Российский размер 40': 'Обхват бедер, в см 90-90, Обхват груди, в см 80-80, Обхват талии, в см 64-64', 'Российский размер 44': 'Обхват бедер, в см 94-98, Обхват груди, в см 86-90, Обхват талии, в см 66-70', 'Российский размер 46': 'Обхват бедер, в см 98-102, Обхват груди, в см 90-94, Обхват талии, в см 70-74', 'Российский размер 48': 'Обхват бедер, в см 102-106, Обхват груди, в см 94-98, Обхват талии, в см 74-78'} Платье женское нарядное вечернее на выпускной. Потрясающее коктейльное корсетное выпускное платье А-силуэта с многослойной фатиновой юбкой. Верхний слой этого нежного и романтичного платья - сетка с принтом ""Цветущая сакура"". Лиф платья -с чашками.Слова: женское вечернее девочки размер летнее больших новогоднее теплое нарядное новый праздничное женщин белое длинное свадебное черное выпускной короткое трикотажное домашнее рукавом вязаное джинсовое пышное красное школьное шифоновое спортивное офисное миди девушек комбинация полных разрезом горошек паетками стиле вырезом стиляги открытыми повседневное бохо запах макси плечами синее весна бальное мини футляр воротником оверсайз кружевное большого мамы коктейльное горох свободное сарафаны белые свадьбу туника винтажное королева атласное зимнее розовое весенние юбкой корсетом легкое красивые облегающее шелковое цветочным принтом ретро подростков дочка гэтсби поясом белорусские кроя сетка груди обтягивающее приталенное корсетное классическое прямое силуэт.","Здравствуйте. Благодарим за интерес к нашей продукции. В ближайшее время поставка не планируется. Вы можете поставить нужную позицию в Лист ожидания. Когда товар появится на складе, вам придет уведомление. Рекомендую посмотреть другие товары в каталоге emse.",0
3518600,"Здравствуйте. Ребенок упал, на носу была ссадина. Уже зажило всё, корочка отпала, но красный след ещё есть. Поможет ли данный крем убрать этот след?","{'Вес товара с упаковкой (г)': '25 г', 'Высота упаковки': '12 см', 'Дата окончания действия сертификата/декларации': '31.12.2099', 'Раздел меню': 'аптечная косметика', 'Тип волос': 'не для волос', 'Прямые поставки от производителя': 'да', 'Объем товара': '15 мл', 'Состав': 'пантенол', 'Назначение косметического средства': 'для лица', 'Действие': 'успокаивающее', 'Срок годности': '36 месяцев', 'Номер сертификата соответствия': 'RU.50.99.05.001.E.000147.09.13', 'Длина упаковки': '3 см', 'Дата регистрации сертификата/декларации': '11.09.2013', 'Форма упаковки': 'без давления', 'Тип кожи': 'для чувствительной кожи', 'Ширина упаковки': '2 см', 'Комплектация': 'крем', 'Страна производства': 'Франция', 'Упаковка': 'туба'}  Cicaplast B5+ Бальзам с пантенолом для лица и тела, 15 мл. Новый восстанавливающий бальзам Cicaplast Baume B5+ обладает успокаивающими, ранозаживляющими и антибактериальными свойствами. Восстановление кожи быстрее и лучше с первого дня.* АКТИВНЫЕ ИНГРЕДИЕНТЫ: Трибиома – уникальный комплекс пребиотиков, который регулирует микробиом кожи. Пантенол (провитамин B5) успокаивает, оказывает противовоспалительное и восстанавливающее действие. Комплекс «Марганец + Цинк» – антибактериальный компонент. Мадекассосид – растительный экстракт, способствующий регенерации, активизирует защиту основных волокон дермы. Масло карите (ши) способствует восстановлению защитной мантии, обеспечивает интенсивный увлажняющий и питательный эффект. СПОСОБПРИМЕНЕНИЯ: Наносите дважды в день на чистую сухую кожу тела, лица и губ. ЭФФЕКТИВНОСТЬ: Cicaplast Baume B5+ улучшает процесс восстановления кожи и обладает заживляющими свойствами. Оказывает противовоспалительный и антибактериальный эффект, устраняет жжение, успокаивает сухие и раздраженные участки. Насыщенная, питательная текстура обеспечивает защиту поврежденной кожи от проникновения бактерий. Предназначен для чувствительной, склонной к раздражению кожи младенцев, детей и взрослых. Протестирован на 14 состояниях кожи: после лазерных и дерматологических процедур, пилинга, эпиляции, при раздражении и покраснении у детей и взрослых, чрезмерной сухости кожи, а также после радио- и химиотерапии. Может наноситься на кожу при трещинах, ссадинах, шелушении, потрескавшихся губах, солнечных ожогах и ожогах легкой степени. Без ланолина, парабенов и парфюмерных отдушек. Гипоаллергенно. Может использоваться в качестве подарка девушке, парню, брату, подруге, другу, жене, мужу, Новый год или день рождения. *Восстановление кожного барьера, инструментальный тест, 26 участников. Вы также можете найти данное средство по запросам: эмолент от атопического дерматита; крем для малыша, ребенка; для атопиков; средств для заживления ран, тату; крем от шрамов и рубцов на лице и теле; крем после пилинга.","Здравствуйте! CICAPLAST B5 успокаивающий мультивосстанавливающий бальзам разработан для заживления поврежденной кожи. Рекомендуется для восстановления кожи после эстетических процедур, ссадинах и царапинах, сухости и шелушении, покраснениях и ожогах.",1
3164726,"у вас были эти костюмы по 1350. заказала тогда. увы не подошёл размер. сейчас есть нужный размер. а цена выше. хочется курить по той, что была","{'Размер на модели': '104', 'Коллекция': 'зима 2022-2023', 'Высота упаковки': '5 см', 'Пол': 'Девочки', 'Характеристика пух/перо (fill power)': '290 куб. дюйм на унцию', 'Ширина упаковки': '30 см', 'Модель брюк костюма': 'прямые', 'Любимые герои': 'Зебра', 'Вид застежки': 'молния', 'Дата регистрации сертификата/декларации': '29.09.2021', 'Утеплитель': 'изософт', 'Параметры модели на фото (ОГ-ОТ-ОБ)': '37-34-38', 'Особенности модели': 'влагонепроницаемость', 'Декоративные элементы': 'мех натуральный', 'Температурный режим': 'от0 до -30 град', 'Тип карманов': 'прорезные', 'Дата окончания действия сертификата/декларации': '28.09.2026', 'Покрой': 'прямой', 'Рост модели на фото': '104 см', 'Модель костюма': 'куртка полукомбинезон', 'Номер декларации соответствия': 'ЕАЭС N RU Д-RU.РА01.В.23281/21', 'Сезон': 'зима', 'Цвет': 'белый', 'Фактура материала': 'гладкий', 'Комплектация': 'куртка', 'Рисунок': 'леопардовый', 'Состав': 'полиэстер 100%', 'ТНВЭД': '6104220000', 'Тип ростовки': 'для среднего роста', 'Плотность синтетического утеплителя': '280 г/кв.м', 'Длина упаковки': '30 см', 'Назначение': 'повседневная', 'Страна производства': 'Россия', 'Уход за вещами': 'бережная стирка при 30 градусах'} {'Российский размер 140-146': 'Рост, см 140-146', 'Российский размер 86-92': 'Рост, см 86-92', 'Российский размер 92-98': 'Рост, см 92-98', 'Российский размер 98-104': 'Рост, см 98-104', 'Российский размер 122-128': 'Рост, см 122-128', 'Российский размер 104-110': 'Рост, см 104-110', 'Российский размер 116-122': 'Рост, см 116-122', 'Российский размер 134-140': 'Рост, см 134-140', 'Российский размер 110-116': 'Рост, см 110-116', 'Российский размер 128-134': 'Рост, см 128-134'} Куртка, полукомбинезон. Костюм для девочки торговой марки TOPKLAER. Самая идеальная вещь на зимний сезон. Непромокаемая, пропитанная ткань надежно защищает от ветра и осадков. Водоотталкивающая пропитка по всему изделию. Курточка внутри хлопковый подклад, в рукавах плотные трикотажные манжеты , полукомбинезон с высокой грудкой на молнии, широкие брители, на штанинах тормозная резинка, натягивается на ботинки. На капюшоне натуральный мех отстегивается, капюшон тоже отстегивается. Отлично подходит для активного отдыха . Он очень теплый, дает ощущение комфорта даже при -30 град. Утеплитель эко пух производство Корея – идеально для настоящей русской зимы. Ухаживать легко и сохнет быстро. Стирать в машине при температуре не более 40 град. Отличная покупка для девочки и мамы!","Курить не надо точно! Прежней цены уже не будет, данный товар уже в остатках и цена перед сезоном будет расти.",0
6781367,"Здравствуйте, цена вернется? Только хотела заказать, а он подорожал в 2 раза","{'Глубина предмета': '1.57 см', 'Повод': 'день рождения', 'Длина упаковки': '2 см', 'Назначение подарка': 'для ребенка', 'Высота упаковки': '24 см', 'Возрастные ограничения': '6+', 'Ширина предмета': '16.9 см', 'Ширина упаковки': '17 см', 'Количество страниц': '176 страниц', 'Вес товара без упаковки (г)': '479 г', 'Высота предмета': '23.2 см', 'Комплектация': 'скетчбук-1шт.', 'Обложка': 'твердая'}  Скетчбук по food-иллюстрации. Что у нас сегодня на десерт — клубничный чизкейк или ванильный пончик? Что вам больше по вкусу… не только чтобы съесть, но чтобы зарисовать? Этот скетчбук — пошаговый план для любителей food-иллюстрации, как новичков, так и продвинутых художников, которым нужно больше новых идей. С ним вы научитесь делать живописные зарисовки в путешествиях и с пользой проводить свободное время. Размер скетчбука весьма удобен, чтобы брать с собой. Вы обязательно оцените степень комфортности в процессе рисования. Итак, вы готовы начать рисовать так, чтобы у всех «слюнки потекли»? Фишки - стильный дизайн обложки и модная тема. Нас ищут: скетчбук а4, а5, а6, для девочек, блокнот для рисования, юный художник набор, краски акриловые, для рисования, краски акварельные, гуашь, мольберт, sketchbook, маркеры для скетчинга, фломастеры для скетчинга, набор маркеров.",Добрый день! Всю информацию о ценах и скидках вы можете узнать на страницах сайта.,0
204561268,место встречи изменить нельзя-это всё  таки Эра милосердия  братьев Вайнеров?или типа сценарий  фильма?,"{'Страна производства': 'Россия', 'ISBN': '978-5-389-24703-1', 'Жанры/тематика': 'Проза для взрослых', 'Номер сертификата соответствия': 'ОТКАЗНОЕ ПИСЬМО', 'Обложка': 'твердая', 'Длина упаковки': '3 см', 'Дата регистрации сертификата/декларации': '23.03.2023', 'Серия': 'Мировая классика', 'Глубина предмета': '2.5 см', 'Год выпуска': '2024', 'Комплектация': 'книга', 'Высота предмета': '20.6 см', 'Наименование книги': 'Место встречи изменить нельзя', 'Номер декларации соответствия': 'ОТКАЗНОЕ ПИСЬМО', 'Ставка НДС': '10', 'Автор': 'Аркадий Вайнер', 'Вес товара с упаковкой (г)': '385 г', 'Возрастные ограничения': '16+', 'Ширина предмета': '13.5 см', 'Высота упаковки': '21 см', 'Вид бумаги': 'газетная', 'Ширина упаковки': '14 см', 'Количество страниц': '512 шт.', 'Языки': 'русский'}  Место встречи изменить нельзя. Книга ""Место встречи изменить нельзя"". Бестселлер классиков российской литературы — детектив братьев Вайнеров об оперативных сотрудниках Московского уголовного розыска (МУРа) и их борьбе с преступниками — в особом представлении не нуждается. Эта легендарная книга (1975) стала событием в литературной жизни страны, покорив миллионы читателей, а снятый по ней телефильм (1979) обрел всенародную любовь многих поколений зрителей. Успех был обеспечен не только прекрасным актерским составом и талантливой режиссурой, но и великолепной литературной основой. Динамичный сюжет, правдиво переданная атмосфера послевоенной Москвы иколоритные персонажи, реплики которых пополнили словари крылатых выражений... Как говорил о романе Владимир Высоцкий, незабываемо воплотивший на экране образ капитана Жеглова, это не просто детектив, а настоящая литература со своей драматургией: «Там две психологии сталкиваются — любопытно, и оторваться нельзя». Тема этического противостояния Жеглова и Шарапова, таких непохожих друг на друга напарников-соперников, актуальна и сегодня. А вечная мечта человечества — Эра Милосердия, которой посвящен роман, по-прежнему волнует читателей во всем мире.","Добрый день!
Это оригинальный роман ""Эра милосердия"".",1
204561268,"эра милосердия- так называется эта книга,в авторстве братьев Вайнеров,а это что?","{'Страна производства': 'Россия', 'ISBN': '978-5-389-24703-1', 'Жанры/тематика': 'Проза для взрослых', 'Номер сертификата соответствия': 'ОТКАЗНОЕ ПИСЬМО', 'Обложка': 'твердая', 'Длина упаковки': '3 см', 'Дата регистрации сертификата/декларации': '23.03.2023', 'Серия': 'Мировая классика', 'Глубина предмета': '2.5 см', 'Год выпуска': '2024', 'Комплектация': 'книга', 'Высота предмета': '20.6 см', 'Наименование книги': 'Место встречи изменить нельзя', 'Номер декларации соответствия': 'ОТКАЗНОЕ ПИСЬМО', 'Ставка НДС': '10', 'Автор': 'Аркадий Вайнер', 'Вес товара с упаковкой (г)': '385 г', 'Возрастные ограничения': '16+', 'Ширина предмета': '13.5 см', 'Высота упаковки': '21 см', 'Вид бумаги': 'газетная', 'Ширина упаковки': '14 см', 'Количество страниц': '512 шт.', 'Языки': 'русский'}  Место встречи изменить нельзя. Книга ""Место встречи изменить нельзя"". Бестселлер классиков российской литературы — детектив братьев Вайнеров об оперативных сотрудниках Московского уголовного розыска (МУРа) и их борьбе с преступниками — в особом представлении не нуждается. Эта легендарная книга (1975) стала событием в литературной жизни страны, покорив миллионы читателей, а снятый по ней телефильм (1979) обрел всенародную любовь многих поколений зрителей. Успех был обеспечен не только прекрасным актерским составом и талантливой режиссурой, но и великолепной литературной основой. Динамичный сюжет, правдиво переданная атмосфера послевоенной Москвы иколоритные персонажи, реплики которых пополнили словари крылатых выражений... Как говорил о романе Владимир Высоцкий, незабываемо воплотивший на экране образ капитана Жеглова, это не просто детектив, а настоящая литература со своей драматургией: «Там две психологии сталкиваются — любопытно, и оторваться нельзя». Тема этического противостояния Жеглова и Шарапова, таких непохожих друг на друга напарников-соперников, актуальна и сегодня. А вечная мечта человечества — Эра Милосердия, которой посвящен роман, по-прежнему волнует читателей во всем мире.",Добрый день! Это оригинальный роман "Эра милосердия" под альтернативным названием.,1
2472914,"добрый день, не подскажете сколько страниц у книги?","{'Страна производства': 'Россия', 'Комплектация': 'книга', 'Год выпуска': '2023', 'Длина упаковки': '3 см', 'Автор': 'Анри Шарьер', 'Обложка': 'мягкая', 'Высота упаковки': '18 см', 'Вид бумаги': 'газетная', 'Серия': 'The Big Book (мягкая обл)', 'Высота предмета': '18 см', 'Языки': 'русский', 'ISBN': '978-5-389-10348-1', 'Переводчик': 'Стуликов Игорь Павлович', 'Глубина предмета': '2.7 см', 'Вес товара с упаковкой (г)': '310 г', 'Количество страниц': '640 шт.', 'Наименование книги': 'Мотылек', 'Ширина предмета': '11.5 см', 'Ширина упаковки': '12 см', 'Возрастные ограничения': '16+', 'Жанры/тематика': 'Проза для взрослых'}  Мотылек. Книга ""Мотылек"". Бывают книги, просто обреченные на успех. Авто биографический роман Анри Шарьера «Мотылек» стал бестселлером сразу после его опубликования в 1969 году. В первые три года после выхода в свет было напечатано около 10 миллионов экземпляров этой книги. Кинематографисты были готовы драться за право экранизации. Автор этого повествования Анри Шарьер по прозвищу Мотылек (Папийон) в двадцать пять лет был обвинен в убийстве и приговорен к пожизненному заключению. Но тут-то и началась самая фантастическая из его авантюр. На каторге во Французской Гвиане он прошел через не вероятные испытания, не раз оказываясь на волоске от гибели. Инстинкт выживания и неукротимое стремление к свободе помогли ему в конце концов оказаться на воле.","Добрый день!
Количество страниц 640 шт.",1
5692412,"Добрый день,какое влияние отпугиватель оказывает на собак,если она будет бегать по участку,где установлен отпугиватель?","{'Ширина предмета': '6 см', 'Высота предмета': '25.5 см', 'Длина упаковки': '27 см', 'Ширина упаковки': '7 см', 'Ставка НДС': '20', 'Номер сертификата соответствия': 'ЕАЭС RU С-CN.АД07.В.03035/21', 'Высота упаковки': '7 см', 'Дата регистрации сертификата/декларации': '20.02.2021', 'Материал изделия': 'Пластик', 'Страна производства': 'Китай', 'Тип отпугивателя': 'ультразвуковой', 'Назначение отпугивателя': 'от змей', 'Вес товара без упаковки (г)': '125 г', 'Дата окончания действия сертификата/декларации': '19.02.2026', 'Комплектация': 'Ультразвуковой отпугиватель 1шт', 'Питание': 'На солнечной батарее'}  Отпугиватель кротов, мышей и змей ультразвуковой. Оптимальное средство для защиты участка – отпугиватель кротов, мышей, змей и крыс. Ультразвуковой прибор работает на солнечной батарее, что обеспечивает автономность и безотказность в любых условиях. Ловушка от насекомых подходит для сада и огорода. Зоотовары, такие как это средство, помогают защитить участок от нежелательных животных и насекомых. Прибор особенно действенен для отпугивания медведки и других грызунов. Радиус действия устройства составляет двадцать метров, что позволяет охватить значительную территорию. Устройство необходимо размещать на участке с прямым доступом солнечных лучей. Для оптимальной работы рекомендуется устанавливать его через каждые 20 метров. Отпугиватель помещается в лунку так, чтобы около 4-5 сантиметров оставалось над поверхностью земли. Питание прибора осуществляется от перезаряжаемой батареи NiMH 1.2V 80mAh, заряжающейся от солнечной батареи. Солнечная панель: 40x40 мм. Рабочая температура: от 5 до +50.","Добрый день. Изделие безопасно для людей и домашних животных, не содержит химикатов. С уважением, представители бренда.",0
12630372,"Здравствуйте, задавала вам вопрос какой р-р брать, посоветовали взять 56, я заказала два размера-54 и 56, оказалось подошёл 54)","{'Высота упаковки': '5 см', 'Особенности модели': 'жакет укороченный легкий жакет', 'Параметры модели на фото (ОГ-ОТ-ОБ)': '88-70-94', 'Ширина упаковки': '29 см', 'Состав': '50% вискоза', 'Коллекция': 'Весна-Лето 2024', 'Декоративные элементы': 'двойная строчка декоративные клапана', 'Страна производства': 'Россия', 'Тип рукава': 'короткие', 'ТНВЭД': '6204399000', 'Рост модели на фото': '174 см', 'Тип ростовки': 'для высоких', 'Длина изделия по спинке': '43 см', 'Размер на модели': '44', 'Тип карманов': 'без карманов', 'Вид застежки': 'пуговицы', 'Цвет': 'белый', 'Ставка НДС': 'Без НДС', 'Уход за вещами': 'стирка при t не более 30С', 'Длина упаковки': '30 см', 'Материал подкладки': 'без подкладки', 'Пол': 'Женский', 'Покрой': 'приталенный', 'Рисунок': 'без рисунка однотон', 'Комплектация': 'жакет', 'Назначение': 'пляж', 'Сезон': 'лето', 'Любимые герои': 'прямой жакет летний жакет джинсовка базовая модель'} {'Российский размер 46': 'Обхват бедер, в см 98-102, Обхват груди, в см 90-94, Обхват талии, в см 70-74', 'Российский размер 54': 'Обхват бедер, в см 114-118, Обхват груди, в см 106-110, Обхват талии, в см 86-90', 'Российский размер 44': 'Обхват бедер, в см 94-98, Обхват груди, в см 86-90, Обхват талии, в см 66-70', 'Российский размер 48': 'Обхват бедер, в см 102-106, Обхват груди, в см 94-98, Обхват талии, в см 74-78', 'Российский размер 50': 'Обхват бедер, в см 106-110, Обхват груди, в см 98-102, Обхват талии, в см 78-82', 'Российский размер 52': 'Обхват бедер, в см 110-114, Обхват груди, в см 102-106, Обхват талии, в см 82-86', 'Российский размер 56': 'Обхват бедер, в см 116-120, Обхват груди, в см 110-114, Обхват талии, в см 98-102'} Летний жакет прямой с коротким рукавом укороченный офис. Синий укороченный жакет до талии - идеальный выбор для создания свежего и модного образа. Минималистичный дизайн с воротником-стойкой и отсутствием карманов придает ему элегантный вид, который подчеркнет вашу индивидуальность и стиль.Прямой крой и короткие рукава обеспечивают максимальный комфорт в теплое время года, а яркий синий цвет позволит выделиться из толпы. Укороченная длина жакета визуально удлиняет ноги и выгодно подчеркивает талию, что сделает вашу фигуру более стройной и привлекательной. Жакет застегивается на пуговицы и имеет отложной воротник с округлым вырезом Головины, добавляющим элегантности и подчеркивающим стройность шеи. Кокетка и рельефы отстрочены двойной строчкой, что придает жакету более изысканный вид. Рукав втачной и короткий, что позволяет свободно двигаться и сохранять чувство свежести даже в жаркий день. Этот жакет можно носить как самостоятельную верхнюю часть комплекта, застегнув его на все пуговицы. Однако, также под него можно поддеть футболку или блузку с коротким рукавом и носить его нараспашку. Для создания гармоничного образа, рекомендуется подобрать брюки или юбки с высокой талией. К синему жакету можно сочетать не только классические туфли или лоферы, но и спортивную обувь, такую как кроссовки или кеды, чтобы добавить более неформальный и динамичный вид. Для ухода за жакетом рекомендуется стирать при температуре не более 30 градусов по Цельсию. Такой уход поможет сохранить качество и яркость цвета ткани на долгое время, чтобы вы могли продолжать наслаждаться своим стильным образом.",Добрый день! Носите с удовольствием! Все замеры н фото в каруселе.,0
3838812,Планируется ли поступление в белом цвете?,"{'ТНВЭД': '6404110000', 'Вид застежки': 'шнуровка', 'Коллекция': 'Весна-Лето 2018', 'Высота упаковки': '11 см', 'Пол': 'Женский', 'Состав': 'натуральная кожа 100%', 'Высота подошвы': '1.3 см', 'Материал подкладки обуви': 'без подкладки', 'Длина упаковки': '32 см', 'Комплектация': 'кроссовки', 'Материал стельки': 'натуральная кожа', 'Тип покрытия': 'зал', 'Полнота обуви (EUR)': 'F (6)', 'Назначение обуви': 'туризм', 'Сезон': 'круглогодичный', 'Цвет': 'черный', 'Материал подошвы обуви': 'полиуретан', 'Ширина упаковки': '25 см'} {'Российский размер 36': '(Размер производителя: 36, Длина стопы, в см: 22.5-23. )', 'Российский размер 38': '(Размер производителя: 38, Длина стопы, в см: 24-24.5. )', 'Российский размер 37': '(Размер производителя: 37, Длина стопы, в см: 23-23.5. )', 'Российский размер 39': '(Размер производителя: 39, Длина стопы, в см: 24.5-25. )', 'Российский размер 40': '(Размер производителя: 40, Длина стопы, в см: 25-25.5. )', 'Российский размер 41': '(Размер производителя: 41, Длина стопы, в см: 26-26.5. )'} Кроссовки. В модели присутствует сквозная перфорация, что позволяет стопе ""дышать"".","Добрый день!
К сожалению нет(",0
173595671,здравствуйте. подскажите  какой размер соски,"{'Особенности бутылочки для кормления': 'антиколиковая', 'Материал бутылочки для кормления': 'стекло', 'Срок годности': '60 месяцев', 'Комплектация': 'Бутылочка объемом 240 мл, Соска размер М (3+ мес), Защитная крышка-колпачок', 'Поток у соски': 'средний', 'Ширина упаковки': '7 см', 'Высота упаковки': '21 см', 'Возрастная категория': '3-12 мес', 'Размер горлышка': 'широкое', 'Количество предметов в упаковке': '1 шт.', 'Страна производства': 'Таиланд', 'Ставка НДС': '10', 'Объем бутылочки для кормления': '240 мл', 'Материал наконечника/пустышки/соски': 'силикон', 'Длина упаковки': '21 см', 'Упаковка': 'картонная коробка'}  Бутылочка для кормления 240мл Пиджен, премиальное стекло. PIGEON Бутылочка для кормления 240мл, премиальное стеклоБутылочка для кормления с новой улучшенной формой соски, приближенной к соску груди матери. Разработана специально для грудных младенцев на основе научно-практических исследований лаборатории Pigeon. Создана в поддержку грудного вскармливания. Не вызывает путаницы сосков. Уникальная конструкция соски позволяет воспроизводить естественные механизмы сосания груди матери. Прошла клинические исследования (НЦЗД РАМН, 2013г.).Соска изготовлена из ультрамягкого, эластичного и плотного силикона. Уникальная конструкция соски стимулирует естественное сосание. Матовая текстурированная поверхность способствует надежному захвату соски. Размер отверстия соски соответствует этапу развития ребенка. Запатентованная вентиляционная система способствует равномерному поступлению молока. Снижает риск возникновения колик. Не рекомендуется использовать бутылочку как заменитель груди в период налаживания кормления грудью. Бутылочка изготовлена боросиликатного премиального стекла (не содержит Бисфенол-А.). Эргономичная форма бутылочки, широкое горлышко позволяет легко промыть бутылочку.В комплекте с соской (размер М, 3-6 мес.). Запасные соски можно приобрести отдельно. Подходит к молокоотсосам Pigeon.Перед кормлением обязательно проверяйте температуру жидкости.","Здравствуйте! В наборе с бутылочками объёмом 240 мл идут соски размера M, предназначенные для детей от 3 месяцев. Диаметр основания соски составляет примерно 52 мм.",1
31066152,"Здравствуйте! А почему на одну и ту же модель, но разный цвет - разная цена? Уже перебор, в 3 раза накручивать только за цвет","{'Дата регистрации сертификата/декларации': '01.06.2022', 'Назначение белья/купальника': 'пляж', 'Пол': 'Женский', 'Комплектация': 'Плавки - 1 шт.', 'Высота упаковки': '1 см', 'Модель плавок': 'стринги', 'Длина упаковки': '17 см', 'Номер сертификата соответствия': 'ЕАЭС RU С-RU.НА80.В.01148/22', 'Отличительные особенности': 'эластичный материал', 'Страна производства': 'Россия', 'Коллекция': 'Базовая коллекция', 'Тип посадки': 'низкая', 'Спортивное назначение': 'плавание', 'Дата окончания действия сертификата/декларации': '31.05.2027', 'Рисунок': 'в ассортименте', 'Уход за вещами': 'ручная стирка при t не более 30С', 'Цвет': 'красный', 'Декоративные элементы': 'металлический логотип', 'Состав': '80% полиамид', 'Ширина упаковки': '20 см', 'Материал подкладки': 'полиэстер'} {'Российский размер 50': 'Обхват бедер, в см 104-106, Обхват талии, в см 86-90', 'Российский размер 44': 'Обхват бедер, в см 92-96, Обхват талии, в см 74-78', 'Российский размер 42': 'Обхват бедер, в см 88-92, Обхват талии, в см 70-74', 'Российский размер 46': 'Обхват бедер, в см 96-100, Обхват талии, в см 78-82', 'Российский размер 48': 'Обхват бедер, в см 100-104, Обхват талии, в см 82-86', 'Российский размер 40': 'Обхват бедер, в см 88-92, Обхват талии, в см 62-66'} Плавки. ПОЖАЛУЙСТА, ВЫБИРАЙТЕ РАЗМЕРЫ ТОЛЬКО ПО НАШЕЙ РАЗМЕРНОЙ ТАБЛИЦЕ, КОТОРАЯ НАХОДИТСЯ В ФОТОГРАФИЯХ. Плавки - стринги из высокоэластичного полотна. Модель средней посадки подойдет для бассейна и пляжного отдыха. Благодаря свойствам ткани плавки быстро сохнут и не теряют форму.Чтобы сохранить яркий цвет и первоначальный вид изделия, используйте ручную стирку при температуре не более 30 градусов. Ополаскивайте плавки от хлора сразу после посещения бассейна. Обращаем внимание, что в новых партиях плавок черного, салатового и цвета и фуксии предусмотрен металлический логотип на передней части.","Добрый день. 
Цена зависит от множества факторов, таких как цена ткани, производства, логистики, также от спроса. На некоторые цвета возможны скидки после пополнения размерного ряда. 

С уважением, Kickers.",0
31066152,"здравствуйте, могу ли я вернуть товар после покупки? естественно не использовался","{'Дата регистрации сертификата/декларации': '01.06.2022', 'Назначение белья/купальника': 'пляж', 'Пол': 'Женский', 'Комплектация': 'Плавки - 1 шт.', 'Высота упаковки': '1 см', 'Модель плавок': 'стринги', 'Длина упаковки': '17 см', 'Номер сертификата соответствия': 'ЕАЭС RU С-RU.НА80.В.01148/22', 'Отличительные особенности': 'эластичный материал', 'Страна производства': 'Россия', 'Коллекция': 'Базовая коллекция', 'Тип посадки': 'низкая', 'Спортивное назначение': 'плавание', 'Дата окончания действия сертификата/декларации': '31.05.2027', 'Рисунок': 'в ассортименте', 'Уход за вещами': 'ручная стирка при t не более 30С', 'Цвет': 'красный', 'Декоративные элементы': 'металлический логотип', 'Состав': '80% полиамид', 'Ширина упаковки': '20 см', 'Материал подкладки': 'полиэстер'} {'Российский размер 50': 'Обхват бедер, в см 104-106, Обхват талии, в см 86-90', 'Российский размер 44': 'Обхват бедер, в см 92-96, Обхват талии, в см 74-78', 'Российский размер 42': 'Обхват бедер, в см 88-92, Обхват талии, в см 70-74', 'Российский размер 46': 'Обхват бедер, в см 96-100, Обхват талии, в см 78-82', 'Российский размер 48': 'Обхват бедер, в см 100-104, Обхват талии, в см 82-86', 'Российский размер 40': 'Обхват бедер, в см 88-92, Обхват талии, в см 62-66'} Плавки. ПОЖАЛУЙСТА, ВЫБИРАЙТЕ РАЗМЕРЫ ТОЛЬКО ПО НАШЕЙ РАЗМЕРНОЙ ТАБЛИЦЕ, КОТОРАЯ НАХОДИТСЯ В ФОТОГРАФИЯХ. Плавки - стринги из высокоэластичного полотна. Модель средней посадки подойдет для бассейна и пляжного отдыха. Благодаря свойствам ткани плавки быстро сохнут и не теряют форму.Чтобы сохранить яркий цвет и первоначальный вид изделия, используйте ручную стирку при температуре не более 30 градусов. Ополаскивайте плавки от хлора сразу после посещения бассейна. Обращаем внимание, что в новых партиях плавок черного, салатового и цвета и фуксии предусмотрен металлический логотип на передней части.","Добрый день. Онлайн-заявки на проверку для возврата товара ненадлежащего качества одобряются только при наличии брака или несоответствия фактического товара указанному на ярлыке (например, по цвету). Браком НЕ являются:
- не подошедший товар (не подошел размер, цвет, фасон и т.д.)
- невозвратный товар надлежащего качества
- неправильно вложенный товар в заказ при сборке сотрудниками компании Вайлдберриз (поставщик не несет ответственность за ошибки при отгрузке со склада Вайлдберриз ).
Во всех вышеизложенных ситуациях просьба обращаться в личный кабинет в техподдержку компании Вайлдберриз.
Всеми вопросами, связанными с финансовыми операциями также занимается компания Вайлдберриз.

С уважением, Kickers.",0
3250204,здравствуйте! а пожарные скоро приедут?,"{'Цвет': 'красный', 'Возрастные ограничения': '3+', 'Длина упаковки': '6 см', 'Особенности игрушки': 'Подходит для купания', 'Ширина предмета': '35 см', 'Дата регистрации сертификата/декларации': '30.04.2021', 'Дата окончания действия сертификата/декларации': '29.04.2024', 'Номер сертификата соответствия': 'ЕАЭС KG417/033.CN.02.00439', 'Вид игрушечного оружия': 'водяное оружие', 'Ширина упаковки': '35 см', 'Вес товара с упаковкой (г)': '310 г', 'Высота упаковки': '50 см', 'Комплектация': 'емкость', 'Страна производства': 'Китай', 'Глубина предмета': '8 см', 'Любимые герои': 'водная атака водяные игры', 'Эффекты': 'брызгалка', 'Высота предмета': '50 см', 'Материал игрушки': 'пластик'}  Водный пистолет с рюкзаком Водяной бластер Пожарный. МОЖЕТ ПРИЙТИ В ДВУХ ВАРИАНТАХ ЦВЕТА - КРАСНЫЙ ИЛИ СИНИЙ ПИСТОЛЕТ! Водное оружие ""Пожарный"" поможет Вашему малышу потренироваться в ловкости и меткости, а также почувствовать себя настоящим пожарным. Аквабластер имеет очень яркий и необычный дизайн. Дорогой покупатель, на складе сейчас находится аква бластер в ассортименте, вам может приехать либо красно-синий, либо полностью красный. Оружие Юный пожарный сможет увлекательно провести время в жаркую погоду, придумать различные игровые сюжеты, поиграть в стрелялки. Набор станет хорошим подарком для юного героя, мальчика и девочки. Особенности: - объем ранца: 1.75 л; - удобные ручки способствуют удобству использования (как рюкзак); - дальность стрельбы: до 8 метров; - длина шланга, соединяющего рюкзак с пистолетом: 60 см. Размер игрушки: 50х35х8 см. Материал: пластик. В наборе: детский водный бластер с трубкой, ранец с резервуаром для воды","Добрый день! Спасибо за интерес к нашей продукции. В наличии. С уважением, команда Dream Makers",0
7805271,Здравствуйте. Конда почвится рощовое платье XS?,"{'Пол': 'Женский', 'Вырез горловины': 'бандо', 'Тип рукава': 'без рукавов', 'Параметры модели на фото (ОГ-ОТ-ОБ)': '89-58-90', 'Рост модели на фото': '158 см', 'Цвет': 'розовый', 'Вид застежки': 'без застежки', 'Уход за вещами': 'бережная стирка при 30 градусах', 'Фактура материала': 'гладкий', 'Тип карманов': 'без карманов', 'Рисунок': 'однотонное', 'Ширина упаковки': '23 см', 'Назначение платья': 'для подружек невесты', 'Дата регистрации сертификата/декларации': '19.03.2020', 'Высота упаковки': '6 см', 'Тип ростовки': 'для невысоких', 'Номер декларации соответствия': 'ЕАЭС N RU Д-RU.АГ47.В.03200/20', 'Декоративные элементы': 'воланы', 'Длина юбки/платья': 'Миди', 'Размер на модели': 'XS', 'Страна производства': 'Россия', 'Комплектация': 'Платье - 1 шт', 'Состав': '95% полиэстер, 5% эластан', 'Покрой': 'приталенное', 'Особенности модели': 'дышащий материал', 'Модель платья': 'с открытыми плечами', 'Длина упаковки': '26 см', 'ТНВЭД': '6204430000', 'Дата окончания действия сертификата/декларации': '18.03.2025', 'Любимые герои': 'chanel', 'Материал подкладки': 'без подкладки', 'Назначение': 'для беременных', 'Коллекция': 'Весна-Лето 2024'} {'Российский размер 50': 'Обхват бедер, в см 106-110, Обхват груди, в см 98-102, Обхват талии, в см 78-82', 'Российский размер 44': 'Обхват бедер, в см 94-98, Обхват груди, в см 86-90, Обхват талии, в см 66-70', 'Российский размер 42': 'Обхват бедер, в см 90-94, Обхват груди, в см 82-86, Обхват талии, в см 62-66', 'Российский размер 46': 'Обхват бедер, в см 98-102, Обхват груди, в см 90-94, Обхват талии, в см 70-74', 'Российский размер 40': 'Обхват бедер, в см 90-90, Обхват груди, в см 80-80, Обхват талии, в см 64-64', 'Российский размер 48': 'Обхват бедер, в см 102-106, Обхват груди, в см 94-98, Обхват талии, в см 74-78'} Платье вечернее с открытыми плечами обтягивающее. Представляем элегантное женское платье с открытыми плечами и воланами миди большого размера, созданное специально для невысоких. Это изысканное летнее длинное платье воплощает в себе утонченность и женственность, идеально подчеркивая фигуру благодаря своему облегающему крою. Начнем с верхней части платья: открытые спущенные плечи придают образу легкость и романтичность, позволяя вам продемонстрировать изящные линии шеи и ключиц. Воланы вдоль линии плеч добавляют наряду динамичности и игривости, создавая эффект легкости и воздушности. Они мягко обрамляют верхнюю часть платья, придавая образу дополнительный объем и шарм. Платье облегающее по фигуре выполнено из высококачественного материала, который нежно облегает фигуру, подчеркивая естественные изгибы тела. Благодаря продуманному крою, оно идеально садится на невысокий рост, большую и маленькую грудь, не создавая излишнего объема и не утяжеляя силуэт. Длина миди делает это женственное платье универсальным вариантом для различных мероприятий, будь то вечернее торжество или романтический ужин. Важно отметить, что в этом ярком платье бандо отсутствуют карманы, что делает его еще более изящным и утонченным. Плавные линии и минималистичный дизайн позволяют сосредоточиться на основных акцентах, таких как открытые плечи и воланы. Это приталенное шикарное привлекательное платье в стиле old money — идеальный выбор для тех, кто ценит стиль и комфорт. Оно позволяет создать утонченный и гармоничный сексуальный образ, который подчеркнет вашу индивидуальность и чувство вкуса. Дополните его изящными аксессуарами и обувью на каблуке, чтобы завершить ваш неповторимый и очаровательный трендовый лук.","Здравствуйте, поступление будет в ближайшее время в розовом цвете",0
7805271,"здравствуйте, когда будет в наличии розовое 44 размера?","{'Пол': 'Женский', 'Вырез горловины': 'бандо', 'Тип рукава': 'без рукавов', 'Параметры модели на фото (ОГ-ОТ-ОБ)': '89-58-90', 'Рост модели на фото': '158 см', 'Цвет': 'розовый', 'Вид застежки': 'без застежки', 'Уход за вещами': 'бережная стирка при 30 градусах', 'Фактура материала': 'гладкий', 'Тип карманов': 'без карманов', 'Рисунок': 'однотонное', 'Ширина упаковки': '23 см', 'Назначение платья': 'для подружек невесты', 'Дата регистрации сертификата/декларации': '19.03.2020', 'Высота упаковки': '6 см', 'Тип ростовки': 'для невысоких', 'Номер декларации соответствия': 'ЕАЭС N RU Д-RU.АГ47.В.03200/20', 'Декоративные элементы': 'воланы', 'Длина юбки/платья': 'Миди', 'Размер на модели': 'XS', 'Страна производства': 'Россия', 'Комплектация': 'Платье - 1 шт', 'Состав': '95% полиэстер, 5% эластан', 'Покрой': 'приталенное', 'Особенности модели': 'дышащий материал', 'Модель платья': 'с открытыми плечами', 'Длина упаковки': '26 см', 'ТНВЭД': '6204430000', 'Дата окончания действия сертификата/декларации': '18.03.2025', 'Любимые герои': 'chanel', 'Материал подкладки': 'без подкладки', 'Назначение': 'для беременных', 'Коллекция': 'Весна-Лето 2024'} {'Российский размер 50': 'Обхват бедер, в см 106-110, Обхват груди, в см 98-102, Обхват талии, в см 78-82', 'Российский размер 44': 'Обхват бедер, в см 94-98, Обхват груди, в см 86-90, Обхват талии, в см 66-70', 'Российский размер 42': 'Обхват бедер, в см 90-94, Обхват груди, в см 82-86, Обхват талии, в см 62-66', 'Российский размер 46': 'Обхват бедер, в см 98-102, Обхват груди, в см 90-94, Обхват талии, в см 70-74', 'Российский размер 40': 'Обхват бедер, в см 90-90, Обхват груди, в см 80-80, Обхват талии, в см 64-64', 'Российский размер 48': 'Обхват бедер, в см 102-106, Обхват груди, в см 94-98, Обхват талии, в см 74-78'} Платье вечернее с открытыми плечами обтягивающее. Представляем элегантное женское платье с открытыми плечами и воланами миди большого размера, созданное специально для невысоких. Это изысканное летнее длинное платье воплощает в себе утонченность и женственность, идеально подчеркивая фигуру благодаря своему облегающему крою. Начнем с верхней части платья: открытые спущенные плечи придают образу легкость и романтичность, позволяя вам продемонстрировать изящные линии шеи и ключиц. Воланы вдоль линии плеч добавляют наряду динамичности и игривости, создавая эффект легкости и воздушности. Они мягко обрамляют верхнюю часть платья, придавая образу дополнительный объем и шарм. Платье облегающее по фигуре выполнено из высококачественного материала, который нежно облегает фигуру, подчеркивая естественные изгибы тела. Благодаря продуманному крою, оно идеально садится на невысокий рост, большую и маленькую грудь, не создавая излишнего объема и не утяжеляя силуэт. Длина миди делает это женственное платье универсальным вариантом для различных мероприятий, будь то вечернее торжество или романтический ужин. Важно отметить, что в этом ярком платье бандо отсутствуют карманы, что делает его еще более изящным и утонченным. Плавные линии и минималистичный дизайн позволяют сосредоточиться на основных акцентах, таких как открытые плечи и воланы. Это приталенное шикарное привлекательное платье в стиле old money — идеальный выбор для тех, кто ценит стиль и комфорт. Оно позволяет создать утонченный и гармоничный сексуальный образ, который подчеркнет вашу индивидуальность и чувство вкуса. Дополните его изящными аксессуарами и обувью на каблуке, чтобы завершить ваш неповторимый и очаровательный трендовый лук.","Здравствуйте, поступление будет в ближайшее время в розовом цвете",0
3884297,"Подскажите, воду нужно горячую заливать или холодную?","{'Приготовление эспрессо': 'нет', 'Фильтр': 'постоянный', 'Тип нагревательного элемента': 'нет', 'Хрупкость': 'не хрупкое', 'Тип кофеварки': 'капельная', 'Комплектация': 'фильтр', 'Индикация кофеварки': 'уровень воды', 'Объем емкости для воды': '0.6 л', 'Мощность устройства': '600 Вт', 'Модель': 'MW-1657', 'Гарантийный срок': '1 год', 'Высота упаковки': '26 см', 'Вес без упаковки (кг)': '1.17 кг', 'Страна производства': 'Китай', 'Тип управления': 'механическое', 'Приготовление кофе': 'американо', 'Глубина предмета': '20 см', 'Длина упаковки': '16 см', 'Тип капсул': 'без капсул', 'Доп. опции кофеварки': 'противокапельная система', 'Ширина предмета': '16 см', 'Длина кабеля': '80 см', 'Тип используемого кофе': 'молотый', 'Объем кофейника': '0.6 л', 'Ширина упаковки': '20 см', 'Высота предмета': '26 см'}  Кофеварка капельная MW-1657. Надёжная кофеварка MAXWELL MW-1657 BK наполнит серое осеннее утро ароматом свежесваренного кофе и добавит вам сил и энергии. Кофеварка имеет интуитивно понятный интерфейс - пользоваться очень просто! Она оснащена съёмным нейлоновым фильтром и способна быстро заварить кофе на 4-6 чашек (600 мл). Разработчики сделали технику максимально практичной - не остаётся капель после варки и поддерживается температура готового напитка. Благодаря шкале уровня воды, можно контролировать процесс не открывая крышки. Удобная и стильная модель!",Добрый день! Холодную,1
84925428,в место 6 пачек прислали одну,"{'Ставка НДС': '20', 'Действие': 'Увлажняющее', 'Прямые поставки от производителя': 'Прямые поставки от производителя', 'Состав': 'нетканое полотно, пропитывающий лосьон, ундециленамидопропилтримониум метосульфат', 'Назначение косметического средства': 'для лежачих больных', 'Упаковка': 'гофрокоробка', 'Возрастные ограничения': '0+', 'Комплектация': '6 шт', 'Длина упаковки': '35 см', 'Высота упаковки': '21 см', 'Раздел меню': 'Уход за кожей', 'Вес товара с упаковкой (г)': '4100 г', 'Количество предметов в упаковке': '6', 'Страна производства': 'Россия', 'Срок годности': '2,5г', 'Ширина упаковки': '23 см'}  Влажные салфетки с пантенолом для лежачих №80х6, набор. Влажные салфетки для лежачих больных White Whale 6х80шт – это незаменимый помощник для ухода за кожей ваших близких. Изготовленные из высококачественного материала, эти универсальные полотенца большого размера с календулой обеспечивают мягкую и эффективную очистку, предотвращая появление пролежней. Салфетки White Whale идеально подходят для лежачих больных и могут использоваться ежедневно для поддержания гигиены и свежести кожи. Наличие экстракта календулы в составе помогает смягчить и успокоить кожу, предотвращая раздражение и обеспечивая дополнительный уход. Упаковка содержит 6 упаковок по 80 штук, что обеспечивает долгосрочное использование и удобство хранения. Большой размер полотенец позволяет эффективно очищать большие участки кожи, экономя ваше время и усилия. Выбирая влажные салфетки White Whale, вы заботитесь о здоровье и комфорте своих близких, обеспечивая им качественный уход и защиту от пролежней. Подходят для ежедневного использования и являются оптимальным решением для поддержания личной гигиены людей с ограниченной подвижностью. Закажите влажные салфетки для лежачих больных White Whale прямо сейчас и позаботьтесь о своих близких с максимальным комфортом и заботой.",Отклонён,0
84925428,Здравствуйте.Я в июне текущего года брал три упаковки по 6шт по цене 637р.Почему так резко возрасла цена?Больше чем на 50%.,"{'Ставка НДС': '20', 'Действие': 'Увлажняющее', 'Прямые поставки от производителя': 'Прямые поставки от производителя', 'Состав': 'нетканое полотно, пропитывающий лосьон, ундециленамидопропилтримониум метосульфат', 'Назначение косметического средства': 'для лежачих больных', 'Упаковка': 'гофрокоробка', 'Возрастные ограничения': '0+', 'Комплектация': '6 шт', 'Длина упаковки': '35 см', 'Высота упаковки': '21 см', 'Раздел меню': 'Уход за кожей', 'Вес товара с упаковкой (г)': '4100 г', 'Количество предметов в упаковке': '6', 'Страна производства': 'Россия', 'Срок годности': '2,5г', 'Ширина упаковки': '23 см'}  Влажные салфетки с пантенолом для лежачих №80х6, набор. Влажные салфетки для лежачих больных White Whale 6х80шт – это незаменимый помощник для ухода за кожей ваших близких. Изготовленные из высококачественного материала, эти универсальные полотенца большого размера с календулой обеспечивают мягкую и эффективную очистку, предотвращая появление пролежней. Салфетки White Whale идеально подходят для лежачих больных и могут использоваться ежедневно для поддержания гигиены и свежести кожи. Наличие экстракта календулы в составе помогает смягчить и успокоить кожу, предотвращая раздражение и обеспечивая дополнительный уход. Упаковка содержит 6 упаковок по 80 штук, что обеспечивает долгосрочное использование и удобство хранения. Большой размер полотенец позволяет эффективно очищать большие участки кожи, экономя ваше время и усилия. Выбирая влажные салфетки White Whale, вы заботитесь о здоровье и комфорте своих близких, обеспечивая им качественный уход и защиту от пролежней. Подходят для ежедневного использования и являются оптимальным решением для поддержания личной гигиены людей с ограниченной подвижностью. Закажите влажные салфетки для лежачих больных White Whale прямо сейчас и позаботьтесь о своих близких с максимальным комфортом и заботой.",Вопрос отклонён,0
5906854,Добрый день. Появится ли книга в наличии?,"{'Год выпуска': '2018', 'Количество страниц': '80 страниц', 'Жанры/тематика': 'Познавательная литература для детей', 'Обложка': 'твердая', 'Высота предмета': '33.2 см', 'Ставка НДС': '10', 'Высота упаковки': '5 см', 'Вес товара с упаковкой (г)': '900 г', 'Длина упаковки': '35 см', 'Серия': 'МИФ. Детство 5-12', 'Возрастные ограничения': '8+', 'Автор': 'Васильева Анна', 'Иллюстратор': 'коллектив иллюстраторов', 'Глубина предмета': '2.3 см', 'Языки': 'русский', 'Вид бумаги': 'офсетная', 'Страна производства': 'Россия', 'Наименование книги': 'Мой гербарий. Листья деревьев', 'Вес товара без упаковки (г)': '900 г', 'Ширина предмета': '27.5 см', 'ISBN': '978-5-00169-756-5', 'Ширина упаковки': '35 см', 'Комплектация': 'книга', 'Назначение подарка': 'ребенку', 'Повод': 'день рождения'}  Мой гербарий. Листья деревьев. Настоящий бестселлер издательства МИФ - книга-гербарий и одновременно детская энциклопедия, которая познакомит ребенка с 16 деревьями средней полосы России и поможет создать собственный гербарий. Эта развивающая книга сделана как папка, внутри которой листы скреплены пружиной. Там же есть чудесный лист-калька, чтобы ваши листы-плоды-семена не отпечатались на других страницах. Вас ждут тексты, написанные ученым-ботаником, реалистичные акварельные иллюстрации, интересные факты, подробные описания, как правильно собирать и засушивать листья, а также идеи игр и поделок. Прекрасный альбом для юных натуралистов и всех, кто хочет открыть для себя мир деревьев, внимательнее относиться к природе и искренне восхищаться ее красотой. Такая детская книга станет отличным подарком для девочки и мальчика на Новый год, день рождения, а также на 1 сентября первокласснику. Понравится малышам, которые любят энциклопедии серии ""Я познаю мир"". Для детей от 4 лет.","Добрый день! К сожалению, поступление пока не ожидается.",0
5906854,Здравствуйте) подскажите где еще кроме wb ее можно найти в продаже?,"{'Год выпуска': '2018', 'Количество страниц': '80 страниц', 'Жанры/тематика': 'Познавательная литература для детей', 'Обложка': 'твердая', 'Высота предмета': '33.2 см', 'Ставка НДС': '10', 'Высота упаковки': '5 см', 'Вес товара с упаковкой (г)': '900 г', 'Длина упаковки': '35 см', 'Серия': 'МИФ. Детство 5-12', 'Возрастные ограничения': '8+', 'Автор': 'Васильева Анна', 'Иллюстратор': 'коллектив иллюстраторов', 'Глубина предмета': '2.3 см', 'Языки': 'русский', 'Вид бумаги': 'офсетная', 'Страна производства': 'Россия', 'Наименование книги': 'Мой гербарий. Листья деревьев', 'Вес товара без упаковки (г)': '900 г', 'Ширина предмета': '27.5 см', 'ISBN': '978-5-00169-756-5', 'Ширина упаковки': '35 см', 'Комплектация': 'книга', 'Назначение подарка': 'ребенку', 'Повод': 'день рождения'}  Мой гербарий. Листья деревьев. Настоящий бестселлер издательства МИФ - книга-гербарий и одновременно детская энциклопедия, которая познакомит ребенка с 16 деревьями средней полосы России и поможет создать собственный гербарий. Эта развивающая книга сделана как папка, внутри которой листы скреплены пружиной. Там же есть чудесный лист-калька, чтобы ваши листы-плоды-семена не отпечатались на других страницах. Вас ждут тексты, написанные ученым-ботаником, реалистичные акварельные иллюстрации, интересные факты, подробные описания, как правильно собирать и засушивать листья, а также идеи игр и поделок. Прекрасный альбом для юных натуралистов и всех, кто хочет открыть для себя мир деревьев, внимательнее относиться к природе и искренне восхищаться ее красотой. Такая детская книга станет отличным подарком для девочки и мальчика на Новый год, день рождения, а также на 1 сентября первокласснику. Понравится малышам, которые любят энциклопедии серии ""Я познаю мир"". Для детей от 4 лет.",Здравствуйте! Вы можете приобрести книгу на официальном сайте издательства МИФ.,0
10539575,"Здравствуйте. Подскажите пожалуйста, у меня кожа жирнится в т-зоне и есть много высыпаний. Какая мицелярная вода от вашего бренда мне подойдёт?","{'Дата окончания действия сертификата/декларации': '14.01.2027', 'Комплектация': 'мицеллярная вода 1 шт', 'Ширина упаковки': '7 см', 'Объем товара': '500 мл', 'Упаковка': 'флакон', 'Раздел меню': 'аптечная косметика', 'Назначение косметического средства': 'для лица', 'Страна производства': 'Франция', 'Вес товара с упаковкой (г)': '500 г', 'Дата регистрации сертификата/декларации': '17.01.2022', 'Действие': 'очищение', 'Высота упаковки': '17 см', 'Номер декларации соответствия': 'ЕАЭС N RU Д-FR.РА01.В.09349/22', 'Срок годности': '36 мес', 'Длина упаковки': '7 см'}  Мицеллярная вода для чувствительной кожи Sensibio, 500 мл. Мицеллярная вода Bioderma Sensibio содержит мицеллы, которые буквально захватывают макияж и загрязнения, при этом она не нарушает гидролипидный баланс кожи. Без спирта, парабенов и отдушек. Подходит всем типам кожи, в том числе чувствительной и реактивной. АКТИВНЫЕ ИНГРЕДИЕНТЫ: экстракт огурца успокаивает реактивную кожу. СПОСОБ ПРИМЕНЕНИЯ: нанести на ватный диск и протереть лицо. Рекомендуем использовать один ватный диск для одной зоны лица. Использовать утром и / или вечером. Вы также можете найти данное средство по запросам: уходовая дермокосметика из Франции; французская аптечная уходовая косметика; несмываемая увлажняющая и успокаивающая мицелярка для удаления водостойкого макияжа с век; мицеллярная вода; мицелярная вода для снятия водостойкого макияжа с глаз и губ; мицеллярная вода двухфазная для снятия макияжа для чувствительной кожи; мицелярка. * Bioderma Sensibio H2O, 500 ml - Биодерма Сенсибио Мицеллярная вода H2O, 500 мл","Добрый день. Так как ваша кожа склонна к воспалениям, закупорке протоков сальных желез  и их гиперактивности в т-зоне рекомендуем вам обратить внимание на данный продукт BIODERMA
Мицеллярная вода Sebium Н2О, 500 мл арт 2749960. Спасибо.",0
30964722,"Здравствуйте,в связи с чем пиджак настолько подорожал ?и будет ли адекватная цена?","{'Высота упаковки': '3 см', 'Номер сертификата соответствия': 'ЕАЭС RU С-RU.ЛТ45.В.00898/24', 'Ширина упаковки': '30 см', 'Тип рукава': 'длинные', 'Материал подкладки': 'без подкладки', 'Размер на модели': '134 см', 'Фактура материала': 'трикотажный', 'Дата регистрации сертификата/декларации': '45481', 'Рост модели на фото': '134 см', 'Пол': 'Мальчики', 'Состав': 'хлопок', 'Вид застежки': 'пуговицы', 'Комплектация': 'пиджак - 1 шт', 'ТНВЭД': '6103390000', 'Коллекция': 'Весна-Лето 2024', 'Рисунок': 'без рисунка', 'Декоративные элементы': 'без элементов', 'Уход за вещами': 'бережная стирка при 30 градусах', 'Дата окончания действия сертификата/декларации': '30.05.2027', 'Тип ростовки': 'для всех типов ростовки', 'Длина упаковки': '35 см', 'Особенности модели': 'дышащий материал', 'Покрой': 'прямой', 'Тип карманов': 'накладные', 'Страна производства': 'Россия', 'Цвет': 'темно-синий', 'Назначение': 'школа'} {'Российский размер 140': 'Обхват бедер, в см 75-75, Обхват груди, в см 70-70, Обхват талии, в см 61-61, Рост, см 140-140', 'Российский размер 158': 'Обхват бедер, в см 85.5-85.5, Обхват груди, в см 79-79, Обхват талии, в см 65.5-65.5, Рост, см 158-158', 'Российский размер 164': 'Обхват бедер, в см 89-89, Обхват груди, в см 82-82, Обхват талии, в см 67-67, Рост, см 164-164', 'Российский размер 170': 'Обхват бедер, в см 91-91, Обхват груди, в см 85-85, Обхват талии, в см 69-69, Рост, см 170-170', 'Российский размер 122': 'Обхват бедер, в см 66-66, Обхват груди, в см 61-61, Обхват талии, в см 56.5-56.5, Рост, см 122-122', 'Российский размер 128': 'Обхват бедер, в см 69-69, Обхват груди, в см 64-64, Обхват талии, в см 58-58, Рост, см 128-128', 'Российский размер 134': 'Обхват бедер, в см 72-72, Обхват груди, в см 67-67, Обхват талии, в см 59.5-59.5, Рост, см 134-134', 'Российский размер 146': 'Обхват бедер, в см 78.5-78.5, Обхват груди, в см 73-73, Обхват талии, в см 62.5-62.5, Рост, см 146-146', 'Российский размер 152': 'Обхват бедер, в см 82-82, Обхват груди, в см 76-76, Обхват талии, в см 64-64, Рост, см 152-152', 'Российский размер 176': 'Рост, см 176-176'} Пиджак школьный трикотажный. Стильный трикотажный пиджак синего цвета бренда Cookie идеально дополнит базовый детский гардероб любого мальчика и парня, непременно найдет широкое применение в повседневной жизни. Он сшит из ткани премиум - качества, содержащей натуральный хлопок 70% и полиэстер 30%. Однобортный блейзер с классическим воротником застегивается на две пуговицы, отличается удобным, современным кроем. Он подойдет как для маленьких школьников, так и подростков, позволит создать яркие, нарядные образы и будет востребован круглый год. Легкий хлопковый жакет с карманами соответствует трендовым веяниям моды, удобен и практичен. Модель немного удлиненного, приталенного покроя без подклада отлично держит форму, не линяет и не вытягивается при стирке. Она имеет большой спектр применения в летний, весенний и осенний (демисезонный) и теплый зимний период. Это многофункциональный элемент гардероба, отлично сочетающийся как с голубыми джинсами, так и классическими брюками, белыми и цветными рубашками. Вещь представлена в широкой размерной сетке, включая plus - size (плюс - сайз). Она обеспечит полный комфорт и свободу движений, гармонично впишется в вечерний, строгий деловой, спортивный и популярный кэжуал (casual) стиль. Нарядный костюмный пиджак с длинными рукавами из плотной хлопковой ткани станет лучшим решением для детей и молодого человека на торжественный последний звонок, любое праздничное мероприятие и каждый день, юбилей. Он красиво садится по фигуре ребенка высокого и невысокого роста, независимо от особенностей телосложения, подойдет для худых и полных. Изделие российского производства можно смело назвать молодежной классикой. Кардиган с декоративными элементами в виде заплаток будет уместен в разных ситуациях и любую погоду. Этот предмет гардероба подойдет для фотосессии, выпускного, любого праздника и клубной вечеринки, свободно может использоваться для похода в школу и университет. На нем предусмотрено две застежки в виде пуговиц.","Добрый день. Представленные нами на данном маркетплейсе товары постоянно участвуют в различных акциях, соответственно, цена данной модели меняется в зависимости от условий акций. Рекомендуем добавить товар в ""Избранное"" и следить за изменением цены, т.к. на маркетплейсе регулярно появляются новые акции с привлекательными ценами. С уважением, бренд Cookie!",0
4691342,"Здравствуйте. Сотрудник на пвз случайно мне пробил все товары, что я заказывала, я не собиралась брать одну из цепочек, взяла другую. В личном кабинете можно только создать заявку на возврат по браку, я создала, одобрите, пожалуйста.😢","{'Длина упаковки': '11 см', 'Дата окончания действия сертификата/декларации': '16.08.2029', 'Минимальный вес (г)': '1.3 г', 'Пол': 'Женский', 'Покрытие': 'родий', 'Назначение подарка': 'любимой', 'Высота упаковки': '1 см', 'Вид замка': 'шпрингельный', 'Цвет': 'серебристый', 'ТНВЭД': '7113110000', 'Вид плетения цепочки': 'снейк', 'Проба': '925', 'Комплектация': 'Брендированная подарочная коробка - 1 шт', 'Дата регистрации сертификата/декларации': '16.04.2020', 'Повод': 'день рождения', 'Страна производства': 'Италия', 'Ширина упаковки': '8 см', 'Состав ювелирного изделия': 'серебро', 'Вставка': 'без вставки', 'Номер сертификата соответствия': '753578'}  Ювелирная цепочка на шею серебряная. Серебряная цепь от «Серебряной Венеции» – это изысканное ювелирное украшение, произведенное в Италии с использованием тонкого плетения снейк. Эта женская цепочка отличается фантазийным плетением, придающим ей особый шарм и утонченность. Ширина полотна составляет всего 0,6 мм, что делает её легкой и элегантной. Покрытие родием обеспечивает дополнительную защиту и придаёт украшению долговечный блеск. Цепочка оснащена надежным шпрингельным замком размером 5 мм, который гарантирует удобство и безопасность при ношении. Качество и подлинность изделия подтверждены наличием клейма Пробирной Палаты РФ, что свидетельствует о высоких стандартах исполнения. Бренд «Серебряная Венеция» известен своими ювелирными изделиями, выполненными с вниманием к деталям и превосходным качеством. Цепочка доступна в длинах от 35 см до 55 см, что позволяет подобрать идеальный размер для любого случая. Её можно носить как самостоятельное украшение или в сочетании с любой подвеской или крестиком, что делает её универсальным аксессуаром. В комплекте с цепочкой идет подарочная упаковка и открытка, что делает её отличным выбором для подарка на любой праздник или особый случай. Серебряная цепь «Серебряная Венеция» станет символом вашего изысканного вкуса и высокого качества, который будет радовать вас долгие годы.","Добрый день. Возврат оформим, но в следующий раз будьте пожалуйста внимательнее. Приятных Вам покупок!",0
4691342,"Здравствуйте,скажите пожалуйста кулон 5г выдержит она?если носить не на постоянной основе,а изредка на ""выход""?","{'Длина упаковки': '11 см', 'Дата окончания действия сертификата/декларации': '16.08.2029', 'Минимальный вес (г)': '1.3 г', 'Пол': 'Женский', 'Покрытие': 'родий', 'Назначение подарка': 'любимой', 'Высота упаковки': '1 см', 'Вид замка': 'шпрингельный', 'Цвет': 'серебристый', 'ТНВЭД': '7113110000', 'Вид плетения цепочки': 'снейк', 'Проба': '925', 'Комплектация': 'Брендированная подарочная коробка - 1 шт', 'Дата регистрации сертификата/декларации': '16.04.2020', 'Повод': 'день рождения', 'Страна производства': 'Италия', 'Ширина упаковки': '8 см', 'Состав ювелирного изделия': 'серебро', 'Вставка': 'без вставки', 'Номер сертификата соответствия': '753578'}  Ювелирная цепочка на шею серебряная. Серебряная цепь от «Серебряной Венеции» – это изысканное ювелирное украшение, произведенное в Италии с использованием тонкого плетения снейк. Эта женская цепочка отличается фантазийным плетением, придающим ей особый шарм и утонченность. Ширина полотна составляет всего 0,6 мм, что делает её легкой и элегантной. Покрытие родием обеспечивает дополнительную защиту и придаёт украшению долговечный блеск. Цепочка оснащена надежным шпрингельным замком размером 5 мм, который гарантирует удобство и безопасность при ношении. Качество и подлинность изделия подтверждены наличием клейма Пробирной Палаты РФ, что свидетельствует о высоких стандартах исполнения. Бренд «Серебряная Венеция» известен своими ювелирными изделиями, выполненными с вниманием к деталям и превосходным качеством. Цепочка доступна в длинах от 35 см до 55 см, что позволяет подобрать идеальный размер для любого случая. Её можно носить как самостоятельное украшение или в сочетании с любой подвеской или крестиком, что делает её универсальным аксессуаром. В комплекте с цепочкой идет подарочная упаковка и открытка, что делает её отличным выбором для подарка на любой праздник или особый случай. Серебряная цепь «Серебряная Венеция» станет символом вашего изысканного вкуса и высокого качества, который будет радовать вас долгие годы.","Добрый день. На цепочку нужно подбирать кулон весом в половины самой цепочки. Соответственно к данной цепочке может подойти кулон 0,5-0,8 грамм не больше. К сожалению ваш кулон весом 5 гр порвет данную цепочку при ее ношении. Вам необходимо подобрать цепочку весом как минимум от 7 грамм и больше. Приятных покупок!",0
5775357,здравствуйте.а клавиатура механическая?артикул 5775357,"{'Ставка НДС': '20', 'Высота клавиатуры': '27 мм', 'Длина кабеля': '150 см', 'Страна производства': 'Китай', 'Предназначение клавиатуры': 'ноутбук', 'Дата регистрации сертификата/декларации': '19.10.2022', 'Количество клавиш клавиатуры': '104 шт.', 'Длина упаковки': '24 см', 'Высота упаковки': '3 см', 'Ширина клавиатуры': '483 мм', 'Гарантийный срок': '12 месяцев', 'Интерфейс подключения': 'USB', 'Доп. опции клавиатуры': 'Радужная подсветка', 'Тип подключения клавиатуры': 'проводное', 'Номер декларации соответствия': 'ЕАЭС N RU Д-CN.РА07.В.47281/22', 'Дата окончания действия сертификата/декларации': '18.10.2027', 'Вес товара с упаковкой (г)': '1060 г', 'Глубина клавиатуры': '214 мм', 'Комплектация': 'Инструкция - 1 шт', 'Цвет': 'черный', 'Тип клавиатуры': 'мембранная', 'Раскладка клавиатуры': 'английская/русская', 'Ширина упаковки': '50 см', 'Игровая модель': 'да', 'Модель': 'проводная игровая Werewolf'}  Игровая клавиатура с подсветкой Werewolf (Full-size). Игровая клавиатура Werewolf - не просто клавиатура, а настоящий инструмент для достижения новых высот в игровом мире. Мембранная клавиатура с подсветкой не только впечатляет своим внешним видом, но и обладает всеми необходимыми функциональными возможностями для комфортной и эффективной игры. Благодаря металлической пластине внутри копруса клавиатуры она ощущается крепкой и надежной, а блокировка системных клавиш windows не позволит совершить случайный выход из игры. Угол наклона клавиатуры легко регулируется с помощью ножек, так что вы можете выбрать наиболее удобное положение для вашей руки. Werewolf имеет влагоустойчивую конструкцию. Горячие клавиши для быстрого доступа к офисным, мультимедийным и интернет приложениям значительно ускорят вашу работу и повысят вашу продуктивность. С помощью регулируемой яркости подсветки вы сможете создать идеальный настрой и атмосферу для своей игры. Werewolf распознает одновременное нажатие до 19 клавиш. Эта клавиатура совместима с ПК на операционных системах от Windows XP до 11, что означает, что она подойдёт для большинства компьютеров. Присутствие ферритового фильтра помех и плетеной структуры кабеля гарантирует отсутствие помех во время игры, а позолоченный USB-коннектор обеспечивает более стабильную передачу данных. Никогда не оставляйте свой успех на волю случая - клавиатура Werewolf поможет вам стать настоящим профессионалом в игровой индустрии. Получите эту клавиатуру уже сейчас и приготовьтесь к новым победам!",Здравствуйте! Нет.,1
5775357,"Какой смысл писать вам на почту есди даже никто не отвечает, клавиатура проработала месяц, она на гарантии, а возврат по видимому не хотят оформлять","{'Ставка НДС': '20', 'Высота клавиатуры': '27 мм', 'Длина кабеля': '150 см', 'Страна производства': 'Китай', 'Предназначение клавиатуры': 'ноутбук', 'Дата регистрации сертификата/декларации': '19.10.2022', 'Количество клавиш клавиатуры': '104 шт.', 'Длина упаковки': '24 см', 'Высота упаковки': '3 см', 'Ширина клавиатуры': '483 мм', 'Гарантийный срок': '12 месяцев', 'Интерфейс подключения': 'USB', 'Доп. опции клавиатуры': 'Радужная подсветка', 'Тип подключения клавиатуры': 'проводное', 'Номер декларации соответствия': 'ЕАЭС N RU Д-CN.РА07.В.47281/22', 'Дата окончания действия сертификата/декларации': '18.10.2027', 'Вес товара с упаковкой (г)': '1060 г', 'Глубина клавиатуры': '214 мм', 'Комплектация': 'Инструкция - 1 шт', 'Цвет': 'черный', 'Тип клавиатуры': 'мембранная', 'Раскладка клавиатуры': 'английская/русская', 'Ширина упаковки': '50 см', 'Игровая модель': 'да', 'Модель': 'проводная игровая Werewolf'}  Игровая клавиатура с подсветкой Werewolf (Full-size). Игровая клавиатура Werewolf - не просто клавиатура, а настоящий инструмент для достижения новых высот в игровом мире. Мембранная клавиатура с подсветкой не только впечатляет своим внешним видом, но и обладает всеми необходимыми функциональными возможностями для комфортной и эффективной игры. Благодаря металлической пластине внутри копруса клавиатуры она ощущается крепкой и надежной, а блокировка системных клавиш windows не позволит совершить случайный выход из игры. Угол наклона клавиатуры легко регулируется с помощью ножек, так что вы можете выбрать наиболее удобное положение для вашей руки. Werewolf имеет влагоустойчивую конструкцию. Горячие клавиши для быстрого доступа к офисным, мультимедийным и интернет приложениям значительно ускорят вашу работу и повысят вашу продуктивность. С помощью регулируемой яркости подсветки вы сможете создать идеальный настрой и атмосферу для своей игры. Werewolf распознает одновременное нажатие до 19 клавиш. Эта клавиатура совместима с ПК на операционных системах от Windows XP до 11, что означает, что она подойдёт для большинства компьютеров. Присутствие ферритового фильтра помех и плетеной структуры кабеля гарантирует отсутствие помех во время игры, а позолоченный USB-коннектор обеспечивает более стабильную передачу данных. Никогда не оставляйте свой успех на волю случая - клавиатура Werewolf поможет вам стать настоящим профессионалом в игровой индустрии. Получите эту клавиатуру уже сейчас и приготовьтесь к новым победам!",спам,0
5775357,"Здравствуйте, как вернуть товар по гарантии? Покупала клавиатуру в августе. Вот сегодняч появилась проблема. При нажатии на клавиши пишутся другие символы и вызываются приложения. например при нажатии на ""н"" пишется ""н-*"" и вызывается калькулятор. Или при нажатии на клавишу ""back"", вместо удаления текста, она пишет ""о""","{'Ставка НДС': '20', 'Высота клавиатуры': '27 мм', 'Длина кабеля': '150 см', 'Страна производства': 'Китай', 'Предназначение клавиатуры': 'ноутбук', 'Дата регистрации сертификата/декларации': '19.10.2022', 'Количество клавиш клавиатуры': '104 шт.', 'Длина упаковки': '24 см', 'Высота упаковки': '3 см', 'Ширина клавиатуры': '483 мм', 'Гарантийный срок': '12 месяцев', 'Интерфейс подключения': 'USB', 'Доп. опции клавиатуры': 'Радужная подсветка', 'Тип подключения клавиатуры': 'проводное', 'Номер декларации соответствия': 'ЕАЭС N RU Д-CN.РА07.В.47281/22', 'Дата окончания действия сертификата/декларации': '18.10.2027', 'Вес товара с упаковкой (г)': '1060 г', 'Глубина клавиатуры': '214 мм', 'Комплектация': 'Инструкция - 1 шт', 'Цвет': 'черный', 'Тип клавиатуры': 'мембранная', 'Раскладка клавиатуры': 'английская/русская', 'Ширина упаковки': '50 см', 'Игровая модель': 'да', 'Модель': 'проводная игровая Werewolf'}  Игровая клавиатура с подсветкой Werewolf (Full-size). Игровая клавиатура Werewolf - не просто клавиатура, а настоящий инструмент для достижения новых высот в игровом мире. Мембранная клавиатура с подсветкой не только впечатляет своим внешним видом, но и обладает всеми необходимыми функциональными возможностями для комфортной и эффективной игры. Благодаря металлической пластине внутри копруса клавиатуры она ощущается крепкой и надежной, а блокировка системных клавиш windows не позволит совершить случайный выход из игры. Угол наклона клавиатуры легко регулируется с помощью ножек, так что вы можете выбрать наиболее удобное положение для вашей руки. Werewolf имеет влагоустойчивую конструкцию. Горячие клавиши для быстрого доступа к офисным, мультимедийным и интернет приложениям значительно ускорят вашу работу и повысят вашу продуктивность. С помощью регулируемой яркости подсветки вы сможете создать идеальный настрой и атмосферу для своей игры. Werewolf распознает одновременное нажатие до 19 клавиш. Эта клавиатура совместима с ПК на операционных системах от Windows XP до 11, что означает, что она подойдёт для большинства компьютеров. Присутствие ферритового фильтра помех и плетеной структуры кабеля гарантирует отсутствие помех во время игры, а позолоченный USB-коннектор обеспечивает более стабильную передачу данных. Никогда не оставляйте свой успех на волю случая - клавиатура Werewolf поможет вам стать настоящим профессионалом в игровой индустрии. Получите эту клавиатуру уже сейчас и приготовьтесь к новым победам!","Здравствуйте! Если у товара обнаружен дефект, напишите нам на почту help@defender.ru, мы вам поможем.",0
5775357,"Здравствуйте, я купила вашу клавиратуру, она классная но у меня 1 вопрос. Скажите пожалуйста как сделать чтобы можно было переключать музыку, там есть кнопки переключения и регулировка звука, я нажимала но нмчего не изменилось. Что делать, чтоб заработал?","{'Ставка НДС': '20', 'Высота клавиатуры': '27 мм', 'Длина кабеля': '150 см', 'Страна производства': 'Китай', 'Предназначение клавиатуры': 'ноутбук', 'Дата регистрации сертификата/декларации': '19.10.2022', 'Количество клавиш клавиатуры': '104 шт.', 'Длина упаковки': '24 см', 'Высота упаковки': '3 см', 'Ширина клавиатуры': '483 мм', 'Гарантийный срок': '12 месяцев', 'Интерфейс подключения': 'USB', 'Доп. опции клавиатуры': 'Радужная подсветка', 'Тип подключения клавиатуры': 'проводное', 'Номер декларации соответствия': 'ЕАЭС N RU Д-CN.РА07.В.47281/22', 'Дата окончания действия сертификата/декларации': '18.10.2027', 'Вес товара с упаковкой (г)': '1060 г', 'Глубина клавиатуры': '214 мм', 'Комплектация': 'Инструкция - 1 шт', 'Цвет': 'черный', 'Тип клавиатуры': 'мембранная', 'Раскладка клавиатуры': 'английская/русская', 'Ширина упаковки': '50 см', 'Игровая модель': 'да', 'Модель': 'проводная игровая Werewolf'}  Игровая клавиатура с подсветкой Werewolf (Full-size). Игровая клавиатура Werewolf - не просто клавиатура, а настоящий инструмент для достижения новых высот в игровом мире. Мембранная клавиатура с подсветкой не только впечатляет своим внешним видом, но и обладает всеми необходимыми функциональными возможностями для комфортной и эффективной игры. Благодаря металлической пластине внутри копруса клавиатуры она ощущается крепкой и надежной, а блокировка системных клавиш windows не позволит совершить случайный выход из игры. Угол наклона клавиатуры легко регулируется с помощью ножек, так что вы можете выбрать наиболее удобное положение для вашей руки. Werewolf имеет влагоустойчивую конструкцию. Горячие клавиши для быстрого доступа к офисным, мультимедийным и интернет приложениям значительно ускорят вашу работу и повысят вашу продуктивность. С помощью регулируемой яркости подсветки вы сможете создать идеальный настрой и атмосферу для своей игры. Werewolf распознает одновременное нажатие до 19 клавиш. Эта клавиатура совместима с ПК на операционных системах от Windows XP до 11, что означает, что она подойдёт для большинства компьютеров. Присутствие ферритового фильтра помех и плетеной структуры кабеля гарантирует отсутствие помех во время игры, а позолоченный USB-коннектор обеспечивает более стабильную передачу данных. Никогда не оставляйте свой успех на волю случая - клавиатура Werewolf поможет вам стать настоящим профессионалом в игровой индустрии. Получите эту клавиатуру уже сейчас и приготовьтесь к новым победам!",Здравствуйте! Нажмите Fn+F1/F12.,0
4144013,"Здравствуйте. можно ли заказать только одинарные чехлы, но 5 шт. без дивана? у меня 5 отдельных кресел. Если можно то какая цена и как заказать? спасибо","{'Доп. опции авточехла': 'пропорции 40/60 для заднего сиденья', 'Материал изделия': 'Велюр, поролон', 'Размер чехла': '100х100', 'Высота упаковки': '46 см', 'Артикул производителя': 'ECO-1105 BK/D.GY', 'Цвет': 'серый', 'Комплектация': 'Сиденье переднего ряда 2 шт', 'Ширина упаковки': '14 см', 'Тип чехла': 'чехол', 'Вес с упаковкой (кг)': '2.86 кг', 'Страна производства': 'Китай', 'Ставка НДС': '20', 'Длина упаковки': '58 см', 'Модель': 'защита сиденья', 'Марка автомобиля': 'Chery'}  Чехлы на сидения анатомические EXTRA COMFORT. Анатомические чехлы COMFORT ECO-1105 оснащены боковыми подушками для снижения нагрузки на мышцы и суставы при поворотах. Дополнительно осуществляется поддержка поясницы (встроенный упор). Дизайн стильный и сдержанный: черная велюровая основа и темно-серые вставки из велюра с перфорацией. Подойдут к любому интерьеру, включая салоны автомобилей представительского класса. Формованный велюр с перфорацией. Два уровня анатомической поддержки водителя и пассажира. Универсальная конструкция подходит для большинства автомобильных сидений. Карман в спинках передних чехлов. В комплект для заднего ряда этой серии вшиты 3 молнии в спинку и 3 молнии в сиденье. Это позволяет владельцам автомобилей с модульными задними сиденьями складывать и разделять их, не снимая чехлы. Молнии соответствуют пропорциям 40:60, 50:50, 60:40. Чтобы точно определить подходят чехлы для Вашего автомобиля, напишите пожалуйста нам в раздел вопросы к данному товару. Мы поможем сделать верный выбор. Высота спинки — 64см Ширина спинки в верхней части — 46см Ширина спинки в середине — 56см Глубина седушки — 56см Ширина подушки — 48см","Добрый день, благодарим Вас за вопрос, данной модели к сожалению не представлено на передний ряд сидений. Рекомендуем чехлы серии COMFORT COMBO: 16215353; CUSHION COMFORT: 16215360; COMFORT: 16215356; VERONA: 16215402; SOFT: 51066236. В комплекте 2 шт, цену Вы можете увидеть в своем личном кабинете. Также рекомендуем Вам анатомические накидки, которые Вы можете приобрести в количестве 5 шт, с артикулом: 10785034. С уважением, команда AUTOPROFI",0
4144013,Отправьте пожалуйста qr код или ссылку на установку чехлов. На упаковке не нашли.,"{'Доп. опции авточехла': 'пропорции 40/60 для заднего сиденья', 'Материал изделия': 'Велюр, поролон', 'Размер чехла': '100х100', 'Высота упаковки': '46 см', 'Артикул производителя': 'ECO-1105 BK/D.GY', 'Цвет': 'серый', 'Комплектация': 'Сиденье переднего ряда 2 шт', 'Ширина упаковки': '14 см', 'Тип чехла': 'чехол', 'Вес с упаковкой (кг)': '2.86 кг', 'Страна производства': 'Китай', 'Ставка НДС': '20', 'Длина упаковки': '58 см', 'Модель': 'защита сиденья', 'Марка автомобиля': 'Chery'}  Чехлы на сидения анатомические EXTRA COMFORT. Анатомические чехлы COMFORT ECO-1105 оснащены боковыми подушками для снижения нагрузки на мышцы и суставы при поворотах. Дополнительно осуществляется поддержка поясницы (встроенный упор). Дизайн стильный и сдержанный: черная велюровая основа и темно-серые вставки из велюра с перфорацией. Подойдут к любому интерьеру, включая салоны автомобилей представительского класса. Формованный велюр с перфорацией. Два уровня анатомической поддержки водителя и пассажира. Универсальная конструкция подходит для большинства автомобильных сидений. Карман в спинках передних чехлов. В комплект для заднего ряда этой серии вшиты 3 молнии в спинку и 3 молнии в сиденье. Это позволяет владельцам автомобилей с модульными задними сиденьями складывать и разделять их, не снимая чехлы. Молнии соответствуют пропорциям 40:60, 50:50, 60:40. Чтобы точно определить подходят чехлы для Вашего автомобиля, напишите пожалуйста нам в раздел вопросы к данному товару. Мы поможем сделать верный выбор. Высота спинки — 64см Ширина спинки в верхней части — 46см Ширина спинки в середине — 56см Глубина седушки — 56см Ширина подушки — 48см","Добрый день, благодарим Вас за вопрос, Вы можете ознакомиться  с инструкцией по установке в Ютуб по поисковому запросу: чехлы EXTRA COMFORT установка. С уважением, команда AUTOPROFI",0
3891798,когда подешевеет?,"{'Дата окончания действия сертификата/декларации': '01.03.2028', 'Комплектация': 'консилер кремовый с аппликатором 5 мл', 'Номер декларации соответствия': 'ЕАЭС N RU Д-KR.РА02.В.15330/23', 'Назначение косметического средства': 'для лица', 'Высота упаковки': '11 см', 'Состав': 'смотрите на отдельном слайде', 'Ставка НДС': '20', 'Ширина упаковки': '2 см', 'Тип кожи': 'для всех типов кожи', 'Прямые поставки от производителя': 'да', 'Срок годности': '36 месяцев', 'Действие': 'контуринг', 'Текстура': 'кремообразная', 'Цвет': 'бежевый', 'Длина упаковки': '2 см', 'Дата регистрации сертификата/декларации': '07.03.2023', 'Раздел меню': 'корейские бренды', 'Упаковка': 'пластиковый футляр', 'Объем товара': '5 мл', 'Страна производства': 'Республика Корея', 'Водостойкость средства': 'нет', 'Вес товара с упаковкой (г)': '21 г'}  Кремовый консилер для макияжа лица 02 натуральный беж. Жидкий кремовый консилер для лица Cover&Hiding Liquid Concealer от бренда Holika Holika подойдёт как для точечного нанесения, так и для кожи вокруг глаз. Маскирует все несовершенства кожи, покраснения, прыщи и тёмные круги, выравнивает цвет лица. Корректор не сушит кожу, эффективно скрывает всё, что захотите, отлично наслаивается, держится в течение всего дня, текстура лёгкая и кремовая. Удобный аппликатор помогает добиться безупречного нанесения. Способ применения: нанесите средство на кожу вокруг глаз и проблемные зоны. Растушуйте с помощью спонжа или кончиками пальцев. Предостережения: избегайте попадания средства в глаза, только для наружного применения. Слова для поиска: макияж, косметика, корейский консилер, консилер корея","Добрый день! Иногда цена в интернет-магазинах снижается в рамках сезонных, праздничных акций и промо. Точную дату, к сожалению, мы вам сказать не можем. С уважением, команда ООО ""Холика Ритейл""",0
3891798,"Здравствуйте. Консилер 01 можно заменить аналогом с похожим тоном из другой серии консилеров? Если да, то каким?  Спасибо :)","{'Дата окончания действия сертификата/декларации': '01.03.2028', 'Комплектация': 'консилер кремовый с аппликатором 5 мл', 'Номер декларации соответствия': 'ЕАЭС N RU Д-KR.РА02.В.15330/23', 'Назначение косметического средства': 'для лица', 'Высота упаковки': '11 см', 'Состав': 'смотрите на отдельном слайде', 'Ставка НДС': '20', 'Ширина упаковки': '2 см', 'Тип кожи': 'для всех типов кожи', 'Прямые поставки от производителя': 'да', 'Срок годности': '36 месяцев', 'Действие': 'контуринг', 'Текстура': 'кремообразная', 'Цвет': 'бежевый', 'Длина упаковки': '2 см', 'Дата регистрации сертификата/декларации': '07.03.2023', 'Раздел меню': 'корейские бренды', 'Упаковка': 'пластиковый футляр', 'Объем товара': '5 мл', 'Страна производства': 'Республика Корея', 'Водостойкость средства': 'нет', 'Вес товара с упаковкой (г)': '21 г'}  Кремовый консилер для макияжа лица 02 натуральный беж. Жидкий кремовый консилер для лица Cover&Hiding Liquid Concealer от бренда Holika Holika подойдёт как для точечного нанесения, так и для кожи вокруг глаз. Маскирует все несовершенства кожи, покраснения, прыщи и тёмные круги, выравнивает цвет лица. Корректор не сушит кожу, эффективно скрывает всё, что захотите, отлично наслаивается, держится в течение всего дня, текстура лёгкая и кремовая. Удобный аппликатор помогает добиться безупречного нанесения. Способ применения: нанесите средство на кожу вокруг глаз и проблемные зоны. Растушуйте с помощью спонжа или кончиками пальцев. Предостережения: избегайте попадания средства в глаза, только для наружного применения. Слова для поиска: макияж, косметика, корейский консилер, консилер корея","Добрый день! Идентичного на 100% оттенка нет, но максимально приближенным по оттенку может быть 01 Hard cover (арт 188077461). С уважением, команда ООО ""Холика Ритейл""",0
3891798,а почему не можем заказать купон в Армению?,"{'Дата окончания действия сертификата/декларации': '01.03.2028', 'Комплектация': 'консилер кремовый с аппликатором 5 мл', 'Номер декларации соответствия': 'ЕАЭС N RU Д-KR.РА02.В.15330/23', 'Назначение косметического средства': 'для лица', 'Высота упаковки': '11 см', 'Состав': 'смотрите на отдельном слайде', 'Ставка НДС': '20', 'Ширина упаковки': '2 см', 'Тип кожи': 'для всех типов кожи', 'Прямые поставки от производителя': 'да', 'Срок годности': '36 месяцев', 'Действие': 'контуринг', 'Текстура': 'кремообразная', 'Цвет': 'бежевый', 'Длина упаковки': '2 см', 'Дата регистрации сертификата/декларации': '07.03.2023', 'Раздел меню': 'корейские бренды', 'Упаковка': 'пластиковый футляр', 'Объем товара': '5 мл', 'Страна производства': 'Республика Корея', 'Водостойкость средства': 'нет', 'Вес товара с упаковкой (г)': '21 г'}  Кремовый консилер для макияжа лица 02 натуральный беж. Жидкий кремовый консилер для лица Cover&Hiding Liquid Concealer от бренда Holika Holika подойдёт как для точечного нанесения, так и для кожи вокруг глаз. Маскирует все несовершенства кожи, покраснения, прыщи и тёмные круги, выравнивает цвет лица. Корректор не сушит кожу, эффективно скрывает всё, что захотите, отлично наслаивается, держится в течение всего дня, текстура лёгкая и кремовая. Удобный аппликатор помогает добиться безупречного нанесения. Способ применения: нанесите средство на кожу вокруг глаз и проблемные зоны. Растушуйте с помощью спонжа или кончиками пальцев. Предостережения: избегайте попадания средства в глаза, только для наружного применения. Слова для поиска: макияж, косметика, корейский консилер, консилер корея","Здравствуйте! Пожалуйста, обратитесь с данным вопросом в техподдержку WB, вы написали напрямую поставщику. С уважением, команда ООО ""Холика Ритейл""",0
3891798,Здравствуйте. Консилер на водной основе?,"{'Дата окончания действия сертификата/декларации': '01.03.2028', 'Комплектация': 'консилер кремовый с аппликатором 5 мл', 'Номер декларации соответствия': 'ЕАЭС N RU Д-KR.РА02.В.15330/23', 'Назначение косметического средства': 'для лица', 'Высота упаковки': '11 см', 'Состав': 'смотрите на отдельном слайде', 'Ставка НДС': '20', 'Ширина упаковки': '2 см', 'Тип кожи': 'для всех типов кожи', 'Прямые поставки от производителя': 'да', 'Срок годности': '36 месяцев', 'Действие': 'контуринг', 'Текстура': 'кремообразная', 'Цвет': 'бежевый', 'Длина упаковки': '2 см', 'Дата регистрации сертификата/декларации': '07.03.2023', 'Раздел меню': 'корейские бренды', 'Упаковка': 'пластиковый футляр', 'Объем товара': '5 мл', 'Страна производства': 'Республика Корея', 'Водостойкость средства': 'нет', 'Вес товара с упаковкой (г)': '21 г'}  Кремовый консилер для макияжа лица 02 натуральный беж. Жидкий кремовый консилер для лица Cover&Hiding Liquid Concealer от бренда Holika Holika подойдёт как для точечного нанесения, так и для кожи вокруг глаз. Маскирует все несовершенства кожи, покраснения, прыщи и тёмные круги, выравнивает цвет лица. Корректор не сушит кожу, эффективно скрывает всё, что захотите, отлично наслаивается, держится в течение всего дня, текстура лёгкая и кремовая. Удобный аппликатор помогает добиться безупречного нанесения. Способ применения: нанесите средство на кожу вокруг глаз и проблемные зоны. Растушуйте с помощью спонжа или кончиками пальцев. Предостережения: избегайте попадания средства в глаза, только для наружного применения. Слова для поиска: макияж, косметика, корейский консилер, консилер корея","Добрый день! Основа консилера водная, но силиконы есть в составе. С уважением, команда ООО ""Холика Ритейл""",0
3525394,"Добрый день, при продуре дезинкрустации 1. В режиме soft peel (-) по салфетке смоченной лосьоном плоской стороной лопатки 2. Салфетку убираем, в режиме ""Nutrition"" (+) тоже плоской стороной лопатки? Потом можно проводить уз чистку по гелю? Все правильно?","{'Срок годности': '36 месяцев', 'Состав': 'бура', 'Длина упаковки': '9 см', 'Объем товара': '300 мл', 'Дата регистрации сертификата/декларации': '16.05.2023', 'Вес товара с упаковкой (г)': '340 г', 'Номер декларации соответствия': 'ЕАЭС N RU Д-RU.РА03.В.83916/23', 'Действие': 'очищение', 'Раздел меню': 'профессиональная косметика', 'Дата окончания действия сертификата/декларации': '11.05.2028', 'Ширина упаковки': '9 см', 'Тип кожи': 'для жирной кожи', 'Комплектация': 'Гель для аппаратных процедур, 300 мл - 1 шт', 'Повод': 'новый год', 'Форма упаковки': 'без давления', 'Страна производства': 'Россия', 'Ставка НДС': '20', 'Назначение подарка': 'подруге', 'Высота упаковки': '16 см', 'Прямые поставки от производителя': 'да', 'Назначение косметического средства': 'для лица', 'Упаковка': 'флакон с дозатором'}  Лосьон для ультразвуковой чистки лица. Лосьон для дезинкрустации Beauty Style необходим для очищения и удаления секрета сальных желез с помощью УЗ пилинга, гальванических токов или подготовки кожи к механической чистке. Подходит для всех типов кожи, рекомендован к использованию на жирной и пористой коже. Контактный гель дезинкрустант способствует комфортному удалению комедонов, снижает риск воспалений, обладает антисептическим действием. Токопроводящий гель тонизирует и сужает расширенные поры, регулирует водный баланс и смягчает кожу. Способ применения: ПОДГОТОВКА К УЗ ПИЛИНГУ. В качестве подготовительного средства лосьон применяется только в случае очень толстой, жирной, пористой кожи с упорными комедонами. Лосьоном пропитывается марлевая маска, которая помещается на лицо. Максимальное время экспозиции 10 минут, после чего удалите маску и смойте остатки лосьона. ДЕЗИНКРУСТАЦИЯ (ИОННОЕ ОЧИЩЕНИЕ). Лосьоном пропитывается марлевая маска (или салфетка), которая помещается на лицо. Процедура проводится непосредственно по маске, медленными движениями по массажным линиям. Заряд +.","Здравствуйте! В каждом из режимов генерируется гальванический ток: в режиме SOFT PEEL отрицательный, в режиме NUTRITION — положительный, в режиме lifting — попеременная смена плюса на минус. Соответственно, если нужна гальваническая процедура, удерживаются электроды, без удержания будет работать только ультразвук. Процедура гальванического очищения проводится по лосьону «Дезинкрустанту» сначала в режиме SOFT PEEL & CLEANSING, затем в режиме NUTRITION. В первом режиме загрязнения размягчаются, во втором вытягиваются на поверхность кожи. При проведении процедуры дезинкрустации можно пропитать лосьоном целиком тканевую маску и положить на лицо, а можно при помощи ватного диска зонально увлажнять лицо. Процедура проводится плоской стороной лопатки. Далее можно проводить процедуру УЗ пилинга по аппаратному гелю. С пожеланиями красоты и здоровья, команда Beauty Style.",1
3525394,"Напиште протокол использования этого средства . Ничего не понятно. Написано для уз чистки , значит я наношу под пленку , держу и потом открываю по одному участку и делаю чистку !? Так?","{'Срок годности': '36 месяцев', 'Состав': 'бура', 'Длина упаковки': '9 см', 'Объем товара': '300 мл', 'Дата регистрации сертификата/декларации': '16.05.2023', 'Вес товара с упаковкой (г)': '340 г', 'Номер декларации соответствия': 'ЕАЭС N RU Д-RU.РА03.В.83916/23', 'Действие': 'очищение', 'Раздел меню': 'профессиональная косметика', 'Дата окончания действия сертификата/декларации': '11.05.2028', 'Ширина упаковки': '9 см', 'Тип кожи': 'для жирной кожи', 'Комплектация': 'Гель для аппаратных процедур, 300 мл - 1 шт', 'Повод': 'новый год', 'Форма упаковки': 'без давления', 'Страна производства': 'Россия', 'Ставка НДС': '20', 'Назначение подарка': 'подруге', 'Высота упаковки': '16 см', 'Прямые поставки от производителя': 'да', 'Назначение косметического средства': 'для лица', 'Упаковка': 'флакон с дозатором'}  Лосьон для ультразвуковой чистки лица. Лосьон для дезинкрустации Beauty Style необходим для очищения и удаления секрета сальных желез с помощью УЗ пилинга, гальванических токов или подготовки кожи к механической чистке. Подходит для всех типов кожи, рекомендован к использованию на жирной и пористой коже. Контактный гель дезинкрустант способствует комфортному удалению комедонов, снижает риск воспалений, обладает антисептическим действием. Токопроводящий гель тонизирует и сужает расширенные поры, регулирует водный баланс и смягчает кожу. Способ применения: ПОДГОТОВКА К УЗ ПИЛИНГУ. В качестве подготовительного средства лосьон применяется только в случае очень толстой, жирной, пористой кожи с упорными комедонами. Лосьоном пропитывается марлевая маска, которая помещается на лицо. Максимальное время экспозиции 10 минут, после чего удалите маску и смойте остатки лосьона. ДЕЗИНКРУСТАЦИЯ (ИОННОЕ ОЧИЩЕНИЕ). Лосьоном пропитывается марлевая маска (или салфетка), которая помещается на лицо. Процедура проводится непосредственно по маске, медленными движениями по массажным линиям. Заряд +.","Здравствуйте! Подготовка к механической чистке. Наносится на лицо через пропитанную марлевую салфетку. Время воздействия около 10 минут (салфетка должна оставаться влажной). После размягчения удалить комедоны. Аппаратная чистка. Лосьон наносится на кожу перед использованием аппарата для УЗ-чистки или гальванотерапии. В качестве подготовительного средства к УЗ-чистке лосьон применяется только в случае очень толстой, жирной, пористой кожи с «упорными» комедонами. Лосьоном пропитывается марлевая маска, которая помещается на лицо. Максимальное время экспозиции 10 минут, после чего удалите маску и смойте остатки лосьона. С пожеланиями красоты и здоровья, команда Beauty Style.",0
3525394,"Подскажите пожалуйста, процедуру ионной очистки проводить сначала на полярности ""-"", а затем на ""+"" или можно выбрать режим Ion +/-?","{'Срок годности': '36 месяцев', 'Состав': 'бура', 'Длина упаковки': '9 см', 'Объем товара': '300 мл', 'Дата регистрации сертификата/декларации': '16.05.2023', 'Вес товара с упаковкой (г)': '340 г', 'Номер декларации соответствия': 'ЕАЭС N RU Д-RU.РА03.В.83916/23', 'Действие': 'очищение', 'Раздел меню': 'профессиональная косметика', 'Дата окончания действия сертификата/декларации': '11.05.2028', 'Ширина упаковки': '9 см', 'Тип кожи': 'для жирной кожи', 'Комплектация': 'Гель для аппаратных процедур, 300 мл - 1 шт', 'Повод': 'новый год', 'Форма упаковки': 'без давления', 'Страна производства': 'Россия', 'Ставка НДС': '20', 'Назначение подарка': 'подруге', 'Высота упаковки': '16 см', 'Прямые поставки от производителя': 'да', 'Назначение косметического средства': 'для лица', 'Упаковка': 'флакон с дозатором'}  Лосьон для ультразвуковой чистки лица. Лосьон для дезинкрустации Beauty Style необходим для очищения и удаления секрета сальных желез с помощью УЗ пилинга, гальванических токов или подготовки кожи к механической чистке. Подходит для всех типов кожи, рекомендован к использованию на жирной и пористой коже. Контактный гель дезинкрустант способствует комфортному удалению комедонов, снижает риск воспалений, обладает антисептическим действием. Токопроводящий гель тонизирует и сужает расширенные поры, регулирует водный баланс и смягчает кожу. Способ применения: ПОДГОТОВКА К УЗ ПИЛИНГУ. В качестве подготовительного средства лосьон применяется только в случае очень толстой, жирной, пористой кожи с упорными комедонами. Лосьоном пропитывается марлевая маска, которая помещается на лицо. Максимальное время экспозиции 10 минут, после чего удалите маску и смойте остатки лосьона. ДЕЗИНКРУСТАЦИЯ (ИОННОЕ ОЧИЩЕНИЕ). Лосьоном пропитывается марлевая маска (или салфетка), которая помещается на лицо. Процедура проводится непосредственно по маске, медленными движениями по массажным линиям. Заряд +.","Добрый день. Процедура дезинкрустации проводится на обеих полярностях. На «минусе» загрязнения в порах размягчаются, а на «плюсе» вытягиваются на поверхность кожи, происходит так называемая процедура омыления. С пожеланиями красоты и здоровья, команда Beauty Style.",1
3525394,"Здравствуйте, скажите как часто можно проводить аппаратную процедуру ионного очищения с этим лосьоном?","{'Срок годности': '36 месяцев', 'Состав': 'бура', 'Длина упаковки': '9 см', 'Объем товара': '300 мл', 'Дата регистрации сертификата/декларации': '16.05.2023', 'Вес товара с упаковкой (г)': '340 г', 'Номер декларации соответствия': 'ЕАЭС N RU Д-RU.РА03.В.83916/23', 'Действие': 'очищение', 'Раздел меню': 'профессиональная косметика', 'Дата окончания действия сертификата/декларации': '11.05.2028', 'Ширина упаковки': '9 см', 'Тип кожи': 'для жирной кожи', 'Комплектация': 'Гель для аппаратных процедур, 300 мл - 1 шт', 'Повод': 'новый год', 'Форма упаковки': 'без давления', 'Страна производства': 'Россия', 'Ставка НДС': '20', 'Назначение подарка': 'подруге', 'Высота упаковки': '16 см', 'Прямые поставки от производителя': 'да', 'Назначение косметического средства': 'для лица', 'Упаковка': 'флакон с дозатором'}  Лосьон для ультразвуковой чистки лица. Лосьон для дезинкрустации Beauty Style необходим для очищения и удаления секрета сальных желез с помощью УЗ пилинга, гальванических токов или подготовки кожи к механической чистке. Подходит для всех типов кожи, рекомендован к использованию на жирной и пористой коже. Контактный гель дезинкрустант способствует комфортному удалению комедонов, снижает риск воспалений, обладает антисептическим действием. Токопроводящий гель тонизирует и сужает расширенные поры, регулирует водный баланс и смягчает кожу. Способ применения: ПОДГОТОВКА К УЗ ПИЛИНГУ. В качестве подготовительного средства лосьон применяется только в случае очень толстой, жирной, пористой кожи с упорными комедонами. Лосьоном пропитывается марлевая маска, которая помещается на лицо. Максимальное время экспозиции 10 минут, после чего удалите маску и смойте остатки лосьона. ДЕЗИНКРУСТАЦИЯ (ИОННОЕ ОЧИЩЕНИЕ). Лосьоном пропитывается марлевая маска (или салфетка), которая помещается на лицо. Процедура проводится непосредственно по маске, медленными движениями по массажным линиям. Заряд +.","Здравствуйте!  Курс дезинкрустации — 1–2 раза в неделю, 6–8 недель. С уважением, Gezatone.",0
3525394,"Здравствуйте, скажите как часто можно проводить аппаратную процедуру ионного очищения с этим лосьоном?","{'Срок годности': '36 месяцев', 'Состав': 'бура', 'Длина упаковки': '9 см', 'Объем товара': '300 мл', 'Дата регистрации сертификата/декларации': '16.05.2023', 'Вес товара с упаковкой (г)': '340 г', 'Номер декларации соответствия': 'ЕАЭС N RU Д-RU.РА03.В.83916/23', 'Действие': 'очищение', 'Раздел меню': 'профессиональная косметика', 'Дата окончания действия сертификата/декларации': '11.05.2028', 'Ширина упаковки': '9 см', 'Тип кожи': 'для жирной кожи', 'Комплектация': 'Гель для аппаратных процедур, 300 мл - 1 шт', 'Повод': 'новый год', 'Форма упаковки': 'без давления', 'Страна производства': 'Россия', 'Ставка НДС': '20', 'Назначение подарка': 'подруге', 'Высота упаковки': '16 см', 'Прямые поставки от производителя': 'да', 'Назначение косметического средства': 'для лица', 'Упаковка': 'флакон с дозатором'}  Лосьон для ультразвуковой чистки лица. Лосьон для дезинкрустации Beauty Style необходим для очищения и удаления секрета сальных желез с помощью УЗ пилинга, гальванических токов или подготовки кожи к механической чистке. Подходит для всех типов кожи, рекомендован к использованию на жирной и пористой коже. Контактный гель дезинкрустант способствует комфортному удалению комедонов, снижает риск воспалений, обладает антисептическим действием. Токопроводящий гель тонизирует и сужает расширенные поры, регулирует водный баланс и смягчает кожу. Способ применения: ПОДГОТОВКА К УЗ ПИЛИНГУ. В качестве подготовительного средства лосьон применяется только в случае очень толстой, жирной, пористой кожи с упорными комедонами. Лосьоном пропитывается марлевая маска, которая помещается на лицо. Максимальное время экспозиции 10 минут, после чего удалите маску и смойте остатки лосьона. ДЕЗИНКРУСТАЦИЯ (ИОННОЕ ОЧИЩЕНИЕ). Лосьоном пропитывается марлевая маска (или салфетка), которая помещается на лицо. Процедура проводится непосредственно по маске, медленными движениями по массажным линиям. Заряд +.","Здравствуйте!  Курс дезинкрустации — 1–2 раза в неделю, 6–8 недель. С пожеланиями красоты и здоровья, команда Beauty Style.",0
3525394,"Здравствуйте, подскажите пожалуйста, что именно подойдет для процедуры аппаратом дарсонваль Gezatone Biolift 118 для проблемной кожи с высыпаниями, внутренними прыщами, черными точками, чтобы процодить процедуру дома?","{'Срок годности': '36 месяцев', 'Состав': 'бура', 'Длина упаковки': '9 см', 'Объем товара': '300 мл', 'Дата регистрации сертификата/декларации': '16.05.2023', 'Вес товара с упаковкой (г)': '340 г', 'Номер декларации соответствия': 'ЕАЭС N RU Д-RU.РА03.В.83916/23', 'Действие': 'очищение', 'Раздел меню': 'профессиональная косметика', 'Дата окончания действия сертификата/декларации': '11.05.2028', 'Ширина упаковки': '9 см', 'Тип кожи': 'для жирной кожи', 'Комплектация': 'Гель для аппаратных процедур, 300 мл - 1 шт', 'Повод': 'новый год', 'Форма упаковки': 'без давления', 'Страна производства': 'Россия', 'Ставка НДС': '20', 'Назначение подарка': 'подруге', 'Высота упаковки': '16 см', 'Прямые поставки от производителя': 'да', 'Назначение косметического средства': 'для лица', 'Упаковка': 'флакон с дозатором'}  Лосьон для ультразвуковой чистки лица. Лосьон для дезинкрустации Beauty Style необходим для очищения и удаления секрета сальных желез с помощью УЗ пилинга, гальванических токов или подготовки кожи к механической чистке. Подходит для всех типов кожи, рекомендован к использованию на жирной и пористой коже. Контактный гель дезинкрустант способствует комфортному удалению комедонов, снижает риск воспалений, обладает антисептическим действием. Токопроводящий гель тонизирует и сужает расширенные поры, регулирует водный баланс и смягчает кожу. Способ применения: ПОДГОТОВКА К УЗ ПИЛИНГУ. В качестве подготовительного средства лосьон применяется только в случае очень толстой, жирной, пористой кожи с упорными комедонами. Лосьоном пропитывается марлевая маска, которая помещается на лицо. Максимальное время экспозиции 10 минут, после чего удалите маску и смойте остатки лосьона. ДЕЗИНКРУСТАЦИЯ (ИОННОЕ ОЧИЩЕНИЕ). Лосьоном пропитывается марлевая маска (или салфетка), которая помещается на лицо. Процедура проводится непосредственно по маске, медленными движениями по массажным линиям. Заряд +.","Здравствуйте! Дарсонвализация - это физиотерапевтический метод, основанный на использовании высокочастотного переменного тока для лечения различных состояний кожи и тканей. Для проведения процедуры дарсонвализации специальная косметика не требуется. Процедура проводится по сухой и чистой коже. При обработке больших участков допустимо использование косметического талька или детской присыпки для улучшения скольжения. С уважением, Gezatone.",0
3525394,"Здравствуйте, подскажите пожалуйста, что именно подойдет для процедуры аппаратом дарсонваль Gezatone Biolift 118 для проблемной кожи с высыпаниями, внутренними прыщами, черными точками, чтобы процодить процедуру дома?","{'Срок годности': '36 месяцев', 'Состав': 'бура', 'Длина упаковки': '9 см', 'Объем товара': '300 мл', 'Дата регистрации сертификата/декларации': '16.05.2023', 'Вес товара с упаковкой (г)': '340 г', 'Номер декларации соответствия': 'ЕАЭС N RU Д-RU.РА03.В.83916/23', 'Действие': 'очищение', 'Раздел меню': 'профессиональная косметика', 'Дата окончания действия сертификата/декларации': '11.05.2028', 'Ширина упаковки': '9 см', 'Тип кожи': 'для жирной кожи', 'Комплектация': 'Гель для аппаратных процедур, 300 мл - 1 шт', 'Повод': 'новый год', 'Форма упаковки': 'без давления', 'Страна производства': 'Россия', 'Ставка НДС': '20', 'Назначение подарка': 'подруге', 'Высота упаковки': '16 см', 'Прямые поставки от производителя': 'да', 'Назначение косметического средства': 'для лица', 'Упаковка': 'флакон с дозатором'}  Лосьон для ультразвуковой чистки лица. Лосьон для дезинкрустации Beauty Style необходим для очищения и удаления секрета сальных желез с помощью УЗ пилинга, гальванических токов или подготовки кожи к механической чистке. Подходит для всех типов кожи, рекомендован к использованию на жирной и пористой коже. Контактный гель дезинкрустант способствует комфортному удалению комедонов, снижает риск воспалений, обладает антисептическим действием. Токопроводящий гель тонизирует и сужает расширенные поры, регулирует водный баланс и смягчает кожу. Способ применения: ПОДГОТОВКА К УЗ ПИЛИНГУ. В качестве подготовительного средства лосьон применяется только в случае очень толстой, жирной, пористой кожи с упорными комедонами. Лосьоном пропитывается марлевая маска, которая помещается на лицо. Максимальное время экспозиции 10 минут, после чего удалите маску и смойте остатки лосьона. ДЕЗИНКРУСТАЦИЯ (ИОННОЕ ОЧИЩЕНИЕ). Лосьоном пропитывается марлевая маска (или салфетка), которая помещается на лицо. Процедура проводится непосредственно по маске, медленными движениями по массажным линиям. Заряд +.","Здравствуйте! Дарсонвализация - это физиотерапевтический метод, основанный на использовании высокочастотного переменного тока для лечения различных состояний кожи и тканей. Для проведения процедуры дарсонвализации специальная косметика не требуется. Процедура проводится по сухой и чистой коже. При обработке больших участков допустимо использование косметического талька или детской присыпки для улучшения скольжения. С уважением, Beauty Style.",0
161853011,выбираю цикличность макроса и отключение любой кнопкой и это не работает пока макрос не отыграет по сценарию как быть тех поддержка молчит уже довольно долго? ах да и русского языка нету большой минус...,"{'Длина мыши': '65 мм', 'Тип подключения мыши': 'беспроводная', 'Номер декларации соответствия': 'ЕАЭС N RU Д-CN.РА07.В.47281/22', 'Дата окончания действия сертификата/декларации': '18.10.2027', 'Страна производства': 'Китай', 'Цвет': 'глубокий черный', 'Длина кабеля': '180 см', 'Высота упаковки': '17 см', 'Хват мыши': 'Классический', 'Гарантийный срок': '18 месяцев', 'Ширина упаковки': '23 см', 'Разрешение сенсора мыши': '8000', 'Комплектация': 'Игровая мышка', 'Игровая модель': 'игровая', 'Ширина мыши': '41 мм', 'Дата регистрации сертификата/декларации': '19.10.2022', 'Вес товара с упаковкой (г)': '230 г', 'Интерфейс подключения': 'USB', 'Тип мыши': 'беспроводная', 'Доп. опции мыши': 'подсветка', 'Модель': 'Trident', 'Высота мыши': '124 мм', 'Количество кнопок мыши': '6 шт.', 'Длина упаковки': '7 см'}  Игровая мышка беспроводная Trident. Беспроводная компьютерная мышь Redragon Trident с подсветкой и встроенным аккумулятором оптимально подходит для компьютерных игр и работы с ПК. Удобный размер мышки, а также прочное, приятное на ощупь прорезиненное покрытие и широкое колесо прокрутки обеспечивают комфортную работу в течение всего времени. Получите преимущество в битвах с геймерской мышкой Trident! С весом всего 91 грамм и сенсором Pixart 3104 на 8000 DPI эта мышь - ключ к вашей победе. Три способа подключения дадут доступ к вашей любимой игре в любой момент. Добро пожаловать в мир высокой скорости и меткости с мышью Trident.",Здравствуйте! Все обращения на почту обрабатываются в течение 3-х рабочих дней. Если вы не получили ответа - проверьте правильность написания почтового адреса и напишите нам еще раз с описанием своей проблемы на help@redragon.ru,0
161853011,скажите ещё пожалуйста в режиме ожидания(сон) подсветка также работает или гаснет?,"{'Длина мыши': '65 мм', 'Тип подключения мыши': 'беспроводная', 'Номер декларации соответствия': 'ЕАЭС N RU Д-CN.РА07.В.47281/22', 'Дата окончания действия сертификата/декларации': '18.10.2027', 'Страна производства': 'Китай', 'Цвет': 'глубокий черный', 'Длина кабеля': '180 см', 'Высота упаковки': '17 см', 'Хват мыши': 'Классический', 'Гарантийный срок': '18 месяцев', 'Ширина упаковки': '23 см', 'Разрешение сенсора мыши': '8000', 'Комплектация': 'Игровая мышка', 'Игровая модель': 'игровая', 'Ширина мыши': '41 мм', 'Дата регистрации сертификата/декларации': '19.10.2022', 'Вес товара с упаковкой (г)': '230 г', 'Интерфейс подключения': 'USB', 'Тип мыши': 'беспроводная', 'Доп. опции мыши': 'подсветка', 'Модель': 'Trident', 'Высота мыши': '124 мм', 'Количество кнопок мыши': '6 шт.', 'Длина упаковки': '7 см'}  Игровая мышка беспроводная Trident. Беспроводная компьютерная мышь Redragon Trident с подсветкой и встроенным аккумулятором оптимально подходит для компьютерных игр и работы с ПК. Удобный размер мышки, а также прочное, приятное на ощупь прорезиненное покрытие и широкое колесо прокрутки обеспечивают комфортную работу в течение всего времени. Получите преимущество в битвах с геймерской мышкой Trident! С весом всего 91 грамм и сенсором Pixart 3104 на 8000 DPI эта мышь - ключ к вашей победе. Три способа подключения дадут доступ к вашей любимой игре в любой момент. Добро пожаловать в мир высокой скорости и меткости с мышью Trident.",Здравствуйте! Гаснет.,0
161853011,есть ли гарантия?,"{'Длина мыши': '65 мм', 'Тип подключения мыши': 'беспроводная', 'Номер декларации соответствия': 'ЕАЭС N RU Д-CN.РА07.В.47281/22', 'Дата окончания действия сертификата/декларации': '18.10.2027', 'Страна производства': 'Китай', 'Цвет': 'глубокий черный', 'Длина кабеля': '180 см', 'Высота упаковки': '17 см', 'Хват мыши': 'Классический', 'Гарантийный срок': '18 месяцев', 'Ширина упаковки': '23 см', 'Разрешение сенсора мыши': '8000', 'Комплектация': 'Игровая мышка', 'Игровая модель': 'игровая', 'Ширина мыши': '41 мм', 'Дата регистрации сертификата/декларации': '19.10.2022', 'Вес товара с упаковкой (г)': '230 г', 'Интерфейс подключения': 'USB', 'Тип мыши': 'беспроводная', 'Доп. опции мыши': 'подсветка', 'Модель': 'Trident', 'Высота мыши': '124 мм', 'Количество кнопок мыши': '6 шт.', 'Длина упаковки': '7 см'}  Игровая мышка беспроводная Trident. Беспроводная компьютерная мышь Redragon Trident с подсветкой и встроенным аккумулятором оптимально подходит для компьютерных игр и работы с ПК. Удобный размер мышки, а также прочное, приятное на ощупь прорезиненное покрытие и широкое колесо прокрутки обеспечивают комфортную работу в течение всего времени. Получите преимущество в битвах с геймерской мышкой Trident! С весом всего 91 грамм и сенсором Pixart 3104 на 8000 DPI эта мышь - ключ к вашей победе. Три способа подключения дадут доступ к вашей любимой игре в любой момент. Добро пожаловать в мир высокой скорости и меткости с мышью Trident.","Здравствуйте! Да, 18 месяцев.",1
161853011,Подсветку можно отключить на мышке кнопками Или только через программу?,"{'Длина мыши': '65 мм', 'Тип подключения мыши': 'беспроводная', 'Номер декларации соответствия': 'ЕАЭС N RU Д-CN.РА07.В.47281/22', 'Дата окончания действия сертификата/декларации': '18.10.2027', 'Страна производства': 'Китай', 'Цвет': 'глубокий черный', 'Длина кабеля': '180 см', 'Высота упаковки': '17 см', 'Хват мыши': 'Классический', 'Гарантийный срок': '18 месяцев', 'Ширина упаковки': '23 см', 'Разрешение сенсора мыши': '8000', 'Комплектация': 'Игровая мышка', 'Игровая модель': 'игровая', 'Ширина мыши': '41 мм', 'Дата регистрации сертификата/декларации': '19.10.2022', 'Вес товара с упаковкой (г)': '230 г', 'Интерфейс подключения': 'USB', 'Тип мыши': 'беспроводная', 'Доп. опции мыши': 'подсветка', 'Модель': 'Trident', 'Высота мыши': '124 мм', 'Количество кнопок мыши': '6 шт.', 'Длина упаковки': '7 см'}  Игровая мышка беспроводная Trident. Беспроводная компьютерная мышь Redragon Trident с подсветкой и встроенным аккумулятором оптимально подходит для компьютерных игр и работы с ПК. Удобный размер мышки, а также прочное, приятное на ощупь прорезиненное покрытие и широкое колесо прокрутки обеспечивают комфортную работу в течение всего времени. Получите преимущество в битвах с геймерской мышкой Trident! С весом всего 91 грамм и сенсором Pixart 3104 на 8000 DPI эта мышь - ключ к вашей победе. Три способа подключения дадут доступ к вашей любимой игре в любой момент. Добро пожаловать в мир высокой скорости и меткости с мышью Trident.",Здравствуйте! Кнопками отключить нельзя.,0
3942949,"Здравствуйте, подскажите пожалуйста  будет ли поступление р 64-66.","{'Комплектация': 'костюм сетчатый антимоскитный - 1 шт', 'Длина упаковки': '44 см', 'Цвет': 'камуфляж', 'Страна производства': 'Россия', 'Состав': 'верхний слой: 100% п/э', 'Спортивное назначение': 'охота', 'Пол': 'Мужской', 'ТНВЭД': '6103230000', 'Высота упаковки': '17 см', 'Ширина упаковки': '26 см'} {'Российский размер 56': 'Обхват бедер, в см 116-120, Обхват груди, в см 110-114, Обхват талии, в см 98-102', 'Российский размер 54': 'Обхват бедер, в см 112-116, Обхват груди, в см 106-110, Обхват талии, в см 94-98', 'Российский размер 52': 'Обхват бедер, в см 110-114, Обхват груди, в см 102-106, Обхват талии, в см 82-86', 'Российский размер 48': 'Обхват бедер, в см 100-104, Обхват груди, в см 94-98, Обхват талии, в см 82-86'} Защитный костюм мужской летний сетка от комаров и клещей. 6-ти предметный Комплект Телохранитель Boevoy ТХ7 – это инновационное решение для надежной защиты от клещей, комаров, мошек и других опасных кровососущих насекомых. Этот антимоскитный летний костюм обеспечивает не только непревзойденную безопасность, но и комфорт в жаркое время года. В отличие от аналогичных защитных костюмов, комплект Телохранитель Boevoy ТХ7 вентилирует в жаркий период, обеспечивая уникальное сочетание защиты и комфорта. Костюм от комаров и клещей Boevoy ТХ7 состоит из двух сетчатых слоев одежды, предназначенных для низкой и средней активности. Нательный слой изготовлен из сетки толщиной 4 мм, что превышает длину хоботков насекомых и создаёт вокруг тела мощную воздушную подушку, которая является естественным терморегулятором. Второй слой антимоскитного костюма выполнен из мелкой синтетической сетки, обеспечивающей вентиляцию и эффективную защиту от хоботков кровососущих насекомых. Этот антимоскитный костюм сетка также является антиэнцефалитным и противоэнцефалитным костюмом мужским, предоставляя полный спектр защиты для рыбаков, охотников, туристов и профессионалов. Может использоваться круглогодично, обеспечивая уверенность и комфорт в любых условиях.",Здравствуйте. Поступление  было  18.08.2024. Отслеживайте на сайте.,0
3942949,"Здравствуйте, подскажите пожалуйста размер 64-66 будет ли поступление? Спасибо.","{'Комплектация': 'костюм сетчатый антимоскитный - 1 шт', 'Длина упаковки': '44 см', 'Цвет': 'камуфляж', 'Страна производства': 'Россия', 'Состав': 'верхний слой: 100% п/э', 'Спортивное назначение': 'охота', 'Пол': 'Мужской', 'ТНВЭД': '6103230000', 'Высота упаковки': '17 см', 'Ширина упаковки': '26 см'} {'Российский размер 56': 'Обхват бедер, в см 116-120, Обхват груди, в см 110-114, Обхват талии, в см 98-102', 'Российский размер 54': 'Обхват бедер, в см 112-116, Обхват груди, в см 106-110, Обхват талии, в см 94-98', 'Российский размер 52': 'Обхват бедер, в см 110-114, Обхват груди, в см 102-106, Обхват талии, в см 82-86', 'Российский размер 48': 'Обхват бедер, в см 100-104, Обхват груди, в см 94-98, Обхват талии, в см 82-86'} Защитный костюм мужской летний сетка от комаров и клещей. 6-ти предметный Комплект Телохранитель Boevoy ТХ7 – это инновационное решение для надежной защиты от клещей, комаров, мошек и других опасных кровососущих насекомых. Этот антимоскитный летний костюм обеспечивает не только непревзойденную безопасность, но и комфорт в жаркое время года. В отличие от аналогичных защитных костюмов, комплект Телохранитель Boevoy ТХ7 вентилирует в жаркий период, обеспечивая уникальное сочетание защиты и комфорта. Костюм от комаров и клещей Boevoy ТХ7 состоит из двух сетчатых слоев одежды, предназначенных для низкой и средней активности. Нательный слой изготовлен из сетки толщиной 4 мм, что превышает длину хоботков насекомых и создаёт вокруг тела мощную воздушную подушку, которая является естественным терморегулятором. Второй слой антимоскитного костюма выполнен из мелкой синтетической сетки, обеспечивающей вентиляцию и эффективную защиту от хоботков кровососущих насекомых. Этот антимоскитный костюм сетка также является антиэнцефалитным и противоэнцефалитным костюмом мужским, предоставляя полный спектр защиты для рыбаков, охотников, туристов и профессионалов. Может использоваться круглогодично, обеспечивая уверенность и комфорт в любых условиях.",Здравствуйте. Поставка   18.08.2024. Отслеживайте на сайте пожалуйста.,0
2520645,"Здравствуйте,хотелось бы увидеть в наличии черный боди размер xs(36),потому что другие большие🥺","{'Длина изделия по спинке': '45 см', 'Особенности белья': 'бесшовное', 'Сезон': 'круглогодичный', 'Цвет': 'черный', 'Ставка НДС': '20', 'Высота упаковки': '20 см', 'Коллекция': 'Базовая коллекция', 'Пол': 'Женский', 'Страна производства': 'Китай', 'ТНВЭД': '6212900000', 'Комплектация': 'боди', 'Назначение': 'выпускной', 'Состав': 'эластан 15%', 'Ширина упаковки': '30 см', 'Длина упаковки': '10 см', 'Назначение белья/купальника': 'повседневное'} {'Российский размер 42-44': 'Обхват бедер, в см 92-98, Обхват груди, в см 82-90, Обхват талии, в см 62-70', 'Российский размер 38-40': 'Обхват бедер, в см 82-90, Обхват груди, в см 74-82, Обхват талии, в см 54-62', 'Российский размер 46': 'Обхват бедер, в см 98-102, Обхват груди, в см 90-94, Обхват талии, в см 70-74', 'Российский размер 48': 'Обхват бедер, в см 102-106, Обхват груди, в см 94-98, Обхват талии, в см 74-78'} Корректирующее боди женское. Корректирующее боди женское со съемными бретелями, встроенные формованные чашки красиво подчеркнут грудь. Утягивающее боди бесшовное, гладкое, идеально как топ, бюстье. Боди с открытой спиной отлично можно носить с джинсами, шортами, юбками. Подсобирающий шов по центру ягодиц делает легкий эффект ""пуш-ап"", что дает дополнительные соблазнительные формы.","Добрый день, они маломерки сильно, попробуйте S заказать, оно идет на российский 38-40 размер, примерьте в ПВЗ, и решите, надо ли выкупать. Размер XS снят с производства совсем.",0
2520645,Здравствуйте! Будет ли чёрный цвет боди в xl?,"{'Длина изделия по спинке': '45 см', 'Особенности белья': 'бесшовное', 'Сезон': 'круглогодичный', 'Цвет': 'черный', 'Ставка НДС': '20', 'Высота упаковки': '20 см', 'Коллекция': 'Базовая коллекция', 'Пол': 'Женский', 'Страна производства': 'Китай', 'ТНВЭД': '6212900000', 'Комплектация': 'боди', 'Назначение': 'выпускной', 'Состав': 'эластан 15%', 'Ширина упаковки': '30 см', 'Длина упаковки': '10 см', 'Назначение белья/купальника': 'повседневное'} {'Российский размер 42-44': 'Обхват бедер, в см 92-98, Обхват груди, в см 82-90, Обхват талии, в см 62-70', 'Российский размер 38-40': 'Обхват бедер, в см 82-90, Обхват груди, в см 74-82, Обхват талии, в см 54-62', 'Российский размер 46': 'Обхват бедер, в см 98-102, Обхват груди, в см 90-94, Обхват талии, в см 70-74', 'Российский размер 48': 'Обхват бедер, в см 102-106, Обхват груди, в см 94-98, Обхват талии, в см 74-78'} Корректирующее боди женское. Корректирующее боди женское со съемными бретелями, встроенные формованные чашки красиво подчеркнут грудь. Утягивающее боди бесшовное, гладкое, идеально как топ, бюстье. Боди с открытой спиной отлично можно носить с джинсами, шортами, юбками. Подсобирающий шов по центру ягодиц делает легкий эффект ""пуш-ап"", что дает дополнительные соблазнительные формы.",В этом сезоне нет.,0
5611997,здравствуйте а повязка идет в комплект 80-86если нет то я даже забирать тогда не буду.,"{'Декоративные элементы': 'кружево', 'Комплектация': 'Повязка для волос - 1 шт', 'Длина упаковки': '60 см', 'Пол': 'Девочки', 'Цвет': 'белый', 'Состав': 'хлопок 20%', 'Материал подкладки': 'Хлопок 100%', 'Рисунок': 'нет', 'Страна производства': 'Россия', 'Покрой': 'длинный', 'Высота упаковки': '3 см', 'Вырез горловины': 'округлый ворот', 'Ширина упаковки': '45 см', 'Тип рукава': 'без рукавов', 'Фактура материала': 'кружевной', 'Вид застежки': 'Скрытая молния на спинке', 'Модель платья': 'трапеция', 'ТНВЭД': '6204499000', 'Коллекция': 'Весна-Лето 2018', 'Особенности модели': 'Пышная многослойная юбка, хлопковый подклад,', 'Назначение': 'подарок.', 'Уход за вещами': 'Бережна стирка при температуре не более 30 гр'} {'Российский размер 92-98': 'Рост, см 92-98', 'Российский размер 98-104': 'Рост, см 98-104', 'Российский размер 104-110': 'Рост, см 104-110', 'Российский размер 68-74': 'Рост, см 68-74', 'Российский размер 74-80': 'Рост, см 74-80', 'Российский размер 80-86': 'Рост, см 80-86', 'Российский размер 86-92': 'Рост, см 86-92'} Платье нарядное детское. ПОВЯЗКА ИДЁТ В КОМПЛЕКТЕ С ПЛАТЬЕМ В РАЗМЕРАХ: 80, 86, 92. В РАЗМЕРАХ - 98, 104, 110 НЕТ ПОВЯЗКИ!!!! Нарядное белое платье для девочки застегивается на скрытую молнию по спинке. Лиф изготовлен из атласного материала с верхним слоем из расшитого гипюра, на талии съемное украшение в виде яркого цветка. Многослойная юбка состоит из 6-ти слоев: изнаночный хлопковый слой, плотная сетка для создания объема, нежный атлас и верхние слои из мягкой сеточки.","Здравствуйте, повязка  идёт в комплекте с платьем  в размерах 80, 86, 92 это указано в карточке товара. С уважением, компания ""ПАПИТТО"".",1
162918341,здравствуйте заказала купальник пришёл примеряла  примерочной был мал отказ сделала а деньги за него вычли и купальник забрали почему так?,"{'Коллекция': 'Базовая коллекция', 'Рисунок': 'Узор в виде лепестков', 'Страна производства': 'Китай', 'Модель плавок': 'брифы/классические', 'Отличительные особенности': 'для полных', 'Ширина упаковки': '31 см', 'Чашка': 'без косточек с уплотнением', 'Вид купальника': 'слитный купальник', 'Высота упаковки': '3 см', 'Декоративные элементы': 'сетка на животе', 'Дата окончания действия сертификата/декларации': '30.11.2026', 'Материал подкладки': 'полиамид', 'Пол': 'Женский', 'Модель лифа': 'топ', 'Номер сертификата соответствия': 'ЕАЭС RU С-CN.НВ10.В.00889/21', 'Спортивное назначение': 'пляжный теннис', 'Любимые герои': 'Сексуальное женское нижнее белье', 'Назначение белья/купальника': 'плавать в бассейне', 'Длина упаковки': '21 см', 'Дата регистрации сертификата/декларации': '01.12.2021', 'Цвет': 'темно-синий', 'Комплектация': 'купальник слитный - 1 шт', 'Уход за вещами': 'ручная стирка при t не более 30С'} {'Российский размер 56': 'Обхват бедер, в см 118-122, Обхват груди, в см 110-114, Обхват талии, в см 90-94', 'Российский размер 54': 'Обхват бедер, в см 114-118, Обхват груди, в см 106-110, Обхват талии, в см 86-90', 'Российский размер 52': 'Обхват бедер, в см 110-114, Обхват груди, в см 102-106, Обхват талии, в см 82-86'} Слитный женский купальник больших размеров для плавания. Классический слитный женский купальник с открытыми плечами, спиной и завышенной талией. Высокая спортивная посадка, рисунок с цветочками, придаст вам неотразимый сексуальный и спортивный образ. Сдельный цельный солнцезащитный купальник с не съемными чашечками. Перед дублирован подкладом. Изготовлен из качественных, быстросохнущих, износостойких материалов, обладает длительным сроком службы. Утягивающий купальник с регулируемыми бретелями, рассчитан для женщин с любым типом фигуры. Купальник рассчитан как на худых, так и на полных или пышных женщин (плюс-сайз). Модель отличается идеальной посадкой, высоким поясом безупречно выглядят на обладательницах маленького живота, устранив его визуальный эффект. Удачно подчеркнет грудь любых размеров благодаря моделирующим контурам чашечек и вставкам из мягкого поролона. Стильное пляжное бюстье для девушек легко скрывающее недостатки и подчеркивающее достоинства фигуры в любом возрасте. Обладательница купальника с утягивающим эффектом сможет визуально вытянуть свой силуэт и выделить бедра, сузить талию, обеспечит более привлекательные очертания фигуры. Купальник корректирующий отлично смотрится и на полных и крупных девушках, пожилых активных бабушках. Удачный вариант для беременных, хорошо тянется и выгодно подчеркнет их животик. Женщина, ждущая ребенка, сможет без усилий надеть и снять купальный костюм и чувствовать себя комфортно в том числе и в последнем триместре. Купальник подойдет и для кормящих мам. Обладательницы этой яркой модели будут комфортно чувствовать себя на море или в бассейне, на занятиях фитнесом, серфингом. Он убережет чувствительную кожу от загара. Синий слитный купальник позволит представить женскую фигуру наиболее выигрышным образом. Сохраняет яркие расцветки также при продолжительном воздействии солнца и хлора. Покрой безупречен для занятий спортом, а также позволяет с комфортом плавать в естественном и искусственном водоеме.",Здравствуйте. Вам необходимо написать в службу поддержки.,0
162918341,"Добрый день. Подскажите, пожалуйста, какой купальник выбрать при параметрах ОГ-108, ОТ- 90,ОБ-108? Спасибо.","{'Коллекция': 'Базовая коллекция', 'Рисунок': 'Узор в виде лепестков', 'Страна производства': 'Китай', 'Модель плавок': 'брифы/классические', 'Отличительные особенности': 'для полных', 'Ширина упаковки': '31 см', 'Чашка': 'без косточек с уплотнением', 'Вид купальника': 'слитный купальник', 'Высота упаковки': '3 см', 'Декоративные элементы': 'сетка на животе', 'Дата окончания действия сертификата/декларации': '30.11.2026', 'Материал подкладки': 'полиамид', 'Пол': 'Женский', 'Модель лифа': 'топ', 'Номер сертификата соответствия': 'ЕАЭС RU С-CN.НВ10.В.00889/21', 'Спортивное назначение': 'пляжный теннис', 'Любимые герои': 'Сексуальное женское нижнее белье', 'Назначение белья/купальника': 'плавать в бассейне', 'Длина упаковки': '21 см', 'Дата регистрации сертификата/декларации': '01.12.2021', 'Цвет': 'темно-синий', 'Комплектация': 'купальник слитный - 1 шт', 'Уход за вещами': 'ручная стирка при t не более 30С'} {'Российский размер 56': 'Обхват бедер, в см 118-122, Обхват груди, в см 110-114, Обхват талии, в см 90-94', 'Российский размер 54': 'Обхват бедер, в см 114-118, Обхват груди, в см 106-110, Обхват талии, в см 86-90', 'Российский размер 52': 'Обхват бедер, в см 110-114, Обхват груди, в см 102-106, Обхват талии, в см 82-86'} Слитный женский купальник больших размеров для плавания. Классический слитный женский купальник с открытыми плечами, спиной и завышенной талией. Высокая спортивная посадка, рисунок с цветочками, придаст вам неотразимый сексуальный и спортивный образ. Сдельный цельный солнцезащитный купальник с не съемными чашечками. Перед дублирован подкладом. Изготовлен из качественных, быстросохнущих, износостойких материалов, обладает длительным сроком службы. Утягивающий купальник с регулируемыми бретелями, рассчитан для женщин с любым типом фигуры. Купальник рассчитан как на худых, так и на полных или пышных женщин (плюс-сайз). Модель отличается идеальной посадкой, высоким поясом безупречно выглядят на обладательницах маленького живота, устранив его визуальный эффект. Удачно подчеркнет грудь любых размеров благодаря моделирующим контурам чашечек и вставкам из мягкого поролона. Стильное пляжное бюстье для девушек легко скрывающее недостатки и подчеркивающее достоинства фигуры в любом возрасте. Обладательница купальника с утягивающим эффектом сможет визуально вытянуть свой силуэт и выделить бедра, сузить талию, обеспечит более привлекательные очертания фигуры. Купальник корректирующий отлично смотрится и на полных и крупных девушках, пожилых активных бабушках. Удачный вариант для беременных, хорошо тянется и выгодно подчеркнет их животик. Женщина, ждущая ребенка, сможет без усилий надеть и снять купальный костюм и чувствовать себя комфортно в том числе и в последнем триместре. Купальник подойдет и для кормящих мам. Обладательницы этой яркой модели будут комфортно чувствовать себя на море или в бассейне, на занятиях фитнесом, серфингом. Он убережет чувствительную кожу от загара. Синий слитный купальник позволит представить женскую фигуру наиболее выигрышным образом. Сохраняет яркие расцветки также при продолжительном воздействии солнца и хлора. Покрой безупречен для занятий спортом, а также позволяет с комфортом плавать в естественном и искусственном водоеме.","Здравствуйте. У Вас не совсем стандартные параметры, при которых верх купальника может подойти, а низ может быть большеват. Можете попробовать заказать 2 размера для сравнения: 52 и 54. Только убедительно просим при получении на пункте выдачи заказов менеджеру сообщить о том, что Вы сначала примерите товар (в пункте выдачи) и далее уже определитесь с размером. Поскольку в последнее время менеджеры часто стали сразу проводить оплату за товар. Когда проходит оплата, то вернуть товар уже нельзя будет. Примерка товара возможна только на пункте выдачи заказов.",1
8353042,что за ерунда с ценой? цена краски 197руб.а пр оформлении на 100руб.больше?это такой обман?,"{'Ширина упаковки': '7 см', 'Форма упаковки': 'без давления', 'Высота упаковки': '16 см', 'Дата окончания действия сертификата/декларации': '31.12.2099', 'Длина упаковки': '5 см', 'Упаковка': 'флакон', 'Срок годности': '36 месяцев', 'Дата регистрации сертификата/декларации': '04.03.2019', 'Вес товара с упаковкой (г)': '152 г', 'Номер декларации соответствия': 'RU.77.99.29.001.Е.000729.03.19', 'Страна производства': 'Россия', 'Состав': 'вода', 'Номер сертификата соответствия': 'RU.77.99.29.001.Е.000729.03.19', 'Тон краски для волос': '9.02, Перламутровый блонд', 'Тип краски': 'перманентная', 'Раздел меню': 'Окрашивание волос и химическая завивка', 'Назначение косметического средства': 'для волос', 'Цвет': 'перламутровый', 'Объем товара': '110 мл', 'Прямые поставки от производителя': 'да', 'Комплектация': 'краска для волос Garnier (Гарньер) - 1 шт', 'Особенности краски для волос': 'аммиачная'}  Крем-краска для волос Color Sensation. Стойкая крем-краска Color Sensation от Garnier. Благодаря интенсивным пигментам и эссенции розы цвет еще более насыщенный и стойкий до 10 недель (Инструментальный тест), а волосы отражают свет и переливаются зеркальным блеском. Обволакивающая текстура крем-ухода от Гарньер, обогащенного эссенцией розы, ухаживает за волосами и делает их мягкими и шелковистыми. Изысканный цветочный аромат краски Колор Сенсейшен превращает окрашивание в истинное удовольствие. До 100% закрашивание седины. Делает волосы блестящими. Обволакивающая текстура не течет. СПОСОБ ПРИМЕНЕНИЯ: 1. Смешайте крем-краску и молочко-проявитель; 2. Нанесите на волосы; 3. Подождите рекомендуемое количество минут и смойте; 4. Нанесите бальзам. Крем-краска для волос может вызвать серьезную аллергическую реакцию. Игнорирование аллергической реакции может быть опасно для жизни. Обязательно проведите тест на склонность к аллергии за 48 часов до каждого использования продукта. Храните в недоступных для детей местах. Не используйте для окрашивания волос детей. Следуйте инструкции по применению.","Добрый день! Спасибо за обращение. Мы понимаем, что данная ситуация могла вызвать неудобства. По вопросу об актуальной стоимости товара, которая отображается в корзине при заказе рекомендуем создать обращение в службу поддержки интернет-магазина. Желаем приятных покупок.",0
2025472,"Здравствуйте, когда краска будет стоить в районе 470₽ рыжая? Месяц уже держится цена в районе 600₽","{'Особенности краски для волос': 'аммиачная', 'Упаковка': 'коробка', 'Комплектация': ""стойкая гель-краска для волос L'Oreal Paris (Лореаль Париж) - 1 шт"", 'Вес товара с упаковкой (г)': '243 г', 'Тон краски для волос': '7.4 Интенсивный медный', 'Срок годности': '36 месяцев', 'Дата регистрации сертификата/декларации': '28.04.2016', 'Ширина упаковки': '10 см', 'Дата окончания действия сертификата/декларации': '27.04.2099', 'Длина упаковки': '7 см', 'Назначение косметического средства': 'для волос', 'Страна производства': 'Бельгия', 'Состав': 'вода', 'Высота упаковки': '17 см', 'Раздел меню': 'Окрашивание волос и химическая завивка', 'Форма упаковки': 'без давления', 'Прямые поставки от производителя': 'да', 'Тип краски': 'перманентная', 'Объем товара': '174 мл', 'Цвет': 'медный', 'Номер сертификата соответствия': 'RU.77.99.29.001.E.001910.04.16'}  Стойкая краска для волос Preference. Стойкая краска для волос Preference (Преферанс) от L'Oreal Paris (Лореаль Париж) - премиальное качество окрашивания! Она создана ведущими экспертами лабораторий Лореаль Париж в сотрудничестве с профессиональным колористом Кристофом Робином. В результате исследований был разработан уникальный состав краски, основанный на более объемных красящих пигментах. Стойкая краска способна дольше удерживаться в структуре волос, создавая неповторимый яркий цвет, устойчивый к вымыванию и возникновению тусклости. Комплекс Экстраблеск добавит блеска насыщенному цвету волос. Красивые шелковые волосы с насыщенным цветом на протяжении 8 недель после окрашивания! В состав упаковки входит: флакон гель-краски (60 мл), флакон-аппликатор с проявляющим кремом (60 мл), бальзам Усилитель цвета (54 мл), инструкция, пара перчаток. Перед началом окрашивания необходимо снять украшения и нанести крем по контуру лица, чтобы защитить кожу от попадания краски. Перед применением следует пройти тест на аллергическую реакцию. Внимательно прочтите инструкцию.","Добрый день! Благодарим Вас за проявленный интерес к бренду L`Oreal Paris. Чтобы не пропускать выгодные предложения, рекомендуем добавить стойкую краску для волос Preference 7.4 Интенсивный Медный в избранное. Желаем хорошего дня!",0
2780949,"Добрый день, почему так цена растет😔 когда хотела купить был 5 тыс, потом 6, сейчас еще дороже.","{'Зона массажа': 'ноги', 'Дата регистрации сертификата/декларации': '20.05.2020', 'Глубина предмета': '11 см', 'Цвет': 'белый', 'Дата окончания действия сертификата/декларации': '19.05.2025', 'Количество режимов работы': '4', 'Вес с упаковкой (кг)': '0.82 кг', 'Длина упаковки': '22 см', 'Тип массажера': 'вакуумный', 'Страна производства': 'Тайвань', 'Номер сертификата соответствия': 'ЕАЭС RU С-FR.КА01.В.00994/20', 'Количество насадок': '5 шт.', 'Гарантийный срок': '1 год', 'Модель': 'VACU Expert', 'Количество роликов': '3 вращающихся массажных ролика', 'Высота упаковки': '11 см', 'Действие': 'коррекция фигуры', 'Ширина упаковки': '23 см', 'Ширина предмета': '21.5 см', 'Ставка НДС': '20', 'Высота предмета': '23 см', 'Доп. опции массажера': 'лимфодренаж', 'Питание': 'Li-Ion аккумулятор', 'Комплектация': 'Инструкция - 1 шт'}  Вакуумный антицеллюлитный массажер Vacu Expert. Вакуумный электрический массажер для тела против целлюлита и лишних объемов с дополнительной роликовой LPG насадкой. 5 вакуумных баночек предназначены для ускоренного похудения в проблемных зонах, для подтяжки кожи тела, уменьшения отечности и ненужных сантиметров, выравнивания бугорков на бедрах, от жира на животе. Малая насадка для вакуумного массажа лица, помогает подтянуть кожу, уменьшить отеки и морщины. Вакуумно-роликовый массаж – самая популярная процедура коррекции фигуры в салонах. Теперь вы можете делать ее самостоятельно с антицеллюлитным массажером Vacu Expert. Такое воздействие улучшает кровообращение и лимфодренаж в проблемных зонах, ускоряет распад ненужного жира, усиливает упругость кожи. Лимфодренажный вакуумный массаж также помогает вывести токсины и продукты распада, ускоряет метаболизм, что важно при похудении и в борьбе с целлюлитом. Насадка с роликами помогает дополнительно проработать жировую прослойку, повышая эффективность работы вакуума. Подходит для женщин и мужчин. 5 вариантов насадок для живота, бедер, ягодиц, спины и 4 режима позволяют составлять индивидуальные программы коррекции фигуры, тщательно прорабатывать проблемные зоны разного размера. Процедуры выполняют по специальному массажному маслу.","Здравствуйте! Стоимость товара зависит от проводимых акций интернет-площадкой Wildberries. Рекомендуем добавить товар в «Избранное», так вы будете в курсе изменения стоимости товара. С уважением, Gezatone.",0
2780949,Подходит для внутренней поверхности бедра?,"{'Зона массажа': 'ноги', 'Дата регистрации сертификата/декларации': '20.05.2020', 'Глубина предмета': '11 см', 'Цвет': 'белый', 'Дата окончания действия сертификата/декларации': '19.05.2025', 'Количество режимов работы': '4', 'Вес с упаковкой (кг)': '0.82 кг', 'Длина упаковки': '22 см', 'Тип массажера': 'вакуумный', 'Страна производства': 'Тайвань', 'Номер сертификата соответствия': 'ЕАЭС RU С-FR.КА01.В.00994/20', 'Количество насадок': '5 шт.', 'Гарантийный срок': '1 год', 'Модель': 'VACU Expert', 'Количество роликов': '3 вращающихся массажных ролика', 'Высота упаковки': '11 см', 'Действие': 'коррекция фигуры', 'Ширина упаковки': '23 см', 'Ширина предмета': '21.5 см', 'Ставка НДС': '20', 'Высота предмета': '23 см', 'Доп. опции массажера': 'лимфодренаж', 'Питание': 'Li-Ion аккумулятор', 'Комплектация': 'Инструкция - 1 шт'}  Вакуумный антицеллюлитный массажер Vacu Expert. Вакуумный электрический массажер для тела против целлюлита и лишних объемов с дополнительной роликовой LPG насадкой. 5 вакуумных баночек предназначены для ускоренного похудения в проблемных зонах, для подтяжки кожи тела, уменьшения отечности и ненужных сантиметров, выравнивания бугорков на бедрах, от жира на животе. Малая насадка для вакуумного массажа лица, помогает подтянуть кожу, уменьшить отеки и морщины. Вакуумно-роликовый массаж – самая популярная процедура коррекции фигуры в салонах. Теперь вы можете делать ее самостоятельно с антицеллюлитным массажером Vacu Expert. Такое воздействие улучшает кровообращение и лимфодренаж в проблемных зонах, ускоряет распад ненужного жира, усиливает упругость кожи. Лимфодренажный вакуумный массаж также помогает вывести токсины и продукты распада, ускоряет метаболизм, что важно при похудении и в борьбе с целлюлитом. Насадка с роликами помогает дополнительно проработать жировую прослойку, повышая эффективность работы вакуума. Подходит для женщин и мужчин. 5 вариантов насадок для живота, бедер, ягодиц, спины и 4 режима позволяют составлять индивидуальные программы коррекции фигуры, тщательно прорабатывать проблемные зоны разного размера. Процедуры выполняют по специальному массажному маслу.","Здравствуйте! Да, подходит. С уважением, Gezatone.",1
2780949,"Здравствуйте, как вернуть товар по браку? Всасывания почти нет, 14 дней уже прошло","{'Зона массажа': 'ноги', 'Дата регистрации сертификата/декларации': '20.05.2020', 'Глубина предмета': '11 см', 'Цвет': 'белый', 'Дата окончания действия сертификата/декларации': '19.05.2025', 'Количество режимов работы': '4', 'Вес с упаковкой (кг)': '0.82 кг', 'Длина упаковки': '22 см', 'Тип массажера': 'вакуумный', 'Страна производства': 'Тайвань', 'Номер сертификата соответствия': 'ЕАЭС RU С-FR.КА01.В.00994/20', 'Количество насадок': '5 шт.', 'Гарантийный срок': '1 год', 'Модель': 'VACU Expert', 'Количество роликов': '3 вращающихся массажных ролика', 'Высота упаковки': '11 см', 'Действие': 'коррекция фигуры', 'Ширина упаковки': '23 см', 'Ширина предмета': '21.5 см', 'Ставка НДС': '20', 'Высота предмета': '23 см', 'Доп. опции массажера': 'лимфодренаж', 'Питание': 'Li-Ion аккумулятор', 'Комплектация': 'Инструкция - 1 шт'}  Вакуумный антицеллюлитный массажер Vacu Expert. Вакуумный электрический массажер для тела против целлюлита и лишних объемов с дополнительной роликовой LPG насадкой. 5 вакуумных баночек предназначены для ускоренного похудения в проблемных зонах, для подтяжки кожи тела, уменьшения отечности и ненужных сантиметров, выравнивания бугорков на бедрах, от жира на животе. Малая насадка для вакуумного массажа лица, помогает подтянуть кожу, уменьшить отеки и морщины. Вакуумно-роликовый массаж – самая популярная процедура коррекции фигуры в салонах. Теперь вы можете делать ее самостоятельно с антицеллюлитным массажером Vacu Expert. Такое воздействие улучшает кровообращение и лимфодренаж в проблемных зонах, ускоряет распад ненужного жира, усиливает упругость кожи. Лимфодренажный вакуумный массаж также помогает вывести токсины и продукты распада, ускоряет метаболизм, что важно при похудении и в борьбе с целлюлитом. Насадка с роликами помогает дополнительно проработать жировую прослойку, повышая эффективность работы вакуума. Подходит для женщин и мужчин. 5 вариантов насадок для живота, бедер, ягодиц, спины и 4 режима позволяют составлять индивидуальные программы коррекции фигуры, тщательно прорабатывать проблемные зоны разного размера. Процедуры выполняют по специальному массажному маслу.","Здравствуйте! Гарантия на наш прибор составляет 1 год. В случае некорректной работы устройства, обратитесь, пожалуйста, в службу технической поддержки компании Gezatone, наши сотрудники произведут удаленную диагностику и подскажут по дальнейшим действиям. Телефон сервисного центра: 
8 800 333 19 25. Режим работы:
Понедельник-Пятница с 10-00 до 19-00
Суббота, Воскресенье - выходные. С уважением, Gezatone.",0
2025672,"я заказывала краску глубокий темно каштановый 3.12, а пришёл  благородный сливовый, вот как так получилось то? и цена была другая, сижу вот и плачу, мне надо было срочно покраситься,а теперь ,что мне делать с этой краской,выкинутые деньги..","{'Срок годности': '36 месяцев', 'Особенности краски для волос': 'аммиачная', 'Форма упаковки': 'без давления', 'Вес товара с упаковкой (г)': '243 г', 'Дата регистрации сертификата/декларации': '20.08.2014', 'Объем товара': '174 мл', 'Высота упаковки': '17 см', 'Ширина упаковки': '10 см', 'Назначение косметического средства': 'для волос', 'Состав': 'вода', 'Тон краски для волос': '3.12 Глубокий темно-каштановый', 'Раздел меню': 'Окрашивание волос и химическая завивка', 'Длина упаковки': '7 см', 'Прямые поставки от производителя': 'да', 'Страна производства': 'Бельгия', 'Цвет': 'темно-коричневый', 'Тип краски': 'перманентная', 'Дата окончания действия сертификата/декларации': '31.12.2099', 'Комплектация': ""стойкая гель-краска для волос L'Oreal Paris (Лореаль Париж) - 1 шт"", 'Номер сертификата соответствия': 'RU.77.99.29.001.E.006773.08.14', 'Упаковка': 'коробка'}  Стойкая краска для волос Preference. Стойкая краска для волос Preference (Преферанс) от L'Oreal Paris (Лореаль Париж) - премиальное качество окрашивания! Она создана ведущими экспертами лабораторий Лореаль Париж в сотрудничестве с профессиональным колористом Кристофом Робином. В результате исследований был разработан уникальный состав краски, основанный на более объемных красящих пигментах. Стойкая краска способна дольше удерживаться в структуре волос, создавая неповторимый яркий цвет, устойчивый к вымыванию и возникновению тусклости. Комплекс Экстраблеск добавит блеска насыщенному цвету волос. Красивые шелковые волосы с насыщенным цветом на протяжении 8 недель после окрашивания! В состав упаковки входит: флакон гель-краски (60 мл), флакон-аппликатор с проявляющим кремом (60 мл), бальзам Усилитель цвета (54 мл), инструкция, пара перчаток. Перед началом окрашивания необходимо снять украшения и нанести крем по контуру лица, чтобы защитить кожу от попадания краски. Перед применением следует пройти тест на аллергическую реакцию. Внимательно прочтите инструкцию.","Добрый день! Мы понимаем, что данная ситуация могла вызвать негативные эмоции и неудобства. Для разрешения возникших вопросов рекомендуем создать обращение в службу поддержку интернет-магазина. Для создания обращения с телефона: зайдите в личный кабинет, перейдите в раздел ""обращения"", выберите ""создать обращение"", далее появится окно для ввода. Для создания обращения с компьютера: зайдите в раздел ""доставка"", выберите ""обратная связь"", далее выберите тему: ""Доставка товара"". ​",0
2915230,"Здравствуйте! Срок годности, можно узнать?","{'Страна производства': 'Германия', 'Состав': 'кокоса масло', 'Высота упаковки': '17 см', 'Назначение подарка': 'любимому', 'Дата регистрации сертификата/декларации': '08.06.2021', 'Номер декларации соответствия': 'ЕАЭС N RU Д-FR.РА01.В.20054/21', 'Повод': 'день рождения', 'Упаковка': 'флакон', 'Дата окончания действия сертификата/декларации': '07.06.2026', 'Длина упаковки': '4 см', 'Раздел меню': 'красота/ уход за кожей', 'Срок годности': '36 месяцев', 'Назначение косметического средства': 'для лица', 'Комплектация': 'масло для загара Garnier Ambre Solaire - 1 шт', 'Форма упаковки': 'без давления', 'Прямые поставки от производителя': 'да', 'Ширина упаковки': '7 см', 'Вес товара с упаковкой (г)': '221.7 г', 'Действие': 'питание', 'Объем товара': '200 мл'}  Масло для загара Ambre Solaire 200 мл. Масло для интенсивного загара ""Ambre Solaire""с маслом кокоса, питающее, смягчающее.Garnier Ambre Solaire стремится предоставить вам надежную защиту от солнца c 1935 года. Мы также обязуемся заботиться о вашей коже с помощью нашего масло для интенсивного загара. Масло от Гарньер питает и смягчает кожу, одновременно придаёт ей сияние, необычайную мягкость и по-летнему приятный кокосовый аромат. Подходит для тех, кто желает приобрести более интенсивный загар. Масло для интенсивного загара, популярное среди любителей солнца, создано на основе питательной формулы и очень удобно в использовании. 1. Придает сияние. 2. Питает. 3. Смягчает. 4. Придает красивый загар. СПОСОБ ПРИМЕНЕНИЯ: Нанести непосредственно на кожу, избегая области вокруг глаз. Во время пребывания на солнце используйте солнцезащитные средства с высокой степенью защиты, подходящие вашему типу кожи. Это масло ""Идеальный загар"" не защищает от солнечных лучей. В случае попадания в глаза немедленно и тщательно промойте их водой. Избегайте контакта с одеждой до полного впитывания.","Добрый день! Благодарим за обращение. У нас нет информации по срокам годности продукта, который будет поставлен именно Вам, так как они различаются от партии к партии. Желаем хорошего дня!",1
2915230,"Добрый день ! Поменялся дизайн ? И пряесу такая заниженная цена , посравнению с другими продавцами 🤔не оригинал так полагаю?,","{'Страна производства': 'Германия', 'Состав': 'кокоса масло', 'Высота упаковки': '17 см', 'Назначение подарка': 'любимому', 'Дата регистрации сертификата/декларации': '08.06.2021', 'Номер декларации соответствия': 'ЕАЭС N RU Д-FR.РА01.В.20054/21', 'Повод': 'день рождения', 'Упаковка': 'флакон', 'Дата окончания действия сертификата/декларации': '07.06.2026', 'Длина упаковки': '4 см', 'Раздел меню': 'красота/ уход за кожей', 'Срок годности': '36 месяцев', 'Назначение косметического средства': 'для лица', 'Комплектация': 'масло для загара Garnier Ambre Solaire - 1 шт', 'Форма упаковки': 'без давления', 'Прямые поставки от производителя': 'да', 'Ширина упаковки': '7 см', 'Вес товара с упаковкой (г)': '221.7 г', 'Действие': 'питание', 'Объем товара': '200 мл'}  Масло для загара Ambre Solaire 200 мл. Масло для интенсивного загара ""Ambre Solaire""с маслом кокоса, питающее, смягчающее.Garnier Ambre Solaire стремится предоставить вам надежную защиту от солнца c 1935 года. Мы также обязуемся заботиться о вашей коже с помощью нашего масло для интенсивного загара. Масло от Гарньер питает и смягчает кожу, одновременно придаёт ей сияние, необычайную мягкость и по-летнему приятный кокосовый аромат. Подходит для тех, кто желает приобрести более интенсивный загар. Масло для интенсивного загара, популярное среди любителей солнца, создано на основе питательной формулы и очень удобно в использовании. 1. Придает сияние. 2. Питает. 3. Смягчает. 4. Придает красивый загар. СПОСОБ ПРИМЕНЕНИЯ: Нанести непосредственно на кожу, избегая области вокруг глаз. Во время пребывания на солнце используйте солнцезащитные средства с высокой степенью защиты, подходящие вашему типу кожи. Это масло ""Идеальный загар"" не защищает от солнечных лучей. В случае попадания в глаза немедленно и тщательно промойте их водой. Избегайте контакта с одеждой до полного впитывания.","Добрый день! Благодарим за вопрос! Обращаем Ваше внимание, что дизайн упаковки масла для загара Ambre Solaire претерпел изменения. Мы гарантируем оригинальность продукции, при условии, отгрузки продавцом ООО Вайлдберриз, если полученная вами упаковка (продукт), соответствует фото в карточке товара, целостность и комплектация упаковки не нарушена. С уважением, представители бренда Garnier.",0
4629382,"добрый  день!ну вот только, что заказала лак для ногтей там пишет 292 а с  меня  298р  забрал!как понять","{'Цвет': 'бежевый', 'Повод': 'день рождения', 'EAC': 'да', 'Дата окончания действия сертификата/декларации': '31.07.2029', 'Срок годности': '48 мес', 'Состав': 'trimellitic anhydride copolymer, acetyl tributyl citrat, isopropyl alcohol , silica', 'Назначение подарка': 'маме', 'Упаковка': 'пакет', 'Дата регистрации сертификата/декларации': '01.08.2024', 'Форма упаковки': 'без давления', 'Назначение косметического средства': 'для маникюра и педикюра', 'Страна производства': 'Россия', 'Прямые поставки от производителя': 'да', 'Комплектация': 'лак для ногтей', 'Ширина упаковки': '5 см', 'Вес товара без упаковки (г)': '52 г', 'Вес товара с упаковкой (г)': '170 г', 'Номер декларации соответствия': 'ЕАЭС N RU Д-RU.РА06.В.69237/24', 'Высота упаковки': '11 см', 'Длина упаковки': '11 см', 'Раздел меню': 'Красота/ногти/лак', 'Объем товара': '12 мл'}  Лак для ногтей бежевый-лиловый тон 76. Лак для ногтей Brigitte Bottier GEL FORMULA – идеальный лак для создания безупречного маникюра. Лак для ногтей стойкий сочетает в себе превосходное качество, стильный дизайн и носку до 7ми дней. Лак для ногтей нюдовый Gel Formula - специальная разработка от Brigitte Bottier. Gel Formula - лаки с эффектом гелевого покрытия, для создания салонного маникюра у себя дома за три минуты! Лак для ногтей бежевый универсален и подойдет для повседневной носки. Теперь нет необходимости запиливать ногтевую пластину, наносить базовую основу и использовать UF-лампу! Для коллекции Gel Formula была разработана не только суперглянцевая и стойкая формула, не содержащая толуола и формальдегида, но и особая профессиональная форма кисточки - плоская и округлая, позволяющая легко и аккуратно наносить лак сразу на всю поверхность ногтя, не испачкав кутикулу. В богатой палитре Gel Formula найдется оттенок на любой вкус и случай, коллекция часто пополняется трендовыми оттенками. Мы создали лак для ногтей нюд, лак для ногтей черный, а также классический красный для ярких акцентах на руках. Лак для ногтей обычный без лампы - идеален для самостоятельного ухода. Способ применения: Нанесите лак для ногтей без лампы стойкий на поверхность ногтей в один или два слоя. Дождитесь полного высыхания. Гелевый эффект. Не требует сушки в UV-лампе. Стойкие. Самые модные оттенки. Французское сырье. Все лаки без токсичных компонентов 7FREE. Кисточка SALON BRUSH. Рекомендуем наносить 2 слоя. Наш лак для ногтей изготовлен из высококачественных компонентов, которые укрепляют и ухаживают за ногтями. Мы являемся официальным поставщиком лаков для ногтей в России. Наш бренд Brigitte Bottier известен своим качеством и надежностью. Мы предлагаем широкий выбор оттенков, чтобы вы могли подобрать идеальный цвет для своего маникюра. Приобретая наш бежевый лак, вы получаете качественный продукт по доступной цене.","Здравствуйте! Вероятно, первая цена - цена с учетом скидки, через оплату по кошельку ВБ. С уважением, команда Евротрейд.",0
12023264,Здравствуйте!Какой из них можно использовать для цитрусовых и оливковых домашних растений?,"{'Особенности грунта': 'содержит макро и микро элементы', 'Длина упаковки': '10 см', 'Комплектация': 'грунт', 'Вес без упаковки (кг)': '1.57 кг', 'Высота упаковки': '32 см', 'Состав': 'обогащенный природный цеолит', 'Ставка НДС': 'Без НДС', 'Назначение грунта': 'для декоративно-лиственных', 'Страна производства': 'Россия', 'Ширина упаковки': '15 см', 'Объем товара': '2500 мл'}  Грунт для выращивания растений при недостатке света 2,5 л. Влагорегулирующий грунт ZeoFlora («ЦеоФлора») для выращивания растений в условиях недостатка света – инновационный, экологически чистый, стерильный, лёгкий, пористый субстрат на основе природного цеолитсодержащего минерала, имеющий сбалансированный состав макро- и микроэлементов, а также специальную добавку, позволяющую выращивать растения в условиях низкого уровня освещенности. В условиях недостатка света процесс фотосинтеза происходит не очень активно и растения начинают расходовать свои скрытые резервы. «ЦеоФлора» создаёт условия для жизни растения при недостаточной освещенности, восполняя недостаток питательных веществ, которые вырабатываются в процессе фотосинтеза. При выращивании растений в 100% грунте «ЦеоФлора» наблюдается рост и развитие растений даже в условиях короткого светового дня, искусственного освещения. Такой эффект объясняется происходящими химическими реакциями внутри грунта. Комнатные растения способны впитывать через корневую систему уникальные питательные вещества, находящиеся в грунте. Преимущества использования грунта «ЦеоФлора» это стимуляция роста и развития растения в условиях дефицита солнечного света за счет уникального состава грунта из природных компонентов. Регуляция количества влаги (без переувлажнения и пересыхания грунта) в корнеобитаемой зоне растения. Повышение стрессоустойчивости к неблагоприятным условиям (дефицит или избыток влаги, высокие или низкие температуры, насекомые-вредители, высокая концентрация тяжёлых металлов) за счёт содержания в составе грунта доступного для растений кремния. Высокая долговечность и прочность субстрата. Грунт сохраняет свою структуру, не уплотняется в контейнере В качестве подкормки рекомендуется использование комплексных удобрений для комнатных растений.","Доброе день. Как для цитрусовых, так и для олив можно использовать любой грунт «Цеофлора», подходящий по размеру гранул для ваших растений. Не забывайте подкармливать растения питательными растворами. При выращивании оливы контролируйте кислотность субстрата (особенно при долгом применении удобрений), субстрат не должен быть сильно кислым. При необходимости понижения кислотности используйте раскислители (мел, гашеную известь или доломитовую муку).  
Для крупных растений (например, крупные растения оливы) рекомендуем использовать «Влагорегулирующий грунт ZeoFlora для крупных растений 8 литров». В этом грунте крупная фракция, а относительна цена (на единицу объёма) ниже, по сравнению с меньшей упаковкой.",1
12023264,здравствуйте. срок годности у данного грунта какой?,"{'Особенности грунта': 'содержит макро и микро элементы', 'Длина упаковки': '10 см', 'Комплектация': 'грунт', 'Вес без упаковки (кг)': '1.57 кг', 'Высота упаковки': '32 см', 'Состав': 'обогащенный природный цеолит', 'Ставка НДС': 'Без НДС', 'Назначение грунта': 'для декоративно-лиственных', 'Страна производства': 'Россия', 'Ширина упаковки': '15 см', 'Объем товара': '2500 мл'}  Грунт для выращивания растений при недостатке света 2,5 л. Влагорегулирующий грунт ZeoFlora («ЦеоФлора») для выращивания растений в условиях недостатка света – инновационный, экологически чистый, стерильный, лёгкий, пористый субстрат на основе природного цеолитсодержащего минерала, имеющий сбалансированный состав макро- и микроэлементов, а также специальную добавку, позволяющую выращивать растения в условиях низкого уровня освещенности. В условиях недостатка света процесс фотосинтеза происходит не очень активно и растения начинают расходовать свои скрытые резервы. «ЦеоФлора» создаёт условия для жизни растения при недостаточной освещенности, восполняя недостаток питательных веществ, которые вырабатываются в процессе фотосинтеза. При выращивании растений в 100% грунте «ЦеоФлора» наблюдается рост и развитие растений даже в условиях короткого светового дня, искусственного освещения. Такой эффект объясняется происходящими химическими реакциями внутри грунта. Комнатные растения способны впитывать через корневую систему уникальные питательные вещества, находящиеся в грунте. Преимущества использования грунта «ЦеоФлора» это стимуляция роста и развития растения в условиях дефицита солнечного света за счет уникального состава грунта из природных компонентов. Регуляция количества влаги (без переувлажнения и пересыхания грунта) в корнеобитаемой зоне растения. Повышение стрессоустойчивости к неблагоприятным условиям (дефицит или избыток влаги, высокие или низкие температуры, насекомые-вредители, высокая концентрация тяжёлых металлов) за счёт содержания в составе грунта доступного для растений кремния. Высокая долговечность и прочность субстрата. Грунт сохраняет свою структуру, не уплотняется в контейнере В качестве подкормки рекомендуется использование комплексных удобрений для комнатных растений.",Добрый день. Срок годности в неповрежденной упаковке неограничен.,0
12023266,"Добрый день. Приобрела грунт для бонсай. Но в инструкции сказано, что нужно мешать с другим грунтом. А можно ли посадить только в этот грунт ни с чем не мешая или это плохо скажется на растении?","{'Страна производства': 'Россия', 'Состав': 'обогащенный природный цеолит', 'Особенности грунта': 'водопоглощающий', 'Назначение грунта': 'для декоративно-лиственных', 'Длина упаковки': '10 см', 'Вес без упаковки (кг)': '1.57 кг', 'Ставка НДС': 'Без НДС', 'Ширина упаковки': '15 см', 'Высота упаковки': '32 см', 'Объем товара': '2500 мл', 'Комплектация': 'влагорегулирующий грунт'}  Влагорегулирующий грунт для Бонсай 2,5 л.. Влагорегулирующий грунт ZeoFlora («ЦеоФлора») является идеальным решением для выращивания бонсай и других комнатных растений. Этот экологически чистый и стерильный грунт обладает рядом преимуществ, которые делают его незаменимым компонентом субстратных смесей. Прежде всего, ZeoFlora является лёгким и пористым, что способствует хорошей вентиляции корневой системы растения. Благодаря этому, корни получают достаточное количество кислорода, что положительно сказывается на их развитии и общем здоровье растения. Кроме того, ZeoFlora обладает способностью регулировать влажность почвы. Он обладает высокой водопоглощающей способностью, что позволяет растениям получать достаточное количество влаги, не перенасыщая почву. Таким образом, риск застоя влаги и развития гнили снижается. Состав ZeoFlora также включает макро- и микроэлементы, необходимые для полноценного развития растений. Это позволяет использовать грунт как удобрение для растений, обеспечивая им всю необходимую поддержку для их роста и процветания. Кроме использования в качестве грунта для бонсай, ZeoFlora может также применяться в качестве компонента субстратов для других комнатных растений и цветов. Он идеально подходит для создания дренажного слоя в контейнерах, обеспечивая сток избыточной влаги и предотвращая загнивание корней. Наконец, ZeoFlora может быть использован в качестве декоративного мульчирующего материала для создания композиций с растениями. Его натуральный минеральный вид делает его привлекательным элементом декора, который одновременно приносит пользу растениям. В общем, ZeoFlora («ЦеоФлора») – это влагорегулирующий грунт, который не только обеспечивает необходимые условия для роста и развития бонсай и других комнатных растений, но также имеет удобства использования в виде удобрений и декоративного элемента.","Добрый день!

Нужно следовать тому, что написано в инструкции.

Все верно, грунт «ЦеоФлора» для бонсай это один из составляющих для данного вида растений.",0
12023266,"Здравствуйте! Я прочла и вопросы и отзывы, я правильно понимаю - это что просто циолит?","{'Страна производства': 'Россия', 'Состав': 'обогащенный природный цеолит', 'Особенности грунта': 'водопоглощающий', 'Назначение грунта': 'для декоративно-лиственных', 'Длина упаковки': '10 см', 'Вес без упаковки (кг)': '1.57 кг', 'Ставка НДС': 'Без НДС', 'Ширина упаковки': '15 см', 'Высота упаковки': '32 см', 'Объем товара': '2500 мл', 'Комплектация': 'влагорегулирующий грунт'}  Влагорегулирующий грунт для Бонсай 2,5 л.. Влагорегулирующий грунт ZeoFlora («ЦеоФлора») является идеальным решением для выращивания бонсай и других комнатных растений. Этот экологически чистый и стерильный грунт обладает рядом преимуществ, которые делают его незаменимым компонентом субстратных смесей. Прежде всего, ZeoFlora является лёгким и пористым, что способствует хорошей вентиляции корневой системы растения. Благодаря этому, корни получают достаточное количество кислорода, что положительно сказывается на их развитии и общем здоровье растения. Кроме того, ZeoFlora обладает способностью регулировать влажность почвы. Он обладает высокой водопоглощающей способностью, что позволяет растениям получать достаточное количество влаги, не перенасыщая почву. Таким образом, риск застоя влаги и развития гнили снижается. Состав ZeoFlora также включает макро- и микроэлементы, необходимые для полноценного развития растений. Это позволяет использовать грунт как удобрение для растений, обеспечивая им всю необходимую поддержку для их роста и процветания. Кроме использования в качестве грунта для бонсай, ZeoFlora может также применяться в качестве компонента субстратов для других комнатных растений и цветов. Он идеально подходит для создания дренажного слоя в контейнерах, обеспечивая сток избыточной влаги и предотвращая загнивание корней. Наконец, ZeoFlora может быть использован в качестве декоративного мульчирующего материала для создания композиций с растениями. Его натуральный минеральный вид делает его привлекательным элементом декора, который одновременно приносит пользу растениям. В общем, ZeoFlora («ЦеоФлора») – это влагорегулирующий грунт, который не только обеспечивает необходимые условия для роста и развития бонсай и других комнатных растений, но также имеет удобства использования в виде удобрений и декоративного элемента.","Добрый день!
Все верно, ZeoFlora (Цеофлора) – экологически чистый, инновационный грунт (субстрат) для выращивания растений, созданный на основе природного цеолитсодержащего полиминерала.",1
154766182,Добрый день. Спасибо за быстрый ответ. Уточняю модель пылесоса SC 8854. Подойдёт?,"{'Цвет': 'белый', 'Комплектация': 'Моторный фильтр -1шт.,HEPA фильтр-1шт.', 'Высота упаковки': '8 см', 'Совместимость': 'SAMSUNG SC', 'Материал изделия': 'синтетический материал', 'Модель': 'FTH 08 W', 'Ширина упаковки': '18 см', 'Страна производства': 'Китай', 'Длина упаковки': '21 см', 'Ставка НДС': '20'}  Фильтры для пылесоса FTH 08 W + FTM 07 набор. Набор фильтров: НЕРА фильтр Filtero FTH 08W уровня фильтрации Н13 и моторный фильтр FTM 07. Моющийся НЕРА фильтр на пылесос Самсунг Filtero FTH 08 W (washable) с самым высоким для бытовых фильтров уровнем фильтрации - H13, превосходно задерживает мельчайшие частицы пыли и аллергены с очисткой воздуха до 99,95%. Фильтр моющийся, его можно промывать при снижении мощности всасывания, продлевая срок службы. Подлежит замене, согласно рекомендации производителя пылесосов - не реже одного раза за 12 месяцев. Комплект моторных фильтров Filtero FTM 07 защищает от попадания крупных частиц пыли в моторный отсек пылесоса. Моторный фильтр можно промывать согласно инструкции к пылесосу. Фильтр подлежит замене, согласно рекомендации производителя пылесосов - не реже одного раза за 6 месяцев. Комплектация:1 НЕРА фильтр в пластиковом корпусе, 1 моторный фильтр. Фильтры подходят для пылесосов SAMSUNG VCC8835V37, VCC8836V36, VCC885HH3P, VCC885FH3P, VCC8874H35, VCC8876H35 RAMBO Twin Chamber Super SC8810, SC8830, SC8832, SC8833, SC8834, SC8835, SC8836, SC885A, SC885B, SC885H, SC885F, SC8850, SC8851, SC8852, SC8853, SC8854, SC8855, SC8856, SC8857, SC8858, SC8859, SC8870, SC8871, SC8872, SC8873, SC8874 Twin Chamber Super. Тип оригинального фильтра DJ97-01670D. Совместимость фильтров указана на фотографии 3 в карточке товара. Хранить в сухом месте. Срок годности не ограничен.","Добрый день.
 Благодарим за интерес к нашей продукции.
 К указанной Вами модели пылесоса данный набор подходит.
 Совместимость фильтров и мешков с моделью пылесоса либо серией указана на 3-й фотографии в карточке товара (обратная сторона упаковки).
 Будем благодарны за оставленный отзыв после покупки.",0
154766182,Добрый день. Подскажите пожалуйста длину моторного фильтра. Спасибо.,"{'Цвет': 'белый', 'Комплектация': 'Моторный фильтр -1шт.,HEPA фильтр-1шт.', 'Высота упаковки': '8 см', 'Совместимость': 'SAMSUNG SC', 'Материал изделия': 'синтетический материал', 'Модель': 'FTH 08 W', 'Ширина упаковки': '18 см', 'Страна производства': 'Китай', 'Длина упаковки': '21 см', 'Ставка НДС': '20'}  Фильтры для пылесоса FTH 08 W + FTM 07 набор. Набор фильтров: НЕРА фильтр Filtero FTH 08W уровня фильтрации Н13 и моторный фильтр FTM 07. Моющийся НЕРА фильтр на пылесос Самсунг Filtero FTH 08 W (washable) с самым высоким для бытовых фильтров уровнем фильтрации - H13, превосходно задерживает мельчайшие частицы пыли и аллергены с очисткой воздуха до 99,95%. Фильтр моющийся, его можно промывать при снижении мощности всасывания, продлевая срок службы. Подлежит замене, согласно рекомендации производителя пылесосов - не реже одного раза за 12 месяцев. Комплект моторных фильтров Filtero FTM 07 защищает от попадания крупных частиц пыли в моторный отсек пылесоса. Моторный фильтр можно промывать согласно инструкции к пылесосу. Фильтр подлежит замене, согласно рекомендации производителя пылесосов - не реже одного раза за 6 месяцев. Комплектация:1 НЕРА фильтр в пластиковом корпусе, 1 моторный фильтр. Фильтры подходят для пылесосов SAMSUNG VCC8835V37, VCC8836V36, VCC885HH3P, VCC885FH3P, VCC8874H35, VCC8876H35 RAMBO Twin Chamber Super SC8810, SC8830, SC8832, SC8833, SC8834, SC8835, SC8836, SC885A, SC885B, SC885H, SC885F, SC8850, SC8851, SC8852, SC8853, SC8854, SC8855, SC8856, SC8857, SC8858, SC8859, SC8870, SC8871, SC8872, SC8873, SC8874 Twin Chamber Super. Тип оригинального фильтра DJ97-01670D. Совместимость фильтров указана на фотографии 3 в карточке товара. Хранить в сухом месте. Срок годности не ограничен.","Добрый день. Благодарим за интерес к нашей продукции. Для верного подбора фильтра либо мешка, необходимо знать не только марку пылесоса но и его модель , модель пылесоса указана на шильде расположенной на обратной стороне корпуса пылесоса. Совместимость фильтров либо мешков с моделью пылесоса или серией указана на 3-й фотографии товара (обратная сторона упаковки). Будем благодарны за оставленный отзыв после покупки.",0
154766182,"Здравствуйте,CS 8851","{'Цвет': 'белый', 'Комплектация': 'Моторный фильтр -1шт.,HEPA фильтр-1шт.', 'Высота упаковки': '8 см', 'Совместимость': 'SAMSUNG SC', 'Материал изделия': 'синтетический материал', 'Модель': 'FTH 08 W', 'Ширина упаковки': '18 см', 'Страна производства': 'Китай', 'Длина упаковки': '21 см', 'Ставка НДС': '20'}  Фильтры для пылесоса FTH 08 W + FTM 07 набор. Набор фильтров: НЕРА фильтр Filtero FTH 08W уровня фильтрации Н13 и моторный фильтр FTM 07. Моющийся НЕРА фильтр на пылесос Самсунг Filtero FTH 08 W (washable) с самым высоким для бытовых фильтров уровнем фильтрации - H13, превосходно задерживает мельчайшие частицы пыли и аллергены с очисткой воздуха до 99,95%. Фильтр моющийся, его можно промывать при снижении мощности всасывания, продлевая срок службы. Подлежит замене, согласно рекомендации производителя пылесосов - не реже одного раза за 12 месяцев. Комплект моторных фильтров Filtero FTM 07 защищает от попадания крупных частиц пыли в моторный отсек пылесоса. Моторный фильтр можно промывать согласно инструкции к пылесосу. Фильтр подлежит замене, согласно рекомендации производителя пылесосов - не реже одного раза за 6 месяцев. Комплектация:1 НЕРА фильтр в пластиковом корпусе, 1 моторный фильтр. Фильтры подходят для пылесосов SAMSUNG VCC8835V37, VCC8836V36, VCC885HH3P, VCC885FH3P, VCC8874H35, VCC8876H35 RAMBO Twin Chamber Super SC8810, SC8830, SC8832, SC8833, SC8834, SC8835, SC8836, SC885A, SC885B, SC885H, SC885F, SC8850, SC8851, SC8852, SC8853, SC8854, SC8855, SC8856, SC8857, SC8858, SC8859, SC8870, SC8871, SC8872, SC8873, SC8874 Twin Chamber Super. Тип оригинального фильтра DJ97-01670D. Совместимость фильтров указана на фотографии 3 в карточке товара. Хранить в сухом месте. Срок годности не ограничен.","Добрый день.
 Благодарим за интерес к нашей продукции.
 К указанной Вами модели пылесоса данный набор фильтров подходит.
 Совместимость фильтров и мешков с моделью пылесоса либо серией указана на 3-й фотографии в карточке товара (обратная сторона упаковки).
 Будем благодарны за оставленный отзыв после покупки.",0
154766182,фильтр для пылесоса Samsung SC885FПодойдет?,"{'Цвет': 'белый', 'Комплектация': 'Моторный фильтр -1шт.,HEPA фильтр-1шт.', 'Высота упаковки': '8 см', 'Совместимость': 'SAMSUNG SC', 'Материал изделия': 'синтетический материал', 'Модель': 'FTH 08 W', 'Ширина упаковки': '18 см', 'Страна производства': 'Китай', 'Длина упаковки': '21 см', 'Ставка НДС': '20'}  Фильтры для пылесоса FTH 08 W + FTM 07 набор. Набор фильтров: НЕРА фильтр Filtero FTH 08W уровня фильтрации Н13 и моторный фильтр FTM 07. Моющийся НЕРА фильтр на пылесос Самсунг Filtero FTH 08 W (washable) с самым высоким для бытовых фильтров уровнем фильтрации - H13, превосходно задерживает мельчайшие частицы пыли и аллергены с очисткой воздуха до 99,95%. Фильтр моющийся, его можно промывать при снижении мощности всасывания, продлевая срок службы. Подлежит замене, согласно рекомендации производителя пылесосов - не реже одного раза за 12 месяцев. Комплект моторных фильтров Filtero FTM 07 защищает от попадания крупных частиц пыли в моторный отсек пылесоса. Моторный фильтр можно промывать согласно инструкции к пылесосу. Фильтр подлежит замене, согласно рекомендации производителя пылесосов - не реже одного раза за 6 месяцев. Комплектация:1 НЕРА фильтр в пластиковом корпусе, 1 моторный фильтр. Фильтры подходят для пылесосов SAMSUNG VCC8835V37, VCC8836V36, VCC885HH3P, VCC885FH3P, VCC8874H35, VCC8876H35 RAMBO Twin Chamber Super SC8810, SC8830, SC8832, SC8833, SC8834, SC8835, SC8836, SC885A, SC885B, SC885H, SC885F, SC8850, SC8851, SC8852, SC8853, SC8854, SC8855, SC8856, SC8857, SC8858, SC8859, SC8870, SC8871, SC8872, SC8873, SC8874 Twin Chamber Super. Тип оригинального фильтра DJ97-01670D. Совместимость фильтров указана на фотографии 3 в карточке товара. Хранить в сухом месте. Срок годности не ограничен.","Добрый день.
 Благодарим за интерес к нашей продукции.
 К указанной Вами модели пылесоса данный фильтр подходит.
 Совместимость фильтров и мешков с моделью пылесоса либо серией указана на 3-й фотографии в карточке товара (обратная сторона упаковки).
 Будем благодарны за оставленный отзыв после покупки.",1
154766182,здравствуйте! Подойдёт к моделе SC 8837?,"{'Цвет': 'белый', 'Комплектация': 'Моторный фильтр -1шт.,HEPA фильтр-1шт.', 'Высота упаковки': '8 см', 'Совместимость': 'SAMSUNG SC', 'Материал изделия': 'синтетический материал', 'Модель': 'FTH 08 W', 'Ширина упаковки': '18 см', 'Страна производства': 'Китай', 'Длина упаковки': '21 см', 'Ставка НДС': '20'}  Фильтры для пылесоса FTH 08 W + FTM 07 набор. Набор фильтров: НЕРА фильтр Filtero FTH 08W уровня фильтрации Н13 и моторный фильтр FTM 07. Моющийся НЕРА фильтр на пылесос Самсунг Filtero FTH 08 W (washable) с самым высоким для бытовых фильтров уровнем фильтрации - H13, превосходно задерживает мельчайшие частицы пыли и аллергены с очисткой воздуха до 99,95%. Фильтр моющийся, его можно промывать при снижении мощности всасывания, продлевая срок службы. Подлежит замене, согласно рекомендации производителя пылесосов - не реже одного раза за 12 месяцев. Комплект моторных фильтров Filtero FTM 07 защищает от попадания крупных частиц пыли в моторный отсек пылесоса. Моторный фильтр можно промывать согласно инструкции к пылесосу. Фильтр подлежит замене, согласно рекомендации производителя пылесосов - не реже одного раза за 6 месяцев. Комплектация:1 НЕРА фильтр в пластиковом корпусе, 1 моторный фильтр. Фильтры подходят для пылесосов SAMSUNG VCC8835V37, VCC8836V36, VCC885HH3P, VCC885FH3P, VCC8874H35, VCC8876H35 RAMBO Twin Chamber Super SC8810, SC8830, SC8832, SC8833, SC8834, SC8835, SC8836, SC885A, SC885B, SC885H, SC885F, SC8850, SC8851, SC8852, SC8853, SC8854, SC8855, SC8856, SC8857, SC8858, SC8859, SC8870, SC8871, SC8872, SC8873, SC8874 Twin Chamber Super. Тип оригинального фильтра DJ97-01670D. Совместимость фильтров указана на фотографии 3 в карточке товара. Хранить в сухом месте. Срок годности не ограничен.","Добрый день.
 Благодарим за интерес к нашей продукции.
 К указанной Вами модели пылесоса данный набор подходит.
 Совместимость фильтров и мешков с моделью пылесоса либо серией указана на 3-й фотографии в карточке товара (обратная сторона упаковки).
 Будем благодарны за оставленный отзыв после покупки.",1
161504415,"доброй ночи. подскажите пожалуйста, когда будет 200737503  в размере 134-140. или синяя в звёздочку, тогоже размера?.","{'Номер сертификата соответствия': 'ЕАЭС RU С-UZ.НВ85.В.01977/23', 'Особенности модели': 'на молнии спереди', 'Комплектация': 'толстовка', 'Цвет': 'темно-синий', 'Тип ростовки': 'для всех типов', 'Вид застежки': 'молния', 'ТНВЭД': '6110209900', 'Покрой': 'Свободного кроя', 'Декоративные элементы': 'карман', 'Дата окончания действия сертификата/декларации': '07.06.2026', 'Любимые герои': 'красивые рисунки', 'Длина упаковки': '2 см', 'Назначение': 'повседневная', 'Рост модели на фото': '122 см', 'Дата регистрации сертификата/декларации': '08.06.2023', 'Утеплитель': 'футер', 'Опции капюшона': 'несъемный', 'Пол': 'Детский', 'Ширина упаковки': '37 см', 'Уход за вещами': 'Бережная стирка 30с без отжима', 'Высота упаковки': '27 см', 'Страна производства': 'Узбекистан', 'Рисунок': 'в ассортименте'} {'Российский размер 104-110': 'Рост, см 104-110', 'Российский размер 110-116': 'Рост, см 110-116', 'Российский размер 116-122': 'Рост, см 116-122', 'Российский размер 122-128': 'Возраст, лет 7-8, Обхват бедер, в см 66-70, Обхват груди, в см 64-66, Обхват талии, в см 60-61, Рост, см 122-128', 'Российский размер 92-98': 'Рост, см 92-98', 'Российский размер 128-134': 'Рост, см 128-134', 'Российский размер 134-140': 'Рост, см 134-140'} Толстовка детская хлопковая кофта с капюшоном и молнией. Рекомендуем выбирать изделие с запасом по размеру, так как после стирки возможна небольшая усадка. Детская толстовка выполнена из 100% хлопка, даже начес натуральный, за счет специальной обработки. Такой материал не даст замерзнуть Вашему ребенку. Подходит и для дома помещений, и для прогулок на улице. Это изделие подойдёт Вам, если вы ищите толстовку детская для девочек и мальчиков. Данная модель толстовки детская с капюшоном подходит в сад, на прогулку или в школу, у нее универсальная теплота, она не толстая, но благодаря начесу хорошо держит тепло и ребенку в ней комфортно.","Доброе утро! Поставки периодически приходят, рекомендуем добавить в лист ожидания.",0
3016911,здравствуйте. когда будут поставки вентиляторов?,"{'Высота упаковки': '22 см', 'Длина упаковки': '22 см', 'Модель': 'SC-DF111S01', 'Гарантийный срок': '1 год', 'Управление': 'механическое', 'Ширина предмета': '20.2 см', 'Страна производства': 'Китай', 'Ширина упаковки': '17 см', 'Рабочий механизм вентилятора': 'осевой', 'Комплектация': 'вентилятор', 'Глубина предмета': '17 см', 'Воздушный удар': '2 м', 'Высота предмета': '20.5 см', 'Конструкция вентилятора': 'настольный', 'Цвет': 'белый', 'Доп. опции вентилятора': 'бесшумная работа', 'Количество скоростей': '2 шт.'}  Вентилятор настольный SC-DF111S01 с режимом бесшумной работы. Настольный вентилятор SCARLETT SC-DF111S01 с режимом бесшумной работы станет незаменимым помощником в душном офисе и любом малогабаритном пространстве. Компактный прибор оснащён регулируемым наклоном в диапазоне от 0 до 60 градусов, вращением в 360 градусов с фиксацией каждые 30 градусов и 2 скоростями работы. Удобная съемная подставка и защита от перегрева облегчают процесс эксплуатации вентилятора и делают его безопасным. Прищепка дает дополнительные возможности по размещению вентилятора. Высококачественная защитная решётка обеспечит безопасность во время работы.",Добрый день! Данной информации нет. Рекомендуем подписаться на появление товара через кнопку.,0
139362479,Добрый день! Когда планируется поступление костюма в цвете синий кобальт?,"{'Уход за вещами': 'Бережная стирка при 30 C', 'Рисунок': 'без рисунка', 'ТНВЭД': '6203199000', 'Страна производства': 'Россия', 'Высота упаковки': '3 см', 'Длина упаковки': '34 см', 'Ширина упаковки': '44 см', 'Комплектация': 'жилет 1 шт., брюки 1шт.,бабочка 1шт.', 'Особенности модели': 'брюки с регулируемым поясом', 'Размер на модели': '140', 'Пол': 'Мальчики', 'Дата окончания действия сертификата/декларации': '17.08.2026', 'Цвет': 'темно-синий', 'Состав': '55% вискоза,45% полиэстер', 'Дата регистрации сертификата/декларации': '18.08.2023', 'Номер сертификата соответствия': 'ЕАЭС RU C-RU.HB52.B.00232/23', 'Назначение': 'школа', 'Вид застежки': 'молния'} {'Российский размер 104-110': 'Рост, см 104-110', 'Российский размер 110-116': 'Рост, см 110-116', 'Российский размер 116-122': 'Рост, см 116-122', 'Российский размер 122-128': 'Рост, см 122-128', 'Российский размер 128-134': 'Рост, см 128-134', 'Российский размер 134-140': 'Рост, см 134-140', 'Российский размер 140-146': 'Рост, см 140-146'} Костюм двубортный школа. Двубортный жилет, брюки, бабочка. Костюм в клетку, в комплект которого входят:двубортный жилет, брюки, бабочка. Приобретая данную модель, вы не пожалеете, изделие имеет возможность регулироваться в объеме и длине, поэтому даже с учетом роста ребенка, костюм может быть использован достаточно длительный период. В состав ткани входит хлопок, что позволяет пропускать воздух, а коже ребенка дышать. Материал подклада, так же натуральный, поэтому вы можете не беспокоится, за экологичность и безопасность изделия. Ткань костюма достаточно плотная, чтобы сохранять цвет и форму после многочисленных стирок. Жилет регулируется пряжкой, что обеспечивает отличную посадку на любой тип фигуры, внутренняя резинка на пуговках брюк обеспечивает регулировку объема по талии. Так же брюки имеют манжет, что позволяет удлинить изделие.",Добрый день! Поступление данной модели костюмчика планируется в августе.,0
139362479,Добрый день! Планируется ли поступление 139362479?,"{'Уход за вещами': 'Бережная стирка при 30 C', 'Рисунок': 'без рисунка', 'ТНВЭД': '6203199000', 'Страна производства': 'Россия', 'Высота упаковки': '3 см', 'Длина упаковки': '34 см', 'Ширина упаковки': '44 см', 'Комплектация': 'жилет 1 шт., брюки 1шт.,бабочка 1шт.', 'Особенности модели': 'брюки с регулируемым поясом', 'Размер на модели': '140', 'Пол': 'Мальчики', 'Дата окончания действия сертификата/декларации': '17.08.2026', 'Цвет': 'темно-синий', 'Состав': '55% вискоза,45% полиэстер', 'Дата регистрации сертификата/декларации': '18.08.2023', 'Номер сертификата соответствия': 'ЕАЭС RU C-RU.HB52.B.00232/23', 'Назначение': 'школа', 'Вид застежки': 'молния'} {'Российский размер 104-110': 'Рост, см 104-110', 'Российский размер 110-116': 'Рост, см 110-116', 'Российский размер 116-122': 'Рост, см 116-122', 'Российский размер 122-128': 'Рост, см 122-128', 'Российский размер 128-134': 'Рост, см 128-134', 'Российский размер 134-140': 'Рост, см 134-140', 'Российский размер 140-146': 'Рост, см 140-146'} Костюм двубортный школа. Двубортный жилет, брюки, бабочка. Костюм в клетку, в комплект которого входят:двубортный жилет, брюки, бабочка. Приобретая данную модель, вы не пожалеете, изделие имеет возможность регулироваться в объеме и длине, поэтому даже с учетом роста ребенка, костюм может быть использован достаточно длительный период. В состав ткани входит хлопок, что позволяет пропускать воздух, а коже ребенка дышать. Материал подклада, так же натуральный, поэтому вы можете не беспокоится, за экологичность и безопасность изделия. Ткань костюма достаточно плотная, чтобы сохранять цвет и форму после многочисленных стирок. Жилет регулируется пряжкой, что обеспечивает отличную посадку на любой тип фигуры, внутренняя резинка на пуговках брюк обеспечивает регулировку объема по талии. Так же брюки имеют манжет, что позволяет удлинить изделие.",Добрый день! Поступление данной модели костюмчика планируется в августе.,0
139362479,Добрый день! Планируется поступление костюма 139362479?,"{'Уход за вещами': 'Бережная стирка при 30 C', 'Рисунок': 'без рисунка', 'ТНВЭД': '6203199000', 'Страна производства': 'Россия', 'Высота упаковки': '3 см', 'Длина упаковки': '34 см', 'Ширина упаковки': '44 см', 'Комплектация': 'жилет 1 шт., брюки 1шт.,бабочка 1шт.', 'Особенности модели': 'брюки с регулируемым поясом', 'Размер на модели': '140', 'Пол': 'Мальчики', 'Дата окончания действия сертификата/декларации': '17.08.2026', 'Цвет': 'темно-синий', 'Состав': '55% вискоза,45% полиэстер', 'Дата регистрации сертификата/декларации': '18.08.2023', 'Номер сертификата соответствия': 'ЕАЭС RU C-RU.HB52.B.00232/23', 'Назначение': 'школа', 'Вид застежки': 'молния'} {'Российский размер 104-110': 'Рост, см 104-110', 'Российский размер 110-116': 'Рост, см 110-116', 'Российский размер 116-122': 'Рост, см 116-122', 'Российский размер 122-128': 'Рост, см 122-128', 'Российский размер 128-134': 'Рост, см 128-134', 'Российский размер 134-140': 'Рост, см 134-140', 'Российский размер 140-146': 'Рост, см 140-146'} Костюм двубортный школа. Двубортный жилет, брюки, бабочка. Костюм в клетку, в комплект которого входят:двубортный жилет, брюки, бабочка. Приобретая данную модель, вы не пожалеете, изделие имеет возможность регулироваться в объеме и длине, поэтому даже с учетом роста ребенка, костюм может быть использован достаточно длительный период. В состав ткани входит хлопок, что позволяет пропускать воздух, а коже ребенка дышать. Материал подклада, так же натуральный, поэтому вы можете не беспокоится, за экологичность и безопасность изделия. Ткань костюма достаточно плотная, чтобы сохранять цвет и форму после многочисленных стирок. Жилет регулируется пряжкой, что обеспечивает отличную посадку на любой тип фигуры, внутренняя резинка на пуговках брюк обеспечивает регулировку объема по талии. Так же брюки имеют манжет, что позволяет удлинить изделие.","Добрый день! Поступление данной модели костюмчика планируется , но  в небольшом количестве.",0
6596809,"Добрый день. Подскажите отличия у моделей 171304673 и 6596809. Разная цена, но описание не отличается, в чем же разница? Большое спасибо.","{'Рисунок': 'однотонные и с разными яркими принтами', 'Комплектация': 'рюкзак - 1 шт', 'Пол': 'Женский', 'Количество лямок': '2 мягкие лямки', 'Длина упаковки': '40 см', 'Высота упаковки': '50 см', 'Ширина упаковки': '5 см', 'Ширина предмета': '28 см', 'Глубина предмета': '14 см', 'Высота предмета': '42 см', 'Вместимость рюкзака': '16 л', 'Вес товара без упаковки (г)': '320 г', 'Особенности рюкзака': 'тканевый для поездки туризма похода', 'Количество отделений': '2 шт.', 'Тип рюкзака': 'классический', 'Назначение рюкзака': 'школьный', 'Материал подкладки': 'полиэстер', 'Карманы': 'Большой главный отсек', 'Спортивное назначение': 'фитнес', 'Декоративные элементы': 'логотип', 'Коллекция': 'Базовая коллекция', 'Вид застежки': 'молния', 'Дата окончания действия сертификата/декларации': '19.04.2025', 'Дата регистрации сертификата/декларации': '20.04.2020', 'Номер декларации соответствия': 'ЕАЭС N RU Д-RU.АБ47.В.02301/20', 'Страна производства': 'Россия', 'Состав': 'полиэстер 100%', 'Цвет': 'черный'}  Рюкзак женский черный школьный. Модный мужской и женский рюкзак, с принтом или однотонным дизайном, поможет создать интересные образы. В рюкзак женский туристический можно положить необходимое для похода, а также в летний рюкзак бутылку с водой, зонтик и пойти кататься на роликах, велосипеде или самокате. Он не давит на плечи и держит форму. Вместительный портфель подойдет мужчинам, женщинам для работы и подросткам для школьной учебы. В него помещается ноутбук до 14 дюймов, планшет и ценные вещи, документы. Рюкзак из текстиля пригодится в поездке как дорожная ручная кладь, сумка для пляжного отдыха и прогулок. Спинка уплотненная, небольшой наружный карман и основное отделение с внутренним карманом. Стильный аксессуар подходит для повседневной носки, и за ним просто ухаживать. Вместимость 16 литров, ВхШхГ - 42х28х14 см. Всё содержимое будет под защитой, так как у рюкзак спортивный для ноутбука водоотталкивающая ткань - 100% полиэстер.","Здравствуйте! Данные модели рюкзаков одинаковые, без отличий.",0
6596809,"здравствуйте, сколько карманов внутри рюкзака??","{'Рисунок': 'однотонные и с разными яркими принтами', 'Комплектация': 'рюкзак - 1 шт', 'Пол': 'Женский', 'Количество лямок': '2 мягкие лямки', 'Длина упаковки': '40 см', 'Высота упаковки': '50 см', 'Ширина упаковки': '5 см', 'Ширина предмета': '28 см', 'Глубина предмета': '14 см', 'Высота предмета': '42 см', 'Вместимость рюкзака': '16 л', 'Вес товара без упаковки (г)': '320 г', 'Особенности рюкзака': 'тканевый для поездки туризма похода', 'Количество отделений': '2 шт.', 'Тип рюкзака': 'классический', 'Назначение рюкзака': 'школьный', 'Материал подкладки': 'полиэстер', 'Карманы': 'Большой главный отсек', 'Спортивное назначение': 'фитнес', 'Декоративные элементы': 'логотип', 'Коллекция': 'Базовая коллекция', 'Вид застежки': 'молния', 'Дата окончания действия сертификата/декларации': '19.04.2025', 'Дата регистрации сертификата/декларации': '20.04.2020', 'Номер декларации соответствия': 'ЕАЭС N RU Д-RU.АБ47.В.02301/20', 'Страна производства': 'Россия', 'Состав': 'полиэстер 100%', 'Цвет': 'черный'}  Рюкзак женский черный школьный. Модный мужской и женский рюкзак, с принтом или однотонным дизайном, поможет создать интересные образы. В рюкзак женский туристический можно положить необходимое для похода, а также в летний рюкзак бутылку с водой, зонтик и пойти кататься на роликах, велосипеде или самокате. Он не давит на плечи и держит форму. Вместительный портфель подойдет мужчинам, женщинам для работы и подросткам для школьной учебы. В него помещается ноутбук до 14 дюймов, планшет и ценные вещи, документы. Рюкзак из текстиля пригодится в поездке как дорожная ручная кладь, сумка для пляжного отдыха и прогулок. Спинка уплотненная, небольшой наружный карман и основное отделение с внутренним карманом. Стильный аксессуар подходит для повседневной носки, и за ним просто ухаживать. Вместимость 16 литров, ВхШхГ - 42х28х14 см. Всё содержимое будет под защитой, так как у рюкзак спортивный для ноутбука водоотталкивающая ткань - 100% полиэстер.",Здравствуйте! Рюкзак имеет основное отделение и карман для ноутбука. Также один карман спереди.,1
6596809,"Здравствуйте, чем этот рюкзак отличается от модели с артиклом 171304673?","{'Рисунок': 'однотонные и с разными яркими принтами', 'Комплектация': 'рюкзак - 1 шт', 'Пол': 'Женский', 'Количество лямок': '2 мягкие лямки', 'Длина упаковки': '40 см', 'Высота упаковки': '50 см', 'Ширина упаковки': '5 см', 'Ширина предмета': '28 см', 'Глубина предмета': '14 см', 'Высота предмета': '42 см', 'Вместимость рюкзака': '16 л', 'Вес товара без упаковки (г)': '320 г', 'Особенности рюкзака': 'тканевый для поездки туризма похода', 'Количество отделений': '2 шт.', 'Тип рюкзака': 'классический', 'Назначение рюкзака': 'школьный', 'Материал подкладки': 'полиэстер', 'Карманы': 'Большой главный отсек', 'Спортивное назначение': 'фитнес', 'Декоративные элементы': 'логотип', 'Коллекция': 'Базовая коллекция', 'Вид застежки': 'молния', 'Дата окончания действия сертификата/декларации': '19.04.2025', 'Дата регистрации сертификата/декларации': '20.04.2020', 'Номер декларации соответствия': 'ЕАЭС N RU Д-RU.АБ47.В.02301/20', 'Страна производства': 'Россия', 'Состав': 'полиэстер 100%', 'Цвет': 'черный'}  Рюкзак женский черный школьный. Модный мужской и женский рюкзак, с принтом или однотонным дизайном, поможет создать интересные образы. В рюкзак женский туристический можно положить необходимое для похода, а также в летний рюкзак бутылку с водой, зонтик и пойти кататься на роликах, велосипеде или самокате. Он не давит на плечи и держит форму. Вместительный портфель подойдет мужчинам, женщинам для работы и подросткам для школьной учебы. В него помещается ноутбук до 14 дюймов, планшет и ценные вещи, документы. Рюкзак из текстиля пригодится в поездке как дорожная ручная кладь, сумка для пляжного отдыха и прогулок. Спинка уплотненная, небольшой наружный карман и основное отделение с внутренним карманом. Стильный аксессуар подходит для повседневной носки, и за ним просто ухаживать. Вместимость 16 литров, ВхШхГ - 42х28х14 см. Всё содержимое будет под защитой, так как у рюкзак спортивный для ноутбука водоотталкивающая ткань - 100% полиэстер.","Здравствуйте! Данные модели рюкзаков одинаковые, без отличий.",0
6596809,Только для женщин рюкзаки производят?,"{'Рисунок': 'однотонные и с разными яркими принтами', 'Комплектация': 'рюкзак - 1 шт', 'Пол': 'Женский', 'Количество лямок': '2 мягкие лямки', 'Длина упаковки': '40 см', 'Высота упаковки': '50 см', 'Ширина упаковки': '5 см', 'Ширина предмета': '28 см', 'Глубина предмета': '14 см', 'Высота предмета': '42 см', 'Вместимость рюкзака': '16 л', 'Вес товара без упаковки (г)': '320 г', 'Особенности рюкзака': 'тканевый для поездки туризма похода', 'Количество отделений': '2 шт.', 'Тип рюкзака': 'классический', 'Назначение рюкзака': 'школьный', 'Материал подкладки': 'полиэстер', 'Карманы': 'Большой главный отсек', 'Спортивное назначение': 'фитнес', 'Декоративные элементы': 'логотип', 'Коллекция': 'Базовая коллекция', 'Вид застежки': 'молния', 'Дата окончания действия сертификата/декларации': '19.04.2025', 'Дата регистрации сертификата/декларации': '20.04.2020', 'Номер декларации соответствия': 'ЕАЭС N RU Д-RU.АБ47.В.02301/20', 'Страна производства': 'Россия', 'Состав': 'полиэстер 100%', 'Цвет': 'черный'}  Рюкзак женский черный школьный. Модный мужской и женский рюкзак, с принтом или однотонным дизайном, поможет создать интересные образы. В рюкзак женский туристический можно положить необходимое для похода, а также в летний рюкзак бутылку с водой, зонтик и пойти кататься на роликах, велосипеде или самокате. Он не давит на плечи и держит форму. Вместительный портфель подойдет мужчинам, женщинам для работы и подросткам для школьной учебы. В него помещается ноутбук до 14 дюймов, планшет и ценные вещи, документы. Рюкзак из текстиля пригодится в поездке как дорожная ручная кладь, сумка для пляжного отдыха и прогулок. Спинка уплотненная, небольшой наружный карман и основное отделение с внутренним карманом. Стильный аксессуар подходит для повседневной носки, и за ним просто ухаживать. Вместимость 16 литров, ВхШхГ - 42х28х14 см. Всё содержимое будет под защитой, так как у рюкзак спортивный для ноутбука водоотталкивающая ткань - 100% полиэстер.","Уважаемый клиент, Благодарим вас за вопрос! Наш рюкзак разработан как унисекс-модель, предназначенный для использования как мужчинами, так и женщинами  Мы уделяем внимание универсальному дизайну, который подходит для широкого круга потребителей. Если у вас возникнут еще вопросы или потребуется дополнительная информация, не стесняйтесь обращаться. Мы готовы помочь. Спасибо за интерес к нашим продуктам! С уважением, ZAIN",0
4364150,где купить дозатор для кондиционера 1 л?,"{'Назначение косметического средства': 'для волос', 'Срок годности': '36 месяцев', 'Вес товара с упаковкой (г)': '1100 г', 'Объем товара': '1000 мл', 'Прямые поставки от производителя': 'да', 'Длина упаковки': '8 см', 'Страна производства': 'Испания', 'Тип волос': 'для непослушных волос', 'Действие': 'выпрямление', 'Высота упаковки': '25 см', 'Форма упаковки': 'без давления', 'Ширина упаковки': '8 см', 'Комплектация': 'кондиционер', 'Упаковка': 'туба', 'Раздел меню': 'волосы'}  Профессиональный кондиционер MEGA SLEEK для гладкости волос. Кондиционер Mega Sleek с маслом ши укрощает непослушные волосы, защищает от влажности, придаёт волосам гладкость. При использовании системы из шампуня, кондиционера и несмываемого спрея для термозащиты. Способ применения: нанести на влажные волосы после использования шампуня Mega Sleek. Смыть водой. При попадании в глаза немедленно промыть водой.",Добрый день! Дозатор приобретается самостоятельно. В ассортименте бренда нет дозаторов. Вы можете купить его в любом удобном для вас месте. Диаметр горлышка у литровых бутылок - 2 см.,0
4462068,Здравствуйте! А квасцы алюмокалиевые?,"{'Комплектация': 'дезодорант для тела', 'Страна производства': 'Россия', 'ТНВЭД': '3307200000', 'Ширина упаковки': '4 см', 'Срок годности': '24 месяца', 'Прямые поставки от производителя': 'да', 'Упаковка': 'пластиковая бутылка', 'Номер декларации соответствия': 'ЕАЭС N RU Д-RU.АД65.В.07379/20', 'Состав': 'вода', 'Дата окончания действия сертификата/декларации': '01.03.2025', 'Назначение косметического средства': 'для тела', 'Форма упаковки': 'без давления', 'Раздел меню': 'органическая косметика', 'Вес товара без упаковки (г)': '150 г', 'Тип дезодоранта': 'аэрозоль', 'Дата регистрации сертификата/декларации': '02.03.2020', 'Высота упаковки': '18 см', 'Ставка НДС': '20', 'Назначение дезодоранта': 'для женщин', 'Длина упаковки': '4 см', 'Вес товара с упаковкой (г)': '200 г', 'Объем товара': '150 мл'}  ZEITUN Минеральный дезодорант спрей натуральный 150 мл. Минеральный эко дезодорант с афродизиаком Zeitun WELLNESS обеспечивает эффективную защиту от пота и запаха. На 100% натуральная формула подходит для взрослых и подростков, а также не загрязняет окружающую среду. Алюмокалиевые квасцы естественным образом снижают потоотделение, а коллоидное серебро (мощный природный антибактериальный компонент) устраняет бактерии - причину неприятного запаха. Форма спрея с удобным распылителем делает нанесение максимально комфортным, гигиеничным и равномерным. Чувственная композиция воссоздает аромат самого знаменитого, сладковато-пудрового аромата белого мускуса. Он не забивая поры и не блокируя потовые железы. Смягчает, увлажняет, оставляет на коже изысканный аромат. БЕЗ АЛЮМИНИЯ И БЕЗ СПИРТА!",Добрый день! Верно.,1
4462068,"здравствуйте, почему они без запаха? что за обычная вода?","{'Комплектация': 'дезодорант для тела', 'Страна производства': 'Россия', 'ТНВЭД': '3307200000', 'Ширина упаковки': '4 см', 'Срок годности': '24 месяца', 'Прямые поставки от производителя': 'да', 'Упаковка': 'пластиковая бутылка', 'Номер декларации соответствия': 'ЕАЭС N RU Д-RU.АД65.В.07379/20', 'Состав': 'вода', 'Дата окончания действия сертификата/декларации': '01.03.2025', 'Назначение косметического средства': 'для тела', 'Форма упаковки': 'без давления', 'Раздел меню': 'органическая косметика', 'Вес товара без упаковки (г)': '150 г', 'Тип дезодоранта': 'аэрозоль', 'Дата регистрации сертификата/декларации': '02.03.2020', 'Высота упаковки': '18 см', 'Ставка НДС': '20', 'Назначение дезодоранта': 'для женщин', 'Длина упаковки': '4 см', 'Вес товара с упаковкой (г)': '200 г', 'Объем товара': '150 мл'}  ZEITUN Минеральный дезодорант спрей натуральный 150 мл. Минеральный эко дезодорант с афродизиаком Zeitun WELLNESS обеспечивает эффективную защиту от пота и запаха. На 100% натуральная формула подходит для взрослых и подростков, а также не загрязняет окружающую среду. Алюмокалиевые квасцы естественным образом снижают потоотделение, а коллоидное серебро (мощный природный антибактериальный компонент) устраняет бактерии - причину неприятного запаха. Форма спрея с удобным распылителем делает нанесение максимально комфортным, гигиеничным и равномерным. Чувственная композиция воссоздает аромат самого знаменитого, сладковато-пудрового аромата белого мускуса. Он не забивая поры и не блокируя потовые железы. Смягчает, увлажняет, оставляет на коже изысканный аромат. БЕЗ АЛЮМИНИЯ И БЕЗ СПИРТА!","Добрый день! Данный дезодорант имеет аромат ""Белый мускус"". Натуральные минеральные дезодоранты при распылении имеют лёгкий, ненавязчивый аромат, который не перебивает духи и достаточно быстро выветривается. Кроме того, наш опыт показывает, что восприятие аромата всегда крайне индивидуально.",0
4462068,"Здравствуйте, подскажите, пожалуйста, когда появится в наличии дезодорант с запахом мяты? Самый классный аромат был🙏","{'Комплектация': 'дезодорант для тела', 'Страна производства': 'Россия', 'ТНВЭД': '3307200000', 'Ширина упаковки': '4 см', 'Срок годности': '24 месяца', 'Прямые поставки от производителя': 'да', 'Упаковка': 'пластиковая бутылка', 'Номер декларации соответствия': 'ЕАЭС N RU Д-RU.АД65.В.07379/20', 'Состав': 'вода', 'Дата окончания действия сертификата/декларации': '01.03.2025', 'Назначение косметического средства': 'для тела', 'Форма упаковки': 'без давления', 'Раздел меню': 'органическая косметика', 'Вес товара без упаковки (г)': '150 г', 'Тип дезодоранта': 'аэрозоль', 'Дата регистрации сертификата/декларации': '02.03.2020', 'Высота упаковки': '18 см', 'Ставка НДС': '20', 'Назначение дезодоранта': 'для женщин', 'Длина упаковки': '4 см', 'Вес товара с упаковкой (г)': '200 г', 'Объем товара': '150 мл'}  ZEITUN Минеральный дезодорант спрей натуральный 150 мл. Минеральный эко дезодорант с афродизиаком Zeitun WELLNESS обеспечивает эффективную защиту от пота и запаха. На 100% натуральная формула подходит для взрослых и подростков, а также не загрязняет окружающую среду. Алюмокалиевые квасцы естественным образом снижают потоотделение, а коллоидное серебро (мощный природный антибактериальный компонент) устраняет бактерии - причину неприятного запаха. Форма спрея с удобным распылителем делает нанесение максимально комфортным, гигиеничным и равномерным. Чувственная композиция воссоздает аромат самого знаменитого, сладковато-пудрового аромата белого мускуса. Он не забивая поры и не блокируя потовые железы. Смягчает, увлажняет, оставляет на коже изысканный аромат. БЕЗ АЛЮМИНИЯ И БЕЗ СПИРТА!",Добрый день! Поставок больше не планируется.,0
4402774,является ли этот лосьон гормональным?,"{'Страна производства': 'Франция', 'Ширина упаковки': '11 см', 'Срок годности': '36 месяцев', 'Комплектация': 'молочко', 'Прямые поставки от производителя': 'да', 'Номер декларации соответствия': 'RU.50.99.05.001.E.000107.04.17', 'Раздел меню': 'аптечная косметика', 'Назначение косметического средства': 'для тела', 'Форма упаковки': 'без давления', 'Тип кожи': 'для сухой кожи', 'Упаковка': 'флакон с дозатором', 'Вес товара с упаковкой (г)': '400 г', 'SPF': 'без УФ защиты', 'Состав': 'глицерин', 'Длина упаковки': '10 см', 'Дата регистрации сертификата/декларации': '14.04.2017', 'Дата окончания действия сертификата/декларации': '31.12.2099', 'Объем товара': '400 мл', 'Действие': 'увлажнение', 'Высота упаковки': '22 см'}  LIPIKAR LAIT увлажняющее молочко для тела и лица 400 мл. Lipikar Lait Молочко для тела, рук и лица для сухой, очень сухой кожи новорожденных младенцев, детей и взрослых с ниацинамидом и маслом ши для увлажнения, 400 мл. Способствует восстановлению липидного барьера кожи, увлажняет, оказывает успокаивающий, питательный и восстанавливающий эффект. Обеспечивает комфорт и смягчение даже самой сухой, чувствительной и атопичной кожи взрослых, детей и новорожденных младенцев 0+. Термальная вода обладает увлажняющими свойствами. Колд-крем на основе защитных липидов, обогащенный маслом ши (карите), обеспечивает питание кожи, снижает дискомфорт, признаки сухости и атопического дерматита. Ниацинамид (ниацин) уменьшает раздражение и успокаивает кожу. Молочко Lipikar Lait подходит для ежедневного ухода за женской, мужской, подростковой и детской кожей лица, рук и тела. Восстанавливает защитный барьер, обеспечивает увлажнение и смягчение кожи после купания и гигиенических процедур. Может использоваться в дополнение к повседневной гигиене новорожденных малышей с первых месяцев жизни, мальчиков и девочек до года и старше с очень деликатной, сухой кожей. Способ применения: наносите Lipikar Lait 1-2 раза в день (при необходимости чаще) на предварительно очищенную сухую кожу, уделяя особое внимание чувствительным участкам. Может использоваться в качестве подарка на 8 марта, день рождения, 23 февраля или Новый год (НГ) для девушки, парня, брата, мамы, папы, подруги, друга, жены, мужа, коллеги, а также родителей новорождённого ребенка. Вы также можете найти данное средство по запросам: косметическое средство для детей, аптечная уходовая косметика, уход за сухой кожей, дермокосметика, эмолент.","Добрый день! Использование гормонов в косметических средствах было запрещено международными конвенциями в России (в 1998 году), в Европе (в 1976 году) и США (в 1949 году). Марка сертифицирована и зарегистрирована как производитель косметической продукции. Согласно Техническому регламенту Таможенного союза  009/2011, косметические продукты не могут включать в свой состав такие компоненты, как гормоны. Гормоны - это компоненты, запрещенные к использованию в косметических средствах. Если в состав средства входят гормоны, то такие средства уже регистрируются как лекарственные препараты, то есть это средства рецептурного отпуска.",0
4402774,Здравствуйте. Подходит ли это молочко для тела веганам?,"{'Страна производства': 'Франция', 'Ширина упаковки': '11 см', 'Срок годности': '36 месяцев', 'Комплектация': 'молочко', 'Прямые поставки от производителя': 'да', 'Номер декларации соответствия': 'RU.50.99.05.001.E.000107.04.17', 'Раздел меню': 'аптечная косметика', 'Назначение косметического средства': 'для тела', 'Форма упаковки': 'без давления', 'Тип кожи': 'для сухой кожи', 'Упаковка': 'флакон с дозатором', 'Вес товара с упаковкой (г)': '400 г', 'SPF': 'без УФ защиты', 'Состав': 'глицерин', 'Длина упаковки': '10 см', 'Дата регистрации сертификата/декларации': '14.04.2017', 'Дата окончания действия сертификата/декларации': '31.12.2099', 'Объем товара': '400 мл', 'Действие': 'увлажнение', 'Высота упаковки': '22 см'}  LIPIKAR LAIT увлажняющее молочко для тела и лица 400 мл. Lipikar Lait Молочко для тела, рук и лица для сухой, очень сухой кожи новорожденных младенцев, детей и взрослых с ниацинамидом и маслом ши для увлажнения, 400 мл. Способствует восстановлению липидного барьера кожи, увлажняет, оказывает успокаивающий, питательный и восстанавливающий эффект. Обеспечивает комфорт и смягчение даже самой сухой, чувствительной и атопичной кожи взрослых, детей и новорожденных младенцев 0+. Термальная вода обладает увлажняющими свойствами. Колд-крем на основе защитных липидов, обогащенный маслом ши (карите), обеспечивает питание кожи, снижает дискомфорт, признаки сухости и атопического дерматита. Ниацинамид (ниацин) уменьшает раздражение и успокаивает кожу. Молочко Lipikar Lait подходит для ежедневного ухода за женской, мужской, подростковой и детской кожей лица, рук и тела. Восстанавливает защитный барьер, обеспечивает увлажнение и смягчение кожи после купания и гигиенических процедур. Может использоваться в дополнение к повседневной гигиене новорожденных малышей с первых месяцев жизни, мальчиков и девочек до года и старше с очень деликатной, сухой кожей. Способ применения: наносите Lipikar Lait 1-2 раза в день (при необходимости чаще) на предварительно очищенную сухую кожу, уделяя особое внимание чувствительным участкам. Может использоваться в качестве подарка на 8 марта, день рождения, 23 февраля или Новый год (НГ) для девушки, парня, брата, мамы, папы, подруги, друга, жены, мужа, коллеги, а также родителей новорождённого ребенка. Вы также можете найти данное средство по запросам: косметическое средство для детей, аптечная уходовая косметика, уход за сухой кожей, дермокосметика, эмолент.","Добрый день! В составе нет ингредиентов животного происхождения, подходит для вегетарианцев",1
4402774,"здравствуйте,  подскажите будет ли поставка данного товара?","{'Страна производства': 'Франция', 'Ширина упаковки': '11 см', 'Срок годности': '36 месяцев', 'Комплектация': 'молочко', 'Прямые поставки от производителя': 'да', 'Номер декларации соответствия': 'RU.50.99.05.001.E.000107.04.17', 'Раздел меню': 'аптечная косметика', 'Назначение косметического средства': 'для тела', 'Форма упаковки': 'без давления', 'Тип кожи': 'для сухой кожи', 'Упаковка': 'флакон с дозатором', 'Вес товара с упаковкой (г)': '400 г', 'SPF': 'без УФ защиты', 'Состав': 'глицерин', 'Длина упаковки': '10 см', 'Дата регистрации сертификата/декларации': '14.04.2017', 'Дата окончания действия сертификата/декларации': '31.12.2099', 'Объем товара': '400 мл', 'Действие': 'увлажнение', 'Высота упаковки': '22 см'}  LIPIKAR LAIT увлажняющее молочко для тела и лица 400 мл. Lipikar Lait Молочко для тела, рук и лица для сухой, очень сухой кожи новорожденных младенцев, детей и взрослых с ниацинамидом и маслом ши для увлажнения, 400 мл. Способствует восстановлению липидного барьера кожи, увлажняет, оказывает успокаивающий, питательный и восстанавливающий эффект. Обеспечивает комфорт и смягчение даже самой сухой, чувствительной и атопичной кожи взрослых, детей и новорожденных младенцев 0+. Термальная вода обладает увлажняющими свойствами. Колд-крем на основе защитных липидов, обогащенный маслом ши (карите), обеспечивает питание кожи, снижает дискомфорт, признаки сухости и атопического дерматита. Ниацинамид (ниацин) уменьшает раздражение и успокаивает кожу. Молочко Lipikar Lait подходит для ежедневного ухода за женской, мужской, подростковой и детской кожей лица, рук и тела. Восстанавливает защитный барьер, обеспечивает увлажнение и смягчение кожи после купания и гигиенических процедур. Может использоваться в дополнение к повседневной гигиене новорожденных малышей с первых месяцев жизни, мальчиков и девочек до года и старше с очень деликатной, сухой кожей. Способ применения: наносите Lipikar Lait 1-2 раза в день (при необходимости чаще) на предварительно очищенную сухую кожу, уделяя особое внимание чувствительным участкам. Может использоваться в качестве подарка на 8 марта, день рождения, 23 февраля или Новый год (НГ) для девушки, парня, брата, мамы, папы, подруги, друга, жены, мужа, коллеги, а также родителей новорождённого ребенка. Вы также можете найти данное средство по запросам: косметическое средство для детей, аптечная уходовая косметика, уход за сухой кожей, дермокосметика, эмолент.","Добрый день! К сожалению, на текущий момент не представляется возможным детализировать точную дату поступления средства в продажу. Мы предлагаем добавить продукт в лист ожидания (кнопка ""в лист ожидания"" находится рядом с фотографиями средства), чтобы вам пришло уведомление, как только оно будет доступно к покупке.",0
4402774,"Здравствуйте! Очень долго ждала товар. В итоге пришёл брак(был отломан носик у дозатора, потому что был плохо упакован) Вы сможете вернуть деньги?","{'Страна производства': 'Франция', 'Ширина упаковки': '11 см', 'Срок годности': '36 месяцев', 'Комплектация': 'молочко', 'Прямые поставки от производителя': 'да', 'Номер декларации соответствия': 'RU.50.99.05.001.E.000107.04.17', 'Раздел меню': 'аптечная косметика', 'Назначение косметического средства': 'для тела', 'Форма упаковки': 'без давления', 'Тип кожи': 'для сухой кожи', 'Упаковка': 'флакон с дозатором', 'Вес товара с упаковкой (г)': '400 г', 'SPF': 'без УФ защиты', 'Состав': 'глицерин', 'Длина упаковки': '10 см', 'Дата регистрации сертификата/декларации': '14.04.2017', 'Дата окончания действия сертификата/декларации': '31.12.2099', 'Объем товара': '400 мл', 'Действие': 'увлажнение', 'Высота упаковки': '22 см'}  LIPIKAR LAIT увлажняющее молочко для тела и лица 400 мл. Lipikar Lait Молочко для тела, рук и лица для сухой, очень сухой кожи новорожденных младенцев, детей и взрослых с ниацинамидом и маслом ши для увлажнения, 400 мл. Способствует восстановлению липидного барьера кожи, увлажняет, оказывает успокаивающий, питательный и восстанавливающий эффект. Обеспечивает комфорт и смягчение даже самой сухой, чувствительной и атопичной кожи взрослых, детей и новорожденных младенцев 0+. Термальная вода обладает увлажняющими свойствами. Колд-крем на основе защитных липидов, обогащенный маслом ши (карите), обеспечивает питание кожи, снижает дискомфорт, признаки сухости и атопического дерматита. Ниацинамид (ниацин) уменьшает раздражение и успокаивает кожу. Молочко Lipikar Lait подходит для ежедневного ухода за женской, мужской, подростковой и детской кожей лица, рук и тела. Восстанавливает защитный барьер, обеспечивает увлажнение и смягчение кожи после купания и гигиенических процедур. Может использоваться в дополнение к повседневной гигиене новорожденных малышей с первых месяцев жизни, мальчиков и девочек до года и старше с очень деликатной, сухой кожей. Способ применения: наносите Lipikar Lait 1-2 раза в день (при необходимости чаще) на предварительно очищенную сухую кожу, уделяя особое внимание чувствительным участкам. Может использоваться в качестве подарка на 8 марта, день рождения, 23 февраля или Новый год (НГ) для девушки, парня, брата, мамы, папы, подруги, друга, жены, мужа, коллеги, а также родителей новорождённого ребенка. Вы также можете найти данное средство по запросам: косметическое средство для детей, аптечная уходовая косметика, уход за сухой кожей, дермокосметика, эмолент.","Здравствуйте! Получить консультацию по вопросам возврата, обмена товара или потраченных средств вы можете в разделе Покупателям - Возврат товара/Денежных средств или в разделе Вопросы и ответы.",0
4402774,"Здравствуйте! Очень долго ждала товар, в итоге пришел брак (был отломан носик у дозатора, потому что бутылёк с молочком был плохо упакован). Прошу сделать возврат полной суммы.","{'Страна производства': 'Франция', 'Ширина упаковки': '11 см', 'Срок годности': '36 месяцев', 'Комплектация': 'молочко', 'Прямые поставки от производителя': 'да', 'Номер декларации соответствия': 'RU.50.99.05.001.E.000107.04.17', 'Раздел меню': 'аптечная косметика', 'Назначение косметического средства': 'для тела', 'Форма упаковки': 'без давления', 'Тип кожи': 'для сухой кожи', 'Упаковка': 'флакон с дозатором', 'Вес товара с упаковкой (г)': '400 г', 'SPF': 'без УФ защиты', 'Состав': 'глицерин', 'Длина упаковки': '10 см', 'Дата регистрации сертификата/декларации': '14.04.2017', 'Дата окончания действия сертификата/декларации': '31.12.2099', 'Объем товара': '400 мл', 'Действие': 'увлажнение', 'Высота упаковки': '22 см'}  LIPIKAR LAIT увлажняющее молочко для тела и лица 400 мл. Lipikar Lait Молочко для тела, рук и лица для сухой, очень сухой кожи новорожденных младенцев, детей и взрослых с ниацинамидом и маслом ши для увлажнения, 400 мл. Способствует восстановлению липидного барьера кожи, увлажняет, оказывает успокаивающий, питательный и восстанавливающий эффект. Обеспечивает комфорт и смягчение даже самой сухой, чувствительной и атопичной кожи взрослых, детей и новорожденных младенцев 0+. Термальная вода обладает увлажняющими свойствами. Колд-крем на основе защитных липидов, обогащенный маслом ши (карите), обеспечивает питание кожи, снижает дискомфорт, признаки сухости и атопического дерматита. Ниацинамид (ниацин) уменьшает раздражение и успокаивает кожу. Молочко Lipikar Lait подходит для ежедневного ухода за женской, мужской, подростковой и детской кожей лица, рук и тела. Восстанавливает защитный барьер, обеспечивает увлажнение и смягчение кожи после купания и гигиенических процедур. Может использоваться в дополнение к повседневной гигиене новорожденных малышей с первых месяцев жизни, мальчиков и девочек до года и старше с очень деликатной, сухой кожей. Способ применения: наносите Lipikar Lait 1-2 раза в день (при необходимости чаще) на предварительно очищенную сухую кожу, уделяя особое внимание чувствительным участкам. Может использоваться в качестве подарка на 8 марта, день рождения, 23 февраля или Новый год (НГ) для девушки, парня, брата, мамы, папы, подруги, друга, жены, мужа, коллеги, а также родителей новорождённого ребенка. Вы также можете найти данное средство по запросам: косметическое средство для детей, аптечная уходовая косметика, уход за сухой кожей, дермокосметика, эмолент.","Здравствуйте! Получить консультацию по вопросам возврата, обмена товара или потраченных средств вы можете в разделе Покупателям - Возврат товара/Денежных средств или в разделе Вопросы и ответы.",0
4402774,На картинке представлен товар совсем другой ! Мне прислали подделку ! Запах ужас ! Ребенка мазать не буду ! Максимум ноги себе !,"{'Страна производства': 'Франция', 'Ширина упаковки': '11 см', 'Срок годности': '36 месяцев', 'Комплектация': 'молочко', 'Прямые поставки от производителя': 'да', 'Номер декларации соответствия': 'RU.50.99.05.001.E.000107.04.17', 'Раздел меню': 'аптечная косметика', 'Назначение косметического средства': 'для тела', 'Форма упаковки': 'без давления', 'Тип кожи': 'для сухой кожи', 'Упаковка': 'флакон с дозатором', 'Вес товара с упаковкой (г)': '400 г', 'SPF': 'без УФ защиты', 'Состав': 'глицерин', 'Длина упаковки': '10 см', 'Дата регистрации сертификата/декларации': '14.04.2017', 'Дата окончания действия сертификата/декларации': '31.12.2099', 'Объем товара': '400 мл', 'Действие': 'увлажнение', 'Высота упаковки': '22 см'}  LIPIKAR LAIT увлажняющее молочко для тела и лица 400 мл. Lipikar Lait Молочко для тела, рук и лица для сухой, очень сухой кожи новорожденных младенцев, детей и взрослых с ниацинамидом и маслом ши для увлажнения, 400 мл. Способствует восстановлению липидного барьера кожи, увлажняет, оказывает успокаивающий, питательный и восстанавливающий эффект. Обеспечивает комфорт и смягчение даже самой сухой, чувствительной и атопичной кожи взрослых, детей и новорожденных младенцев 0+. Термальная вода обладает увлажняющими свойствами. Колд-крем на основе защитных липидов, обогащенный маслом ши (карите), обеспечивает питание кожи, снижает дискомфорт, признаки сухости и атопического дерматита. Ниацинамид (ниацин) уменьшает раздражение и успокаивает кожу. Молочко Lipikar Lait подходит для ежедневного ухода за женской, мужской, подростковой и детской кожей лица, рук и тела. Восстанавливает защитный барьер, обеспечивает увлажнение и смягчение кожи после купания и гигиенических процедур. Может использоваться в дополнение к повседневной гигиене новорожденных малышей с первых месяцев жизни, мальчиков и девочек до года и старше с очень деликатной, сухой кожей. Способ применения: наносите Lipikar Lait 1-2 раза в день (при необходимости чаще) на предварительно очищенную сухую кожу, уделяя особое внимание чувствительным участкам. Может использоваться в качестве подарка на 8 марта, день рождения, 23 февраля или Новый год (НГ) для девушки, парня, брата, мамы, папы, подруги, друга, жены, мужа, коллеги, а также родителей новорождённого ребенка. Вы также можете найти данное средство по запросам: косметическое средство для детей, аптечная уходовая косметика, уход за сухой кожей, дермокосметика, эмолент.","Добрый день! Вся продукция La Roche-Posay, на которых Wildberries‎ указан как продавец, является 100% оригинальными средствами. Все средства La Roche-Posay официально и регулярно поставляются в интернет-магазин. Сожалеем, что вам пришлось столкнуться с подобной ситуацией. Рекомендуем по данному вопросу обратиться в службу поддержки Wildberries .",0
4402774,когда поступит товар?,"{'Страна производства': 'Франция', 'Ширина упаковки': '11 см', 'Срок годности': '36 месяцев', 'Комплектация': 'молочко', 'Прямые поставки от производителя': 'да', 'Номер декларации соответствия': 'RU.50.99.05.001.E.000107.04.17', 'Раздел меню': 'аптечная косметика', 'Назначение косметического средства': 'для тела', 'Форма упаковки': 'без давления', 'Тип кожи': 'для сухой кожи', 'Упаковка': 'флакон с дозатором', 'Вес товара с упаковкой (г)': '400 г', 'SPF': 'без УФ защиты', 'Состав': 'глицерин', 'Длина упаковки': '10 см', 'Дата регистрации сертификата/декларации': '14.04.2017', 'Дата окончания действия сертификата/декларации': '31.12.2099', 'Объем товара': '400 мл', 'Действие': 'увлажнение', 'Высота упаковки': '22 см'}  LIPIKAR LAIT увлажняющее молочко для тела и лица 400 мл. Lipikar Lait Молочко для тела, рук и лица для сухой, очень сухой кожи новорожденных младенцев, детей и взрослых с ниацинамидом и маслом ши для увлажнения, 400 мл. Способствует восстановлению липидного барьера кожи, увлажняет, оказывает успокаивающий, питательный и восстанавливающий эффект. Обеспечивает комфорт и смягчение даже самой сухой, чувствительной и атопичной кожи взрослых, детей и новорожденных младенцев 0+. Термальная вода обладает увлажняющими свойствами. Колд-крем на основе защитных липидов, обогащенный маслом ши (карите), обеспечивает питание кожи, снижает дискомфорт, признаки сухости и атопического дерматита. Ниацинамид (ниацин) уменьшает раздражение и успокаивает кожу. Молочко Lipikar Lait подходит для ежедневного ухода за женской, мужской, подростковой и детской кожей лица, рук и тела. Восстанавливает защитный барьер, обеспечивает увлажнение и смягчение кожи после купания и гигиенических процедур. Может использоваться в дополнение к повседневной гигиене новорожденных малышей с первых месяцев жизни, мальчиков и девочек до года и старше с очень деликатной, сухой кожей. Способ применения: наносите Lipikar Lait 1-2 раза в день (при необходимости чаще) на предварительно очищенную сухую кожу, уделяя особое внимание чувствительным участкам. Может использоваться в качестве подарка на 8 марта, день рождения, 23 февраля или Новый год (НГ) для девушки, парня, брата, мамы, папы, подруги, друга, жены, мужа, коллеги, а также родителей новорождённого ребенка. Вы также можете найти данное средство по запросам: косметическое средство для детей, аптечная уходовая косметика, уход за сухой кожей, дермокосметика, эмолент.","Добрый день! К сожалению, на текущий момент не представляется возможным детализировать точную дату поступления средства в продажу. Мы предлагаем добавить продукт в лист ожидания (кнопка ""в лист ожидания"" находится рядом с фотографиями средства), чтобы вам пришло уведомление, как только оно будет доступно к покупке.",0
4402774,"давно пользуюсь этой косметикой, очень ноавится НО заказала в последний раз молочко и впервые попалась ПОДДЕЛКА. Нанесла на тело и все стало гореть и покраснела кожа. УЖАС. Никогда подобного не было. Стоит старый флакон и от него нет никакой реакции, а в новом флаконе видимо  какая-то химоза.","{'Страна производства': 'Франция', 'Ширина упаковки': '11 см', 'Срок годности': '36 месяцев', 'Комплектация': 'молочко', 'Прямые поставки от производителя': 'да', 'Номер декларации соответствия': 'RU.50.99.05.001.E.000107.04.17', 'Раздел меню': 'аптечная косметика', 'Назначение косметического средства': 'для тела', 'Форма упаковки': 'без давления', 'Тип кожи': 'для сухой кожи', 'Упаковка': 'флакон с дозатором', 'Вес товара с упаковкой (г)': '400 г', 'SPF': 'без УФ защиты', 'Состав': 'глицерин', 'Длина упаковки': '10 см', 'Дата регистрации сертификата/декларации': '14.04.2017', 'Дата окончания действия сертификата/декларации': '31.12.2099', 'Объем товара': '400 мл', 'Действие': 'увлажнение', 'Высота упаковки': '22 см'}  LIPIKAR LAIT увлажняющее молочко для тела и лица 400 мл. Lipikar Lait Молочко для тела, рук и лица для сухой, очень сухой кожи новорожденных младенцев, детей и взрослых с ниацинамидом и маслом ши для увлажнения, 400 мл. Способствует восстановлению липидного барьера кожи, увлажняет, оказывает успокаивающий, питательный и восстанавливающий эффект. Обеспечивает комфорт и смягчение даже самой сухой, чувствительной и атопичной кожи взрослых, детей и новорожденных младенцев 0+. Термальная вода обладает увлажняющими свойствами. Колд-крем на основе защитных липидов, обогащенный маслом ши (карите), обеспечивает питание кожи, снижает дискомфорт, признаки сухости и атопического дерматита. Ниацинамид (ниацин) уменьшает раздражение и успокаивает кожу. Молочко Lipikar Lait подходит для ежедневного ухода за женской, мужской, подростковой и детской кожей лица, рук и тела. Восстанавливает защитный барьер, обеспечивает увлажнение и смягчение кожи после купания и гигиенических процедур. Может использоваться в дополнение к повседневной гигиене новорожденных малышей с первых месяцев жизни, мальчиков и девочек до года и старше с очень деликатной, сухой кожей. Способ применения: наносите Lipikar Lait 1-2 раза в день (при необходимости чаще) на предварительно очищенную сухую кожу, уделяя особое внимание чувствительным участкам. Может использоваться в качестве подарка на 8 марта, день рождения, 23 февраля или Новый год (НГ) для девушки, парня, брата, мамы, папы, подруги, друга, жены, мужа, коллеги, а также родителей новорождённого ребенка. Вы также можете найти данное средство по запросам: косметическое средство для детей, аптечная уходовая косметика, уход за сухой кожей, дермокосметика, эмолент.","Добрый день! Вся продукция La Roche-Posay, на которых Wildberries‎ указан как продавец, является 100% оригинальными средствами. Все средства La Roche-Posay официально и регулярно поставляются в интернет-магазин.  К сожалению, оценить дистанционно органолептические свойства продукта не представляется возможным. Пожалуйста, обратитесь за консультацией к нашим специалистам для дальнейшего рассмотрения вопроса по телефону горячей линии.",0
5988296,"Какой самый светлый тон, как белый","{'Раздел меню': 'Красота / для макияжа', 'Дата окончания действия сертификата/декларации': '31.12.2099', 'Срок годности': '36 месяцев', 'Объем товара': '30 мл', 'Текстура': 'жидкая', 'Дата регистрации сертификата/декларации': '15.07.2021', 'SPF': 'SPF 25', 'Страна производства': 'Франция', 'Тип кожи': 'для всех типов кожи', 'Назначение косметического средства': 'для лица', 'Состав': 'вода', 'Ширина упаковки': '3 см', 'Номер декларации соответствия': 'RU.50.99.05.001.R. 000092.07.21', 'Прямые поставки от производителя': 'да', 'Упаковка': 'флакон', 'Комплектация': ""стойкий тональный крем L'Oreal Paris (Лореаль Париж) - 1 шт"", 'Действие': 'тонирование', 'Цвет': 'абрикосовый', 'Длина упаковки': '3 см', 'Номер сертификата соответствия': 'RU.50.99.05.001.R. 000092.07.21', 'Форма упаковки': 'без давления', 'Вес товара с упаковкой (г)': '107 г', 'Высота упаковки': '12 см'}  Стойкий тональный крем Infaillible Cвежий тон 30 мл. Тональный крем нового поколения INFAILLIBLE 32Ч СВЕЖИЙ ТОН от L'Oreal Paris дает лёгкий устойчивый результат с UV-защитой. Позволяет коже дышать, сохраняя стойкий результат в течение всего дня. Формула с добавлением ухаживающих компонентов: витамин Е и перламутровый пигмент. Больше стойкости, больше ухода. Будь INFAILLIBLE. Ведь ты этого достойна. Способ применения: Встряхнуть перед использованием. Можно наносить подушечками пальцев, распределяя легкими движениями по всей поверхности лица. Для более плотного покрытия крем следует наносить кисточкой для легкого покрытия основу можно нанести влажным спонжем. Для закрепления макияжа рекомендуем воспользоваться матирующей пудрой INFAILLIBLE от Лореаль Париж. Для коррекции несовершентсв кожи воспользуйтесь стойким многофункциональным консилером INFAILLIBLE. Стойкость, дышащее покрытие, витамин С и перламутровый пигмент. Естественный результат. Сатиновый финиш. СПФ 25. Избегайте попадания в глаза. В случае попадания в глаза промыть их водой.","Добрый день! Рады ответить на Ваш вопрос! Стойкий тональный крем Infaillible Cвежий тон в оттенке 15 (Артикул: 5988296), является самым светлым в данный момент. Хорошего дня!",0
5988296,"Добрый вечер,какой тон самый светлый,10 или 15?","{'Раздел меню': 'Красота / для макияжа', 'Дата окончания действия сертификата/декларации': '31.12.2099', 'Срок годности': '36 месяцев', 'Объем товара': '30 мл', 'Текстура': 'жидкая', 'Дата регистрации сертификата/декларации': '15.07.2021', 'SPF': 'SPF 25', 'Страна производства': 'Франция', 'Тип кожи': 'для всех типов кожи', 'Назначение косметического средства': 'для лица', 'Состав': 'вода', 'Ширина упаковки': '3 см', 'Номер декларации соответствия': 'RU.50.99.05.001.R. 000092.07.21', 'Прямые поставки от производителя': 'да', 'Упаковка': 'флакон', 'Комплектация': ""стойкий тональный крем L'Oreal Paris (Лореаль Париж) - 1 шт"", 'Действие': 'тонирование', 'Цвет': 'абрикосовый', 'Длина упаковки': '3 см', 'Номер сертификата соответствия': 'RU.50.99.05.001.R. 000092.07.21', 'Форма упаковки': 'без давления', 'Вес товара с упаковкой (г)': '107 г', 'Высота упаковки': '12 см'}  Стойкий тональный крем Infaillible Cвежий тон 30 мл. Тональный крем нового поколения INFAILLIBLE 32Ч СВЕЖИЙ ТОН от L'Oreal Paris дает лёгкий устойчивый результат с UV-защитой. Позволяет коже дышать, сохраняя стойкий результат в течение всего дня. Формула с добавлением ухаживающих компонентов: витамин Е и перламутровый пигмент. Больше стойкости, больше ухода. Будь INFAILLIBLE. Ведь ты этого достойна. Способ применения: Встряхнуть перед использованием. Можно наносить подушечками пальцев, распределяя легкими движениями по всей поверхности лица. Для более плотного покрытия крем следует наносить кисточкой для легкого покрытия основу можно нанести влажным спонжем. Для закрепления макияжа рекомендуем воспользоваться матирующей пудрой INFAILLIBLE от Лореаль Париж. Для коррекции несовершентсв кожи воспользуйтесь стойким многофункциональным консилером INFAILLIBLE. Стойкость, дышащее покрытие, витамин С и перламутровый пигмент. Естественный результат. Сатиновый финиш. СПФ 25. Избегайте попадания в глаза. В случае попадания в глаза промыть их водой.",Здравствуйте! С удовольствием ответим на Ваш вопрос! Стойкий тональный крем Infaillible Свежий тон в новом оттенке 10 (Артикул: 198112094) является самым светлым в палитре. Хороших покупок и желаем позитивного настроения!,0
5988296,"есть оттенок 15, но приходит 015, это два разных оттенка, почему так?","{'Раздел меню': 'Красота / для макияжа', 'Дата окончания действия сертификата/декларации': '31.12.2099', 'Срок годности': '36 месяцев', 'Объем товара': '30 мл', 'Текстура': 'жидкая', 'Дата регистрации сертификата/декларации': '15.07.2021', 'SPF': 'SPF 25', 'Страна производства': 'Франция', 'Тип кожи': 'для всех типов кожи', 'Назначение косметического средства': 'для лица', 'Состав': 'вода', 'Ширина упаковки': '3 см', 'Номер декларации соответствия': 'RU.50.99.05.001.R. 000092.07.21', 'Прямые поставки от производителя': 'да', 'Упаковка': 'флакон', 'Комплектация': ""стойкий тональный крем L'Oreal Paris (Лореаль Париж) - 1 шт"", 'Действие': 'тонирование', 'Цвет': 'абрикосовый', 'Длина упаковки': '3 см', 'Номер сертификата соответствия': 'RU.50.99.05.001.R. 000092.07.21', 'Форма упаковки': 'без давления', 'Вес товара с упаковкой (г)': '107 г', 'Высота упаковки': '12 см'}  Стойкий тональный крем Infaillible Cвежий тон 30 мл. Тональный крем нового поколения INFAILLIBLE 32Ч СВЕЖИЙ ТОН от L'Oreal Paris дает лёгкий устойчивый результат с UV-защитой. Позволяет коже дышать, сохраняя стойкий результат в течение всего дня. Формула с добавлением ухаживающих компонентов: витамин Е и перламутровый пигмент. Больше стойкости, больше ухода. Будь INFAILLIBLE. Ведь ты этого достойна. Способ применения: Встряхнуть перед использованием. Можно наносить подушечками пальцев, распределяя легкими движениями по всей поверхности лица. Для более плотного покрытия крем следует наносить кисточкой для легкого покрытия основу можно нанести влажным спонжем. Для закрепления макияжа рекомендуем воспользоваться матирующей пудрой INFAILLIBLE от Лореаль Париж. Для коррекции несовершентсв кожи воспользуйтесь стойким многофункциональным консилером INFAILLIBLE. Стойкость, дышащее покрытие, витамин С и перламутровый пигмент. Естественный результат. Сатиновый финиш. СПФ 25. Избегайте попадания в глаза. В случае попадания в глаза промыть их водой.","Добрый день! В ходе плановой производственной реновации дизайн упаковки может претерпевать незначительные изменения. Данные изменения не влияют на показатели безопасности и качества продукта, все заявленные в маркировке свойства продукта подтверждены протоколами клинических и инструментальных исследований. В обновленной упаковке номер оттенка обозначается, как 015 Neutral Undertone Sous-Ton Neutre. У нас нет информации о номере партии продукта, который будет отправлен именно вам. Если у Вас остались вопросы, пожалуйста, обратитесь на горячую линию (телефон на упаковке).",0
5988296,"здравствуйте. почему когда заказываешь оттенок 15, приходит 015, это два разных оттенка, можно устранить это проблему?","{'Раздел меню': 'Красота / для макияжа', 'Дата окончания действия сертификата/декларации': '31.12.2099', 'Срок годности': '36 месяцев', 'Объем товара': '30 мл', 'Текстура': 'жидкая', 'Дата регистрации сертификата/декларации': '15.07.2021', 'SPF': 'SPF 25', 'Страна производства': 'Франция', 'Тип кожи': 'для всех типов кожи', 'Назначение косметического средства': 'для лица', 'Состав': 'вода', 'Ширина упаковки': '3 см', 'Номер декларации соответствия': 'RU.50.99.05.001.R. 000092.07.21', 'Прямые поставки от производителя': 'да', 'Упаковка': 'флакон', 'Комплектация': ""стойкий тональный крем L'Oreal Paris (Лореаль Париж) - 1 шт"", 'Действие': 'тонирование', 'Цвет': 'абрикосовый', 'Длина упаковки': '3 см', 'Номер сертификата соответствия': 'RU.50.99.05.001.R. 000092.07.21', 'Форма упаковки': 'без давления', 'Вес товара с упаковкой (г)': '107 г', 'Высота упаковки': '12 см'}  Стойкий тональный крем Infaillible Cвежий тон 30 мл. Тональный крем нового поколения INFAILLIBLE 32Ч СВЕЖИЙ ТОН от L'Oreal Paris дает лёгкий устойчивый результат с UV-защитой. Позволяет коже дышать, сохраняя стойкий результат в течение всего дня. Формула с добавлением ухаживающих компонентов: витамин Е и перламутровый пигмент. Больше стойкости, больше ухода. Будь INFAILLIBLE. Ведь ты этого достойна. Способ применения: Встряхнуть перед использованием. Можно наносить подушечками пальцев, распределяя легкими движениями по всей поверхности лица. Для более плотного покрытия крем следует наносить кисточкой для легкого покрытия основу можно нанести влажным спонжем. Для закрепления макияжа рекомендуем воспользоваться матирующей пудрой INFAILLIBLE от Лореаль Париж. Для коррекции несовершентсв кожи воспользуйтесь стойким многофункциональным консилером INFAILLIBLE. Стойкость, дышащее покрытие, витамин С и перламутровый пигмент. Естественный результат. Сатиновый финиш. СПФ 25. Избегайте попадания в глаза. В случае попадания в глаза промыть их водой.","Добрый день! В ходе плановой производственной реновации дизайн упаковки может претерпевать незначительные изменения. Данные изменения не влияют на показатели безопасности и качества продукта, все заявленные в маркировке свойства продукта подтверждены протоколами клинических и инструментальных исследований. В обновленной упаковке номер оттенка обозначается, как 015 Neutral Undertone Sous-Ton Neutre. У нас нет информации о номере партии продукта, который будет отправлен именно вам. Если у Вас остались вопросы, пожалуйста, обратитесь на горячую линию (телефон на упаковке).",0
5988296,"Исправьте карточку, почему людей вводите в заблуждение, неправильное описание товара, в карточке товара тон 15 у вас написано-абрикосовый, это неверно, тон 15- фарфоровый!","{'Раздел меню': 'Красота / для макияжа', 'Дата окончания действия сертификата/декларации': '31.12.2099', 'Срок годности': '36 месяцев', 'Объем товара': '30 мл', 'Текстура': 'жидкая', 'Дата регистрации сертификата/декларации': '15.07.2021', 'SPF': 'SPF 25', 'Страна производства': 'Франция', 'Тип кожи': 'для всех типов кожи', 'Назначение косметического средства': 'для лица', 'Состав': 'вода', 'Ширина упаковки': '3 см', 'Номер декларации соответствия': 'RU.50.99.05.001.R. 000092.07.21', 'Прямые поставки от производителя': 'да', 'Упаковка': 'флакон', 'Комплектация': ""стойкий тональный крем L'Oreal Paris (Лореаль Париж) - 1 шт"", 'Действие': 'тонирование', 'Цвет': 'абрикосовый', 'Длина упаковки': '3 см', 'Номер сертификата соответствия': 'RU.50.99.05.001.R. 000092.07.21', 'Форма упаковки': 'без давления', 'Вес товара с упаковкой (г)': '107 г', 'Высота упаковки': '12 см'}  Стойкий тональный крем Infaillible Cвежий тон 30 мл. Тональный крем нового поколения INFAILLIBLE 32Ч СВЕЖИЙ ТОН от L'Oreal Paris дает лёгкий устойчивый результат с UV-защитой. Позволяет коже дышать, сохраняя стойкий результат в течение всего дня. Формула с добавлением ухаживающих компонентов: витамин Е и перламутровый пигмент. Больше стойкости, больше ухода. Будь INFAILLIBLE. Ведь ты этого достойна. Способ применения: Встряхнуть перед использованием. Можно наносить подушечками пальцев, распределяя легкими движениями по всей поверхности лица. Для более плотного покрытия крем следует наносить кисточкой для легкого покрытия основу можно нанести влажным спонжем. Для закрепления макияжа рекомендуем воспользоваться матирующей пудрой INFAILLIBLE от Лореаль Париж. Для коррекции несовершентсв кожи воспользуйтесь стойким многофункциональным консилером INFAILLIBLE. Стойкость, дышащее покрытие, витамин С и перламутровый пигмент. Естественный результат. Сатиновый финиш. СПФ 25. Избегайте попадания в глаза. В случае попадания в глаза промыть их водой.",Здравствуйте! При заказе оттенка на сайте рекомендуем Вам ориентироваться на изображение продукта указанного в карточке товара. Хорошего дня!,0
5988296,"Здравствуйте. Подскажите, пожалуйста, покупала раньше альянс перфект N0,5. Он мне подходит, но хотелось бы на лето ЧУТЬ-ЧУТЬ потемнее. Какой лучше выбрать тон из этой линейки? 15 или 20? 15 точно такой же, как и альянс перфект N0,5 или чуть темнее? И какой подтон у 15 и 20? Мне нужно, чтоб он рыжил и не был сильно розовым","{'Раздел меню': 'Красота / для макияжа', 'Дата окончания действия сертификата/декларации': '31.12.2099', 'Срок годности': '36 месяцев', 'Объем товара': '30 мл', 'Текстура': 'жидкая', 'Дата регистрации сертификата/декларации': '15.07.2021', 'SPF': 'SPF 25', 'Страна производства': 'Франция', 'Тип кожи': 'для всех типов кожи', 'Назначение косметического средства': 'для лица', 'Состав': 'вода', 'Ширина упаковки': '3 см', 'Номер декларации соответствия': 'RU.50.99.05.001.R. 000092.07.21', 'Прямые поставки от производителя': 'да', 'Упаковка': 'флакон', 'Комплектация': ""стойкий тональный крем L'Oreal Paris (Лореаль Париж) - 1 шт"", 'Действие': 'тонирование', 'Цвет': 'абрикосовый', 'Длина упаковки': '3 см', 'Номер сертификата соответствия': 'RU.50.99.05.001.R. 000092.07.21', 'Форма упаковки': 'без давления', 'Вес товара с упаковкой (г)': '107 г', 'Высота упаковки': '12 см'}  Стойкий тональный крем Infaillible Cвежий тон 30 мл. Тональный крем нового поколения INFAILLIBLE 32Ч СВЕЖИЙ ТОН от L'Oreal Paris дает лёгкий устойчивый результат с UV-защитой. Позволяет коже дышать, сохраняя стойкий результат в течение всего дня. Формула с добавлением ухаживающих компонентов: витамин Е и перламутровый пигмент. Больше стойкости, больше ухода. Будь INFAILLIBLE. Ведь ты этого достойна. Способ применения: Встряхнуть перед использованием. Можно наносить подушечками пальцев, распределяя легкими движениями по всей поверхности лица. Для более плотного покрытия крем следует наносить кисточкой для легкого покрытия основу можно нанести влажным спонжем. Для закрепления макияжа рекомендуем воспользоваться матирующей пудрой INFAILLIBLE от Лореаль Париж. Для коррекции несовершентсв кожи воспользуйтесь стойким многофункциональным консилером INFAILLIBLE. Стойкость, дышащее покрытие, витамин С и перламутровый пигмент. Естественный результат. Сатиновый финиш. СПФ 25. Избегайте попадания в глаза. В случае попадания в глаза промыть их водой.","Здравствуйте! Спасибо за Ваш вопрос! Стойкий тональный крем Infaillible Cвежий тон в оттенке 15 является темнее, чем тональное средство ALLIANCE PERFECT в оттенке 0.5. Хорошего дня!",0
5988296,"Здравствуйте, когда появится в 10 оттенках? Мы с нетерпением ждем этого","{'Раздел меню': 'Красота / для макияжа', 'Дата окончания действия сертификата/декларации': '31.12.2099', 'Срок годности': '36 месяцев', 'Объем товара': '30 мл', 'Текстура': 'жидкая', 'Дата регистрации сертификата/декларации': '15.07.2021', 'SPF': 'SPF 25', 'Страна производства': 'Франция', 'Тип кожи': 'для всех типов кожи', 'Назначение косметического средства': 'для лица', 'Состав': 'вода', 'Ширина упаковки': '3 см', 'Номер декларации соответствия': 'RU.50.99.05.001.R. 000092.07.21', 'Прямые поставки от производителя': 'да', 'Упаковка': 'флакон', 'Комплектация': ""стойкий тональный крем L'Oreal Paris (Лореаль Париж) - 1 шт"", 'Действие': 'тонирование', 'Цвет': 'абрикосовый', 'Длина упаковки': '3 см', 'Номер сертификата соответствия': 'RU.50.99.05.001.R. 000092.07.21', 'Форма упаковки': 'без давления', 'Вес товара с упаковкой (г)': '107 г', 'Высота упаковки': '12 см'}  Стойкий тональный крем Infaillible Cвежий тон 30 мл. Тональный крем нового поколения INFAILLIBLE 32Ч СВЕЖИЙ ТОН от L'Oreal Paris дает лёгкий устойчивый результат с UV-защитой. Позволяет коже дышать, сохраняя стойкий результат в течение всего дня. Формула с добавлением ухаживающих компонентов: витамин Е и перламутровый пигмент. Больше стойкости, больше ухода. Будь INFAILLIBLE. Ведь ты этого достойна. Способ применения: Встряхнуть перед использованием. Можно наносить подушечками пальцев, распределяя легкими движениями по всей поверхности лица. Для более плотного покрытия крем следует наносить кисточкой для легкого покрытия основу можно нанести влажным спонжем. Для закрепления макияжа рекомендуем воспользоваться матирующей пудрой INFAILLIBLE от Лореаль Париж. Для коррекции несовершентсв кожи воспользуйтесь стойким многофункциональным консилером INFAILLIBLE. Стойкость, дышащее покрытие, витамин С и перламутровый пигмент. Естественный результат. Сатиновый финиш. СПФ 25. Избегайте попадания в глаза. В случае попадания в глаза промыть их водой.",Добрый день! Спасибо за вопрос! На данный момент у нас нет точных дат поступления того или иного продукта. Для автоматического оповещения о поступлении продукта рекомендуем добавить продукт в лист ожидания. Прекрасного дня!,0
5396804,я покупал эти носки 739 рубЧто так цена завышена?,"{'Длина упаковки': '27 см', 'Любимые герои': 'Мужчины всех возрастов', 'Высота упаковки': '10 см', 'Повод': '23 Фeврaля', 'Состав': 'хлопок 75%, полиамид 20%, эластан 5%', 'Назначение': 'большие размеры', 'Назначение носков': 'повседневная носка', 'Ширина упаковки': '10 см', 'Упаковка': 'картонная коробка', 'Назначение подарка': 'другу', 'Комплектация': 'Носки набор 7 пар', 'Страна производства': 'Беларусь', 'Ставка НДС': '20', 'Особенности модели': 'Плоский мысочный шов', 'Коллекция': 'Базовая коллекция', 'Рисунок': 'логотип', 'Пол': 'Мужской', 'Сезон': 'круглогодичный', 'ТНВЭД': '6217100000', 'Цвет': 'черный', 'Декоративные элементы': 'Без декоративных элементов однотонный'} {'Российский размер 42-43': 'Длина стопы, в см 27-28', 'Российский размер 40-41': 'Длина стопы, в см 25.5-27', 'Российский размер 44-45': 'Длина стопы, в см 28.5-29.5'} Носки набор 7 пар в подарочной коробке. В данный набор входят однотонные хлопковые мужские носки, в количестве 7 пар и красивая подарочная коробка. Изготовлены из высококачественного хлопка, отлично впитывают влагу, пропускают воздух и подходят даже для самой чувствительной кожи. Удобная резинка и плоский шов на мыске создают дополнительный комфорт. Модный оригинальный комплект в стильной упаковке обязательно понравится любому парню. Прочные длинные тонкие носки идеально подходят для повседневной жизни. Идеально подойдут на каждый день и гармонично дополнят любой образ: повседневный, классический деловой или вечерний. При стирке изделия не деформируются, не линяют и не скатываются. Хорошо сохраняют форму и цвет, устойчивы к истиранию. Набор носок очень выгодное и практичное приобретение для вас, ваших близких и друзей.",Отклонён,0
4118319,"Здравствуйте. Почему при выборе футболки стоит одна цена, а при покупке другая","{'Уход за вещами': 'бережная стирка при 30 градусах', 'Тип ростовки': 'для высоких', 'Тип карманов': 'без карманов', 'Длина упаковки': '25 см', 'Комплектация': 'футболка хлопок -1 шт.', 'Назначение': 'школа', 'Вырез горловины': 'округлый', 'Страна производства': 'Россия', 'ТНВЭД': '6109100000', 'Коллекция': 'Весна-Лето 2018', 'Особенности модели': 'вентиляция', 'Высота упаковки': '3 см', 'Покрой': 'приталенный', 'Рисунок': 'без рисунка', 'Пол': 'Мужской', 'Цвет': 'черный', 'Состав': 'хлопок 95%', 'Декоративные элементы': 'без элементов', 'Ширина упаковки': '30 см'} {'Российский размер 54': 'Обхват бедер, в см 114-118, Обхват груди, в см 106-110, Обхват талии, в см 86-90', 'Российский размер 56': 'Обхват бедер, в см 116-120, Обхват груди, в см 110-114, Обхват талии, в см 98-102', 'Российский размер 58': 'Обхват бедер, в см 122-126, Обхват груди, в см 114-118, Обхват талии, в см 94-98', 'Российский размер 60': 'Обхват бедер, в см 124-128, Обхват груди, в см 118-122, Обхват талии, в см 106-110', 'Российский размер 50': 'Обхват бедер, в см 106-110, Обхват груди, в см 98-102, Обхват талии, в см 78-82', 'Российский размер 48': 'Обхват бедер, в см 102-106, Обхват груди, в см 94-98, Обхват талии, в см 74-78', 'Российский размер 46': 'Обхват бедер, в см 98-102, Обхват груди, в см 90-94, Обхват талии, в см 70-74', 'Российский размер 52': 'Обхват бедер, в см 110-114, Обхват груди, в см 102-106, Обхват талии, в см 82-86', 'Российский размер 44': 'Обхват бедер, в см 94-98, Обхват груди, в см 86-90, Обхват талии, в см 66-70'} Футболка однотонная базовая. Базовая футболка приталенного кроя без рисунка. Посадка Super Slim Fit. Футболка сделана из высококачественного трикотажа, мягкая хлопковая ткань приятно ощущается на коже и хорошо пропускает воздух. Ткань содержит эластан, за счет этого тянется и облегает фигуру. Материал отличается повышенной износостойкостью, футболка не теряет форму после многократных стирок.","Здравствуйте. Напишите пожалуйста в поддержку клиентов Вайлдберриз, они помогут разобраться в данной ситуации.",0
7771477,"Добрый день. А что с ценами ? Какие то расцветки по +-500 р. , а какие то по +-2000 руб. сбой какой то …","{'Длина упаковки': '31 см', 'Фактура материала': 'трикотаж футер 2х нитка', 'Коллекция': 'Осень-Зима 2024', 'Состав': 'хлопок 70%', 'Декоративные элементы': 'без декоративных элементов', 'Любимые герои': 'фитнес леди', 'Рисунок': 'без рисунка, без надписей, без принта', 'Уход за вещами': 'Стирка при 30 градусах, отбеливание запрещено', 'Ширина упаковки': '26 см', 'Комплектация': 'брюки женские - 1 шт', 'Цвет': 'темный хаки', 'Вид застежки': 'Резинка в поясе', 'Тип посадки': 'высокая посадка', 'Назначение': 'большие размеры', 'Пол': 'Женский', 'Тип карманов': 'отрезным бочком', 'Модель брюк': 'прямые зауженные', 'Страна производства': 'Россия', 'Тип ростовки': 'для невысоких', 'Особенности модели': 'трикотаж, хлопок, прямые, классические, белые', 'Сезон': 'круглогодичный', 'ТНВЭД': '6104620000', 'Высота упаковки': '6 см'} {'Российский размер 54-176': 'Обхват бедер, в см 112-116, Обхват талии, в см 86-90, Рост, см 176-182', 'Российский размер 64-176': 'Обхват бедер, в см 132-136, Обхват талии, в см 106-110, Рост, см 176-182', 'Российский размер 66': 'Обхват бедер, в см 136-140, Обхват талии, в см 110-114', 'Российский размер 42': 'Обхват бедер, в см 90-94, Обхват талии, в см 62-66', 'Российский размер 42-176': 'Обхват бедер, в см 90-94, Обхват талии, в см 62-66, Рост, см 176-182', 'Российский размер 44': 'Обхват бедер, в см 94-98, Обхват талии, в см 66-70', 'Российский размер 44-176': 'Обхват бедер, в см 94-98, Обхват талии, в см 66-70, Рост, см 176-182', 'Российский размер 46': 'Обхват бедер, в см 98-102, Обхват талии, в см 70-74', 'Российский размер 46-176': 'Обхват бедер, в см 98-102, Обхват талии, в см 70-74, Рост, см 176-182', 'Российский размер 48': 'Обхват бедер, в см 100-104, Обхват талии, в см 82-86', 'Российский размер 48-176': 'Обхват бедер, в см 102-104, Обхват талии, в см 74-78, Рост, см 176-182', 'Российский размер 50': 'Обхват бедер, в см 104-108, Обхват талии, в см 86-90', 'Российский размер 50-176': 'Обхват бедер, в см 104-108, Обхват талии, в см 78-82, Рост, см 176-182', 'Российский размер 52': 'Обхват бедер, в см 108-112, Обхват талии, в см 82-86', 'Российский размер 52-176': 'Обхват бедер, в см 108-112, Обхват талии, в см 82-86, Рост, см 176-182', 'Российский размер 54': 'Обхват бедер, в см 112-116, Обхват талии, в см 86-90', 'Российский размер 56': 'Обхват бедер, в см 116-120, Обхват талии, в см 90-94', 'Российский размер 56-176': 'Обхват бедер, в см 116-120, Обхват талии, в см 90-94, Рост, см 176-182', 'Российский размер 58': 'Обхват бедер, в см 120-124, Обхват талии, в см 94-98', 'Российский размер 58-176': 'Обхват бедер, в см 120-124, Обхват талии, в см 94-98, Рост, см 176-182', 'Российский размер 60': 'Обхват бедер, в см 124-128, Обхват талии, в см 98-102', 'Российский размер 60-176': 'Обхват бедер, в см 124-128, Обхват талии, в см 98-102, Рост, см 176-182', 'Российский размер 62': 'Обхват бедер, в см 128-132, Обхват талии, в см 102-106', 'Российский размер 62-176': 'Обхват бедер, в см 128-132, Обхват талии, в см 102-106, Рост, см 176-182', 'Российский размер 64': 'Обхват бедер, в см 132-136, Обхват талии, в см 106-110', 'Российский размер 66-176': 'Обхват бедер, в см 138-142, Обхват талии, в см 118-122, Рост, см 176-182', 'Российский размер 68': 'Обхват бедер, в см 140-144, Обхват талии, в см 114-118', 'Российский размер 70': 'Обхват бедер, в см 144-148, Обхват талии, в см 118-122'} Брюки прямые спортивные стрейч трико фитнес. Брюки женские спортивные прямые зауженные выполнены из высококачественной трикотажной ткани качества пенье, в них вы будете чувствовать себя, по-настоящему уверенно и комфортно. Брюки прямые стрейч зауженные. не стесняют движений и идеально садятся по фигуре. Спортивки женские универсальная и незаменимая вещь в гардеробе девушек, женщин, мам в повседневной жизни, в качестве одежды для отдыха и ,возможно, в качестве универсальной рабочей одежды: повар, сушист, салон красоты, косметолог, массажист, клининговая служба, тренер. Трикотажные брюки прямые стрейч отлично подойдут для повседневной носки, занятия спортом, школа, фитнес, аэробика, бодибилдинг, пилатес, силовые тренировки, кроссфит, активного отдыха, бег, танцы, путешествия, поездок, отдыха и прогулок на природе, в лесу, с детьми, скандинавская ходьба, тренировок, велоспорт, туризм, поход, санаторий, для дома, на работу, массаж, реабилитация, лечебная физическая культура (ЛФК), спортивное судейство. Штаны классические трикотажные с карманами подходят для высоких и не высоких ростов, изделие предоставлено широкой размерной сеткой и имеет большие размеры. Штаны для работы имеют глубокие карманы, эластичный пояс на широкой резинке без шнурка, делают трикотажные брюки максимально удобными и комфортными в носке. ВНИМАНИЕ: Изделие выполнено из ткани трикотаж футер 2-х нитка плотностью 240-250гр, качества пенье. Просьба перед заказом посмотреть информацию о характеристиках данной ткани.","Здравствуйте, везде большие скидки",0
2630046,"почему артикул серёжек указан не верный, при наборе артикула гаходится компа для воды","{'Проба': '585', 'Повод': '8 марта', 'Состав комплекта': 'кольцо', 'Вставка': 'бриллиант натуральный', 'Страна производства': 'Россия', 'Цвет': 'золотистый', 'ТНВЭД': '7113190000', 'Минимальный вес (г)': '2.41 г', 'Покрытие': 'родий', 'Длина упаковки': '12 см', 'Назначение подарка': 'маме', 'Тематика украшения': 'цветы и растения', 'Состав ювелирного изделия': 'золото красное', 'Вид кольца': 'классическое', 'Ширина упаковки': '9 см', 'Чистота вставки': '30 Бр Круг 17 0,80*0,90 0,087 2/3 А, 1 Бр Круг 57 0,021 3/6 А', 'Пол': 'Женский', 'Высота упаковки': '1 см', 'Комплектация': 'кольцо'}  Кольцо золотое 585 пробы с бриллиантами ювелирное. Оригинальное, изящное кольцо от бренда SOKOLOV из красного золота 585 пробы с бриллиантами - это лучший готовый подарок для взрослых женщин и девушек - подростков! Блестящее украшение необычной формы станет символом вечной любви и украсит руку невесты. Золотое колечко выполнено с использованием высококачественного металла, обладающего прочностью и долговечностью, чтобы служить вам долгие годы. Широкий ассортимент больших и маленьких размеров для разных пальцев взрослых женщин и молодых девушек. Модный дизайн золотого женского кольца, делают это ювелирное изделие идеальным выбором для современных леди. Вставки из бриллиантов добавляют ему блеска: они прекрасно отражают свет при каждом движении руки. Грани подчеркивают их сияние и создают завораживающий эффект, который приковывает взгляды окружающих. Тонкое и стильное кольцо с камнями: станет незабываемым сюрпризом для девушки и будет прекрасным дополнением к ее вечернему образу. Подарите незабываемый момент на годовщину отношений, день рождения, выпускной дочке или юбилей. Изделие очень простое в уходе: можно просто протереть его тряпочкой из микрофибры. Изысканное и красивое ювелирное украшение с безупречным дизайном и великолепным блеском позволит создать незабываемый образ. Благодаря своей универсальности, подойдет как для повседневного образа в офис, так и для особых случаев. Вы сможете подчеркнуть свою индивидуальность и выразить настроение при носке необычного украшения. Сочетание изысканности и минимализма вызовет восхищенные взгляды окружающих. Высокое качество красного золота обеспечивает надежность и долговечность украшения, а бриллиант, благодаря своей яркой игре света, придает ему неповторимое сияние и привлекательность. Поставляется в комплекте с элегантной подарочной упаковкой, что делает его идеальным подарком для любого праздника. Изящное сочетание классического дизайна и современных трендов делает его непревзойденным ювелирным изделием. Кольцо 585 пробы благодаря трендовому дизайну станет неотъемлемой частью вашего образа и подчеркнет ваш неповторимый стиль. Вес товара в карточке является средним и может отличаться от веса аксессуара, который вы приобретаете в нашем магазине. Гарантия на брендовое ювелирное изделие составляет шесть месяцев со дня передачи товара потребителю. Произведено в России.",Здравствуйте! Артикул комплектных серег 4808471,0
2630046,"Добрый день, появится ли данное кольцо в 19 размере. Если да, то когда?","{'Проба': '585', 'Повод': '8 марта', 'Состав комплекта': 'кольцо', 'Вставка': 'бриллиант натуральный', 'Страна производства': 'Россия', 'Цвет': 'золотистый', 'ТНВЭД': '7113190000', 'Минимальный вес (г)': '2.41 г', 'Покрытие': 'родий', 'Длина упаковки': '12 см', 'Назначение подарка': 'маме', 'Тематика украшения': 'цветы и растения', 'Состав ювелирного изделия': 'золото красное', 'Вид кольца': 'классическое', 'Ширина упаковки': '9 см', 'Чистота вставки': '30 Бр Круг 17 0,80*0,90 0,087 2/3 А, 1 Бр Круг 57 0,021 3/6 А', 'Пол': 'Женский', 'Высота упаковки': '1 см', 'Комплектация': 'кольцо'}  Кольцо золотое 585 пробы с бриллиантами ювелирное. Оригинальное, изящное кольцо от бренда SOKOLOV из красного золота 585 пробы с бриллиантами - это лучший готовый подарок для взрослых женщин и девушек - подростков! Блестящее украшение необычной формы станет символом вечной любви и украсит руку невесты. Золотое колечко выполнено с использованием высококачественного металла, обладающего прочностью и долговечностью, чтобы служить вам долгие годы. Широкий ассортимент больших и маленьких размеров для разных пальцев взрослых женщин и молодых девушек. Модный дизайн золотого женского кольца, делают это ювелирное изделие идеальным выбором для современных леди. Вставки из бриллиантов добавляют ему блеска: они прекрасно отражают свет при каждом движении руки. Грани подчеркивают их сияние и создают завораживающий эффект, который приковывает взгляды окружающих. Тонкое и стильное кольцо с камнями: станет незабываемым сюрпризом для девушки и будет прекрасным дополнением к ее вечернему образу. Подарите незабываемый момент на годовщину отношений, день рождения, выпускной дочке или юбилей. Изделие очень простое в уходе: можно просто протереть его тряпочкой из микрофибры. Изысканное и красивое ювелирное украшение с безупречным дизайном и великолепным блеском позволит создать незабываемый образ. Благодаря своей универсальности, подойдет как для повседневного образа в офис, так и для особых случаев. Вы сможете подчеркнуть свою индивидуальность и выразить настроение при носке необычного украшения. Сочетание изысканности и минимализма вызовет восхищенные взгляды окружающих. Высокое качество красного золота обеспечивает надежность и долговечность украшения, а бриллиант, благодаря своей яркой игре света, придает ему неповторимое сияние и привлекательность. Поставляется в комплекте с элегантной подарочной упаковкой, что делает его идеальным подарком для любого праздника. Изящное сочетание классического дизайна и современных трендов делает его непревзойденным ювелирным изделием. Кольцо 585 пробы благодаря трендовому дизайну станет неотъемлемой частью вашего образа и подчеркнет ваш неповторимый стиль. Вес товара в карточке является средним и может отличаться от веса аксессуара, который вы приобретаете в нашем магазине. Гарантия на брендовое ювелирное изделие составляет шесть месяцев со дня передачи товара потребителю. Произведено в России.","Добрый день! К сожалению, поступление товара в ближайшее время не ожидается. Информация о поступлениях обновляется на ежедневной основе. Рекомендуем Вам следить за обновлениями на сайте.",0
2630046,"Добрый день, появится ли данное кольцо в размере 19??? Если да, то когда?","{'Проба': '585', 'Повод': '8 марта', 'Состав комплекта': 'кольцо', 'Вставка': 'бриллиант натуральный', 'Страна производства': 'Россия', 'Цвет': 'золотистый', 'ТНВЭД': '7113190000', 'Минимальный вес (г)': '2.41 г', 'Покрытие': 'родий', 'Длина упаковки': '12 см', 'Назначение подарка': 'маме', 'Тематика украшения': 'цветы и растения', 'Состав ювелирного изделия': 'золото красное', 'Вид кольца': 'классическое', 'Ширина упаковки': '9 см', 'Чистота вставки': '30 Бр Круг 17 0,80*0,90 0,087 2/3 А, 1 Бр Круг 57 0,021 3/6 А', 'Пол': 'Женский', 'Высота упаковки': '1 см', 'Комплектация': 'кольцо'}  Кольцо золотое 585 пробы с бриллиантами ювелирное. Оригинальное, изящное кольцо от бренда SOKOLOV из красного золота 585 пробы с бриллиантами - это лучший готовый подарок для взрослых женщин и девушек - подростков! Блестящее украшение необычной формы станет символом вечной любви и украсит руку невесты. Золотое колечко выполнено с использованием высококачественного металла, обладающего прочностью и долговечностью, чтобы служить вам долгие годы. Широкий ассортимент больших и маленьких размеров для разных пальцев взрослых женщин и молодых девушек. Модный дизайн золотого женского кольца, делают это ювелирное изделие идеальным выбором для современных леди. Вставки из бриллиантов добавляют ему блеска: они прекрасно отражают свет при каждом движении руки. Грани подчеркивают их сияние и создают завораживающий эффект, который приковывает взгляды окружающих. Тонкое и стильное кольцо с камнями: станет незабываемым сюрпризом для девушки и будет прекрасным дополнением к ее вечернему образу. Подарите незабываемый момент на годовщину отношений, день рождения, выпускной дочке или юбилей. Изделие очень простое в уходе: можно просто протереть его тряпочкой из микрофибры. Изысканное и красивое ювелирное украшение с безупречным дизайном и великолепным блеском позволит создать незабываемый образ. Благодаря своей универсальности, подойдет как для повседневного образа в офис, так и для особых случаев. Вы сможете подчеркнуть свою индивидуальность и выразить настроение при носке необычного украшения. Сочетание изысканности и минимализма вызовет восхищенные взгляды окружающих. Высокое качество красного золота обеспечивает надежность и долговечность украшения, а бриллиант, благодаря своей яркой игре света, придает ему неповторимое сияние и привлекательность. Поставляется в комплекте с элегантной подарочной упаковкой, что делает его идеальным подарком для любого праздника. Изящное сочетание классического дизайна и современных трендов делает его непревзойденным ювелирным изделием. Кольцо 585 пробы благодаря трендовому дизайну станет неотъемлемой частью вашего образа и подчеркнет ваш неповторимый стиль. Вес товара в карточке является средним и может отличаться от веса аксессуара, который вы приобретаете в нашем магазине. Гарантия на брендовое ювелирное изделие составляет шесть месяцев со дня передачи товара потребителю. Произведено в России.","Добрый день! К сожалению, поступление товара в ближайшее время не ожидается. Информация о поступлениях обновляется на ежедневной основе. Рекомендуем Вам следить за обновлениями на сайте.",0
2630046,"Добрый день, если россыпь бриллиантов не lab, тогда почему с кольцом не идет сертификат?","{'Проба': '585', 'Повод': '8 марта', 'Состав комплекта': 'кольцо', 'Вставка': 'бриллиант натуральный', 'Страна производства': 'Россия', 'Цвет': 'золотистый', 'ТНВЭД': '7113190000', 'Минимальный вес (г)': '2.41 г', 'Покрытие': 'родий', 'Длина упаковки': '12 см', 'Назначение подарка': 'маме', 'Тематика украшения': 'цветы и растения', 'Состав ювелирного изделия': 'золото красное', 'Вид кольца': 'классическое', 'Ширина упаковки': '9 см', 'Чистота вставки': '30 Бр Круг 17 0,80*0,90 0,087 2/3 А, 1 Бр Круг 57 0,021 3/6 А', 'Пол': 'Женский', 'Высота упаковки': '1 см', 'Комплектация': 'кольцо'}  Кольцо золотое 585 пробы с бриллиантами ювелирное. Оригинальное, изящное кольцо от бренда SOKOLOV из красного золота 585 пробы с бриллиантами - это лучший готовый подарок для взрослых женщин и девушек - подростков! Блестящее украшение необычной формы станет символом вечной любви и украсит руку невесты. Золотое колечко выполнено с использованием высококачественного металла, обладающего прочностью и долговечностью, чтобы служить вам долгие годы. Широкий ассортимент больших и маленьких размеров для разных пальцев взрослых женщин и молодых девушек. Модный дизайн золотого женского кольца, делают это ювелирное изделие идеальным выбором для современных леди. Вставки из бриллиантов добавляют ему блеска: они прекрасно отражают свет при каждом движении руки. Грани подчеркивают их сияние и создают завораживающий эффект, который приковывает взгляды окружающих. Тонкое и стильное кольцо с камнями: станет незабываемым сюрпризом для девушки и будет прекрасным дополнением к ее вечернему образу. Подарите незабываемый момент на годовщину отношений, день рождения, выпускной дочке или юбилей. Изделие очень простое в уходе: можно просто протереть его тряпочкой из микрофибры. Изысканное и красивое ювелирное украшение с безупречным дизайном и великолепным блеском позволит создать незабываемый образ. Благодаря своей универсальности, подойдет как для повседневного образа в офис, так и для особых случаев. Вы сможете подчеркнуть свою индивидуальность и выразить настроение при носке необычного украшения. Сочетание изысканности и минимализма вызовет восхищенные взгляды окружающих. Высокое качество красного золота обеспечивает надежность и долговечность украшения, а бриллиант, благодаря своей яркой игре света, придает ему неповторимое сияние и привлекательность. Поставляется в комплекте с элегантной подарочной упаковкой, что делает его идеальным подарком для любого праздника. Изящное сочетание классического дизайна и современных трендов делает его непревзойденным ювелирным изделием. Кольцо 585 пробы благодаря трендовому дизайну станет неотъемлемой частью вашего образа и подчеркнет ваш неповторимый стиль. Вес товара в карточке является средним и может отличаться от веса аксессуара, который вы приобретаете в нашем магазине. Гарантия на брендовое ювелирное изделие составляет шесть месяцев со дня передачи товара потребителю. Произведено в России.","Добрый день, ювелирные изделия сертификации не подлежат, сертификатом ювелирного изделия является бирка.",0
2449059,добрый день. когда будет в наличии 5 черные?,"{'Рисунок': 'Однотонные без рисунка без принта', 'Вид колготок': 'Классические', 'Коллекция': 'Базовая коллекция', 'Любимые герои': 'Одежда для офиса', 'Страна производства': 'Беларусь', 'Назначение': 'офис', 'Декоративные элементы': 'Однотонный черный цвет', 'Особенности белья': 'микрофибра 3D, улучшенная микроциркуляция воздуха', 'Плотность плетения': '80 ден', 'Высота упаковки': '23 см', 'Цвет': 'черный', 'Упаковка': 'конверт', 'Ширина упаковки': '17 см', 'Рост модели на фото': '170 см', 'Пол': 'Женский', 'Назначение белья/купальника': 'повседневное', 'Длина упаковки': '2 см', 'Сезон': 'круглогодичный', 'Состав': 'полиамид 90%', 'Комплектация': 'Колготки женские - 1 пара'} {'Российский размер 3': 'Вес, кг 65-80, Рост, см 170-175', 'Российский размер 2': 'Вес, кг 55-65, Рост, см 160-170', 'Российский размер 4': 'Вес, кг 80-85, Рост, см 175-180', 'Российский размер 5': 'Вес, кг 85-100, Рост, см 180-190', 'Российский размер 6': 'Вес, кг 100-120, Рост, см 180-190'} Колготки EPISODE 80 den. Колготки капроновые женские EPISODE 80 den связаны из нитей микрофибры, благодаря строению которых полотно получается матовым, однородным по всей длине и бархатистым. Колготки хорошо облегают и защищают от холода и влаги, не нарушая терморегуляцию кожи. Классическая модель капроновых женских колготок. Подходят для повседневной носки в прохладную погоду. Колготки прочные, устойчивые к зацепкам и облегающие словно ""вторая кожа"" - именно такими свойствами обладают колготки, в состав которых включено волокно LYCRA. Женские колготки 80 den связаны из нитей микрофибры, устойчивые к повреждениям, бархатистые и мягкие. Хлопковая ластовица, большая вставка в размерах 5-6, уплотненный мысок, комфортный шов без шортиков. Колготки женские теплые на каждый день это отличный подарок на праздник для женщины любого возраста.",Вопрос не по теме,0
2449040,"Здравствуйте. Помогите подобрать размер. Рост 178 , объём бёдер 100 см ,длина стопы 27 см .","{'Высота упаковки': '23 см', 'Страна производства': 'Беларусь', 'Состав': 'хлопок 70%', 'Упаковка': 'картонная коробка', 'Рисунок': 'колготки черные классические плотные женские', 'Назначение белья/купальника': 'повседневное', 'Коллекция': 'Базовая коллекция', 'Рост модели на фото': '173 см', 'Пол': 'Женский', 'Ширина упаковки': '12 см', 'Особенности белья': 'колготки из хлопка и микрофибры', 'Сезон': 'круглогодичный', 'Ставка НДС': '20', 'Вид колготок': 'теплые колготки', 'Декоративные элементы': 'однотонные колготки', 'Плотность плетения': '250 ден', 'Комплектация': 'Колготки женские в коробке - 1 пара', 'Цвет': 'черный', 'Назначение': 'офис', 'Любимые герои': 'одежда для женщин новинки', 'Длина упаковки': '4 см'} {'Российский размер 2': 'Вес, кг 55-65, Рост, см 160-170', 'Российский размер 3': 'Вес, кг 65-80, Рост, см 170-175', 'Российский размер 5': 'Вес, кг 85-100, Рост, см 180-190', 'Российский размер 4': 'Вес, кг 80-85, Рост, см 175-180', 'Российский размер 6': 'Вес, кг 100-120, Рост, см 180-190'} Колготки Cotton 250. Теплые матовые колготки COTTON 250 связаны из мягких, согревающих нитей хлопка. Большая вставка в размерах 5-6. Колготки безупречно облегают, согревают и сохраняют тепло, оставаясь непрозрачными по всей длине ноги. Классическая модель. LYCRA: прочные, устойчивые к зацепкам и облегающие словно ""вторая кожа"" - именно такими свойствами обладают колготки, в состав которых включено волокно LYCRA. 250 Den связаны из нитей хлопка идеально матовые мягкие и эластичные хлопковая ластовица большая вставка в размерах 5-6 уплотненный мысок плоский шов без шортиков созданы для повседневных образов отлично согревают в холодное время года.","Добрый день!
Для определения размера необходимы два параметра вес и рост. Напишите, пожалуйста, Ваш вес и рост, мы Вам поможем определиться с размером.",1
2449040,"рост 152, вес 78","{'Высота упаковки': '23 см', 'Страна производства': 'Беларусь', 'Состав': 'хлопок 70%', 'Упаковка': 'картонная коробка', 'Рисунок': 'колготки черные классические плотные женские', 'Назначение белья/купальника': 'повседневное', 'Коллекция': 'Базовая коллекция', 'Рост модели на фото': '173 см', 'Пол': 'Женский', 'Ширина упаковки': '12 см', 'Особенности белья': 'колготки из хлопка и микрофибры', 'Сезон': 'круглогодичный', 'Ставка НДС': '20', 'Вид колготок': 'теплые колготки', 'Декоративные элементы': 'однотонные колготки', 'Плотность плетения': '250 ден', 'Комплектация': 'Колготки женские в коробке - 1 пара', 'Цвет': 'черный', 'Назначение': 'офис', 'Любимые герои': 'одежда для женщин новинки', 'Длина упаковки': '4 см'} {'Российский размер 2': 'Вес, кг 55-65, Рост, см 160-170', 'Российский размер 3': 'Вес, кг 65-80, Рост, см 170-175', 'Российский размер 5': 'Вес, кг 85-100, Рост, см 180-190', 'Российский размер 4': 'Вес, кг 80-85, Рост, см 175-180', 'Российский размер 6': 'Вес, кг 100-120, Рост, см 180-190'} Колготки Cotton 250. Теплые матовые колготки COTTON 250 связаны из мягких, согревающих нитей хлопка. Большая вставка в размерах 5-6. Колготки безупречно облегают, согревают и сохраняют тепло, оставаясь непрозрачными по всей длине ноги. Классическая модель. LYCRA: прочные, устойчивые к зацепкам и облегающие словно ""вторая кожа"" - именно такими свойствами обладают колготки, в состав которых включено волокно LYCRA. 250 Den связаны из нитей хлопка идеально матовые мягкие и эластичные хлопковая ластовица большая вставка в размерах 5-6 уплотненный мысок плоский шов без шортиков созданы для повседневных образов отлично согревают в холодное время года.","Добрый день!
Рекомендуемый размер колготок 4",1
2449040,Есть-ли у чёрных колготок пятка?,"{'Высота упаковки': '23 см', 'Страна производства': 'Беларусь', 'Состав': 'хлопок 70%', 'Упаковка': 'картонная коробка', 'Рисунок': 'колготки черные классические плотные женские', 'Назначение белья/купальника': 'повседневное', 'Коллекция': 'Базовая коллекция', 'Рост модели на фото': '173 см', 'Пол': 'Женский', 'Ширина упаковки': '12 см', 'Особенности белья': 'колготки из хлопка и микрофибры', 'Сезон': 'круглогодичный', 'Ставка НДС': '20', 'Вид колготок': 'теплые колготки', 'Декоративные элементы': 'однотонные колготки', 'Плотность плетения': '250 ден', 'Комплектация': 'Колготки женские в коробке - 1 пара', 'Цвет': 'черный', 'Назначение': 'офис', 'Любимые герои': 'одежда для женщин новинки', 'Длина упаковки': '4 см'} {'Российский размер 2': 'Вес, кг 55-65, Рост, см 160-170', 'Российский размер 3': 'Вес, кг 65-80, Рост, см 170-175', 'Российский размер 5': 'Вес, кг 85-100, Рост, см 180-190', 'Российский размер 4': 'Вес, кг 80-85, Рост, см 175-180', 'Российский размер 6': 'Вес, кг 100-120, Рост, см 180-190'} Колготки Cotton 250. Теплые матовые колготки COTTON 250 связаны из мягких, согревающих нитей хлопка. Большая вставка в размерах 5-6. Колготки безупречно облегают, согревают и сохраняют тепло, оставаясь непрозрачными по всей длине ноги. Классическая модель. LYCRA: прочные, устойчивые к зацепкам и облегающие словно ""вторая кожа"" - именно такими свойствами обладают колготки, в состав которых включено волокно LYCRA. 250 Den связаны из нитей хлопка идеально матовые мягкие и эластичные хлопковая ластовица большая вставка в размерах 5-6 уплотненный мысок плоский шов без шортиков созданы для повседневных образов отлично согревают в холодное время года.","Добрый день!
Модель без пятки",0
2449040,"Здравствуйте, рост 168, вес 71. какой размер заказать?","{'Высота упаковки': '23 см', 'Страна производства': 'Беларусь', 'Состав': 'хлопок 70%', 'Упаковка': 'картонная коробка', 'Рисунок': 'колготки черные классические плотные женские', 'Назначение белья/купальника': 'повседневное', 'Коллекция': 'Базовая коллекция', 'Рост модели на фото': '173 см', 'Пол': 'Женский', 'Ширина упаковки': '12 см', 'Особенности белья': 'колготки из хлопка и микрофибры', 'Сезон': 'круглогодичный', 'Ставка НДС': '20', 'Вид колготок': 'теплые колготки', 'Декоративные элементы': 'однотонные колготки', 'Плотность плетения': '250 ден', 'Комплектация': 'Колготки женские в коробке - 1 пара', 'Цвет': 'черный', 'Назначение': 'офис', 'Любимые герои': 'одежда для женщин новинки', 'Длина упаковки': '4 см'} {'Российский размер 2': 'Вес, кг 55-65, Рост, см 160-170', 'Российский размер 3': 'Вес, кг 65-80, Рост, см 170-175', 'Российский размер 5': 'Вес, кг 85-100, Рост, см 180-190', 'Российский размер 4': 'Вес, кг 80-85, Рост, см 175-180', 'Российский размер 6': 'Вес, кг 100-120, Рост, см 180-190'} Колготки Cotton 250. Теплые матовые колготки COTTON 250 связаны из мягких, согревающих нитей хлопка. Большая вставка в размерах 5-6. Колготки безупречно облегают, согревают и сохраняют тепло, оставаясь непрозрачными по всей длине ноги. Классическая модель. LYCRA: прочные, устойчивые к зацепкам и облегающие словно ""вторая кожа"" - именно такими свойствами обладают колготки, в состав которых включено волокно LYCRA. 250 Den связаны из нитей хлопка идеально матовые мягкие и эластичные хлопковая ластовица большая вставка в размерах 5-6 уплотненный мысок плоский шов без шортиков созданы для повседневных образов отлично согревают в холодное время года.","Добрый день!
Рекомендуемый размер колготок 4",1
4803247,"Доброго времени суток! Крем отличный и цена очень радует, но почему такой безответственный подход к упаковке??? Заказывала несколько раз и постоянно разбитые баночки приходят! Разве трудно упаковать в маленькие коробочки, которые защитят товар при перевозке??? Ждёшь, ждёшь и такое разочарование!!! Продумайте, пожалуйста этот момент! И ещё.... Прекратите, ради бога, клеить QR-кода на крышки с кремом, это не эстетично абсолютно!!!! Можно упаковывать в пленки и уже поверх нее клеить что угодно! Ведь это же просто, правда? И все будут довольны!)","{'Форма упаковки': 'без давления', 'Упаковка': 'пластиковая банка', 'Номер декларации соответствия': 'ЕАЭС N RU Д-ES.РА02.В.06498/23', 'Вес товара с упаковкой (г)': '229 г', 'Страна производства': 'Испания', 'Вес товара без упаковки (г)': '196 г', 'SPF': 'без УФ защиты', 'Ширина упаковки': '9 см', 'Длина упаковки': '9 см', 'Высота упаковки': '5 см', 'Возрастные ограничения': '14+', 'Тип кожи': 'для всех типов кожи', 'Время нанесения': 'универсальное', 'Действие': 'восстановление', 'Дата регистрации сертификата/декларации': '27.02.2023', 'Повод': 'без повода, на каждый день', 'Раздел меню': 'Кремы', 'Комплектация': 'крем', 'Срок годности': '1095 дней', 'Состав': 'основа косметическая', 'Объем товара': '200 мл', 'Назначение косметического средства': 'для лица', 'Дата окончания действия сертификата/декларации': '26.02.2028'}  Интенсивный увлажняющий крем Soft 200 мл. Так приятно, когда находишь средство, идеально подходящее не только для кожи рук, но и для тела и лица! Попробуйте интенсивный увлажняющий крем Soft от NIVEA для всех типов кожи. Он был разработан для ежедневного ухода за кожей лица, рук и тела. С заботой для лица, рук и тела. Формула с витамином Е и маслом жожоба обладает легкой текстурой, быстро впитывается и увлажняет 48 часов. Крем Soft с унисекс (универсальным) ароматом могут использовать как женщины, так и мужчины. Дерматологически протестировано. Применение: нанесите небольшое количество крема на сухую чистую кожу лица, рук и тела аккуратными массирующими движениями. Повторяйте нанесение по мере необходимости. • Легкая текстура; • С витамином Е и маслом жожоба; • Быстрое впитывание; • Для всех типов кожи; • Дерматологически протестировано.","Добрый день. Хранение товара, комплектацию и упаковку заказа, а также его доставку обеспечивает служба доставки Wildberries. К сожалению, мы не можем контролировать эти процессы. С уважением, команда NIVEA",0
4803247,"Это не вопрос, это рекомендация приобретать такую отурывалку. Супер! Без всяких усилий открывает и ровненько! Спасибо за такую полезную и нужную вещь!!!","{'Форма упаковки': 'без давления', 'Упаковка': 'пластиковая банка', 'Номер декларации соответствия': 'ЕАЭС N RU Д-ES.РА02.В.06498/23', 'Вес товара с упаковкой (г)': '229 г', 'Страна производства': 'Испания', 'Вес товара без упаковки (г)': '196 г', 'SPF': 'без УФ защиты', 'Ширина упаковки': '9 см', 'Длина упаковки': '9 см', 'Высота упаковки': '5 см', 'Возрастные ограничения': '14+', 'Тип кожи': 'для всех типов кожи', 'Время нанесения': 'универсальное', 'Действие': 'восстановление', 'Дата регистрации сертификата/декларации': '27.02.2023', 'Повод': 'без повода, на каждый день', 'Раздел меню': 'Кремы', 'Комплектация': 'крем', 'Срок годности': '1095 дней', 'Состав': 'основа косметическая', 'Объем товара': '200 мл', 'Назначение косметического средства': 'для лица', 'Дата окончания действия сертификата/декларации': '26.02.2028'}  Интенсивный увлажняющий крем Soft 200 мл. Так приятно, когда находишь средство, идеально подходящее не только для кожи рук, но и для тела и лица! Попробуйте интенсивный увлажняющий крем Soft от NIVEA для всех типов кожи. Он был разработан для ежедневного ухода за кожей лица, рук и тела. С заботой для лица, рук и тела. Формула с витамином Е и маслом жожоба обладает легкой текстурой, быстро впитывается и увлажняет 48 часов. Крем Soft с унисекс (универсальным) ароматом могут использовать как женщины, так и мужчины. Дерматологически протестировано. Применение: нанесите небольшое количество крема на сухую чистую кожу лица, рук и тела аккуратными массирующими движениями. Повторяйте нанесение по мере необходимости. • Легкая текстура; • С витамином Е и маслом жожоба; • Быстрое впитывание; • Для всех типов кожи; • Дерматологически протестировано.","Добрый день. В ассортименте бренда открывалки не представлены. С уважением, команда NIVEA",0
4803247,Здравствуйте. 200мл был 250р будет ли еще такая цена?,"{'Форма упаковки': 'без давления', 'Упаковка': 'пластиковая банка', 'Номер декларации соответствия': 'ЕАЭС N RU Д-ES.РА02.В.06498/23', 'Вес товара с упаковкой (г)': '229 г', 'Страна производства': 'Испания', 'Вес товара без упаковки (г)': '196 г', 'SPF': 'без УФ защиты', 'Ширина упаковки': '9 см', 'Длина упаковки': '9 см', 'Высота упаковки': '5 см', 'Возрастные ограничения': '14+', 'Тип кожи': 'для всех типов кожи', 'Время нанесения': 'универсальное', 'Действие': 'восстановление', 'Дата регистрации сертификата/декларации': '27.02.2023', 'Повод': 'без повода, на каждый день', 'Раздел меню': 'Кремы', 'Комплектация': 'крем', 'Срок годности': '1095 дней', 'Состав': 'основа косметическая', 'Объем товара': '200 мл', 'Назначение косметического средства': 'для лица', 'Дата окончания действия сертификата/декларации': '26.02.2028'}  Интенсивный увлажняющий крем Soft 200 мл. Так приятно, когда находишь средство, идеально подходящее не только для кожи рук, но и для тела и лица! Попробуйте интенсивный увлажняющий крем Soft от NIVEA для всех типов кожи. Он был разработан для ежедневного ухода за кожей лица, рук и тела. С заботой для лица, рук и тела. Формула с витамином Е и маслом жожоба обладает легкой текстурой, быстро впитывается и увлажняет 48 часов. Крем Soft с унисекс (универсальным) ароматом могут использовать как женщины, так и мужчины. Дерматологически протестировано. Применение: нанесите небольшое количество крема на сухую чистую кожу лица, рук и тела аккуратными массирующими движениями. Повторяйте нанесение по мере необходимости. • Легкая текстура; • С витамином Е и маслом жожоба; • Быстрое впитывание; • Для всех типов кожи; • Дерматологически протестировано.","Добрый день. Цены зависят от множества факторов. Покупатели всегда могут исследовать рынок и выбирать для себя наиболее выгодные предложения. С уважением, команда NIVEA",0
105349149,"нежно люблю Вашу продукцию - прекрасные короба, выдерживают достаточно большой вес - один у меня полностью набить клеем и красками, ещё один - книгами)) Хочу порекомендовать в Фильтры добавить сортировку по Сериям. я, например, люблю воздушные шары и купила уже все, отслеживать хотелось бы появление нового ассортимента именно в этой серии. Спасибо за вашу продукцию)))","{'Декоративные элементы': 'Ручки для переноса', 'Материал изделия': 'картон', 'Номер декларации соответствия': 'ЕАЭС N RU Д-RU.РА07.В.94587/23', 'Количество предметов в упаковке': '3 шт.', 'Длина упаковки': '63 см', 'Цвет': 'песочный', 'Высота предмета': '31.5 см', 'Назначение коробки': 'для игрушек', 'Доп. опции кофра': 'складной', 'Высота упаковки': '5 см', 'Ширина упаковки': '50 см', 'Ставка НДС': '20', 'Рисунок': 'лофт', 'Дата окончания действия сертификата/декларации': '26.09.2028', 'Количество отделений': '1 шт.', 'Ширина предмета': '31.5 см', 'Комплектация': 'короб для хранения - 3 шт, крышка - 3 шт.', 'Страна производства': 'Россия', 'Глубина предмета': '31.5 см', 'Вес с упаковкой (кг)': '1.18 кг', 'Дата регистрации сертификата/декларации': '27.09.2023', 'Комната назначения': 'гардеробная'}  Коробки для хранения вещей с крышкой картонные. Картонная коробка с крышкой предназначена для удобного хранения различных вещей дома. Этот контейнер может использоваться как органайзер для игрушек, обуви, одежды, белья и мелочей. Она подойдет для хранения книг, детских вещей, носков, новогодних украшений или канцелярии. Складная коробка представлена в разных дизайнах и размерах. Она бывает большая и маленькая, квадратная или прямоугольная, высокая или низкая. Может быть использована в шкафу или в стеллаже. У коробок есть ручки-отверстия с двух сторон для удобного доступа к содержимому. Такие выдвижные стеллажные ящики сохранят порядок на полках. Коробы подходят для конструктора лего, а также шитья и рукоделия. Для создания единого стиля вашего пространства короба из коллекции Travelling продаются наборами по 3 штуки. Красивые ящички идеально подойдут для организации пространства в доме: от прихожей, гардеробной до кухни. Используйте их как контейнер для елочных игрушек, лекарств, документов а4 или под книги. Такой бокс отлично подойдет для электронных аксессуаров. В то время как прозрачные и пластмассовые ящики могут просвечивать, в этих коробах изделий не будет видно. Для хранения нижнего белья отлично подойдет белая корзинка из картона. Крафт бумага более прочная и износостойкая. Картонная коробочка выглядит на открытых стеллажах и закрытых полках эстетичнее, чем пластиковый контейнер. Интерьерная декоративная корзина добавит функциональность любому пространству. Подойдет для носок, сапог, постельного белья, полотенец и косметики. Есть короба, которые отлично впишутся в стеллажи ikea и леруа мерлен размером 30х30, 30х30х30. Тканевые мягкие подставки-боксы или большой кофр из пластика могут использоваться как дополнительное хранилище на полке или столешнице. Создайте свои системы хранения с этим разнообразным ассортиментом контейнеров! Крафтовая подарочная коробка – это отличная упаковка для подарка как взрослым, так и детям. С помощью нее вы можете оформить сюрприз на любой праздник и торжество.","Добрый день! Благодарим за отзыв. Нам очень приятно узнать, что аксессуары для дома нашего бренда понравились Вам. Долгое время мы старались сделать такой фильтр, но, к сожалению, возможности конструктора маркетплейс ограничены, на что продавец повлиять не может. В каждой карточке товара указать цвет. К примеру, коллекция с шаром - это ""голубой тиффани"". Чтобы посмотреть ассортимент коллекции, нужно набрать в поисковой строке Wildberries запрос: valiant голубой тиффани. Так Вы увидите подборку товаров из одной серии.",0
2877593,Добрый день! А носик открыт?,"{'Особенности белья': 'классическая модель, плоские швы, комфортные', 'Вид колготок': 'Классические', 'Высота упаковки': '23 см', 'Назначение': 'большие размеры', 'Сезон': 'круглогодичный', 'Цвет': 'натуральный', 'Рисунок': 'колготки телесные', 'Страна производства': 'Беларусь', 'Назначение белья/купальника': 'повседневное', 'Ширина упаковки': '17 см', 'Упаковка': 'конверт', 'Комплектация': 'Колготки женские - 1 шт', 'Рост модели на фото': '170 см', 'Плотность плетения': '8 den', 'Пол': 'Женский', 'Состав': 'полиамид 83%', 'Декоративные элементы': 'однотонные колготки', 'Коллекция': 'Базовая коллекция', 'Ставка НДС': '20', 'Длина упаковки': '1 см', 'Любимые герои': 'одежда для женщин новинки'} {'Российский размер 3': 'Вес, кг 65-80, Рост, см 170-175', 'Российский размер 5': 'Вес, кг 85-100, Рост, см 180-190', 'Российский размер 2': 'Вес, кг 55-65, Рост, см 160-170', 'Российский размер 4': 'Вес, кг 80-85, Рост, см 175-180'} Колготки капроновые SUMMER 8. Ультратонкие прозрачные колготки женские SUMMER 8 дарят ощущение свежести и легкости. Практически незаметны на ногах и создают ощущение второй кожи. Ультратонкое полотно, хлопковая ластовица в размерах 2-4, большая вставка в размере 5, невидимый мысок без шортиков. Колготки капроновые тонкие, едва заметные на ногах, скрывают мелкие несовершенства кожи, незаменимы в жаркое время года.","Добрый день! Нет, модель с закрытым мыском",0
2877593,Когда ьудут в наличии?,"{'Особенности белья': 'классическая модель, плоские швы, комфортные', 'Вид колготок': 'Классические', 'Высота упаковки': '23 см', 'Назначение': 'большие размеры', 'Сезон': 'круглогодичный', 'Цвет': 'натуральный', 'Рисунок': 'колготки телесные', 'Страна производства': 'Беларусь', 'Назначение белья/купальника': 'повседневное', 'Ширина упаковки': '17 см', 'Упаковка': 'конверт', 'Комплектация': 'Колготки женские - 1 шт', 'Рост модели на фото': '170 см', 'Плотность плетения': '8 den', 'Пол': 'Женский', 'Состав': 'полиамид 83%', 'Декоративные элементы': 'однотонные колготки', 'Коллекция': 'Базовая коллекция', 'Ставка НДС': '20', 'Длина упаковки': '1 см', 'Любимые герои': 'одежда для женщин новинки'} {'Российский размер 3': 'Вес, кг 65-80, Рост, см 170-175', 'Российский размер 5': 'Вес, кг 85-100, Рост, см 180-190', 'Российский размер 2': 'Вес, кг 55-65, Рост, см 160-170', 'Российский размер 4': 'Вес, кг 80-85, Рост, см 175-180'} Колготки капроновые SUMMER 8. Ультратонкие прозрачные колготки женские SUMMER 8 дарят ощущение свежести и легкости. Практически незаметны на ногах и создают ощущение второй кожи. Ультратонкое полотно, хлопковая ластовица в размерах 2-4, большая вставка в размере 5, невидимый мысок без шортиков. Колготки капроновые тонкие, едва заметные на ногах, скрывают мелкие несовершенства кожи, незаменимы в жаркое время года.",Вопрос не по теме,0
4034238,здраствуйте сголго грам  серги,"{'Комплектация': 'серьги', 'Минимальный вес (г)': '1.58 г', 'Страна производства': 'Россия', 'Цвет': 'серебристый', 'Чистота вставки': '2 × Бриллиант Бесцветный Круг 57 граней ~0,042 кар', 'Проба': '585', 'Высота упаковки': '1 см', 'Состав ювелирного изделия': 'золото белое', 'Модель сережек': 'классические', 'ТНВЭД': '7113190000', 'Ширина упаковки': '9 см', 'Длина упаковки': '12 см', 'Вид замка': 'винтовой', 'Состав комплекта': 'серьги - 2 шт', 'Назначение подарка': 'подруге', 'Пол': 'Женский', 'Повод': '8 марта', 'Покрытие': 'родий', 'Вставка': 'бриллиант натуральный'}  Серьги гвоздики золотые 585 пробы пусеты ювелирные. Утонченные серьги-пусеты бренда SOKOLOV обладают невероятно нежным, изысканным видом, благодаря наличию вставок бриллиантов. Они изготовлены из золота 585 пробы, невероятно удобны и практичны, поистине универсальны. Стильные сережки - гвоздики гармонично дополнят как повседневный, так и нарядный праздничный образ. Их можно смело назвать классикой, которая всегда будет в тренде и попросту не может выйти из моды. Ювелирные изделия оснащены надежным винтовым замком для комфортной фиксации в ухе. Оригинальные минималистичные украшения выполнены в классическом серебристом цвете и будут уместны в самых разнообразных ситуациях. Это отличный выбор как на каждый день, для работы и учебы, так и для молодежной вечеринки или свадебного торжества, вечернего выхода. Они подойдут как для девочки - подростка, так и молодой девушки, взрослой женщины. Шикарные изделия из новой модной дизайнерской коллекции по достоинству оценят все современные девчонки. Маленькие элегантные сережки в стиле минимализм поставляются в комплекте с красивой подарочной упаковкой. Оригинальный набор из двух сережек способен выступить необычным презентом для всех дорогих сердцу дам. Такой приятный сюрприз непременно порадует сестру и дочку, маму и лучшую подругу, любимую девушку и жену. Его можно смело преподнести тете и бабушке, крестной и коллеге, крестнице и племяннице. Такой подарочек вполне уместен на годовщину свадьбы или отношений и новогоднее или рождественское торжество, 8 марта и день рождения или юбилей. Его можно вручить на День Влюбленных и профессиональный праздник, абсолютно любое другое праздничное мероприятие и даже вовсе без особого повода, в знак любви, внимания и заботы. Столь изысканный презент явно не останется незамеченным и непременно вызовет настоящий восторг. Ведь сережки выглядят восхитительно, отличаются прочностью и долговечностью. Они надолго сохранят превосходный изначальный вид. Достаточно лишь соблюдать элементарные правила ухода за ювелирными изделиями. Протирать их рекомендуется мягкой тряпочкой из микрофибры, а приблизительно раз в год отдавать на чистку ювелиру. Следует избегать механических повреждений и попадания на украшения агрессивных химических веществ. Для хранения следует использовать шкатулку с мягкой тканевой обивкой внутри. У нас есть акции и распродажи, вы можете купить наши товары в подарок со скидкой! Гарантийный срок для ювелирных изделий составляет 6 (шесть) календарных месяцев, и исчисляется со дня передачи изделия потребителю. Вес товара в карточке является средним и может отличаться от веса изделий, которые поступят вам. Произведено в России.","Здравствуйте! Примерный вес серег 1,58 гр.",1
5969807,здравствуйте! Как формируется цена на мясорубку? Первоначальная 25тысяч цена.таких цен нет на такую мясорубку.  Спасибо!,"{'Вес без упаковки (кг)': '2.7 кг', 'Количество насадок в комплекте': '5 насадок', 'Материал корпуса': 'пластик', 'Мощность устройства': '2000 Вт', 'Доп. опции мясорубки': 'прорезиненные ножки', 'Длина кабеля': '100 см', 'Страна производства': 'Китай', 'Комплектация': 'прибор', 'Системы безопасности': 'отключение при перегреве', 'Вес с упаковкой (кг)': '3.24 кг', 'Максимальное время непрерывной работы': '3 мин', 'Насадки': 'насадка для шинковки', 'Управление': 'механическое', 'Длина упаковки': '37 см', 'Материал загрузочного лотка': 'металл', 'Производительность мясорубки': '2 кг/мин', 'Модель': 'PMG 2027L', 'Высота предмета': '19.89 см', 'Цвет': 'черный', 'Номер сертификата соответствия': 'ЕАЭС RU С-HK.ПФ02.В.02045/20', 'Дата окончания действия сертификата/декларации': '01.07.2025', 'Ширина упаковки': '22 см', 'Глубина предмета': '32.1 см', 'Материал ножей': 'нержавеющая сталь', 'Количество скоростей работы': '1', 'Гарантийный срок': '2 года', 'Высота упаковки': '24 см', 'Ширина предмета': '17.6 см', 'Хрупкость': 'хрупкое', 'Дата регистрации сертификата/декларации': '02.07.2020'}  Мясорубка электрическая PMG 2027L с насадками. Мясорубка электрическая с овощерезкой Polaris PMG 2027L облегчит и ускорит процесс приготовления разнообразных блюд. Основное ее приемущество - компактность, при этом оснащена мощным мотором 2000 Вт. За защиту двигателя от перегрузок отвечает технология PROtect+. Она автоматически отключит прибор при перегреве, предотвращая поломку и продлевая срок его службы. Мясорубка с насадками перемалывает до 2 кг мяса в минуту, легко измельчает сыр и шинкует овощи. Функция реверса очищает шнек от переработанного мяса и жил, без необходимости разбирать рабочий блок. Электромясорубка комплектуется 2 перфорированными дисками для фарша из высококачественной нержавеющей стали диаметром 5 и 7 мм, овощерезкой с 3 насадками для шинковки, мелкой и крупной терки, а также металлическим загрузочным лотком и пластиковым толкателем. Для удобной эксплуатации оснащена специальным отсеком для хранения шнура и ручкой для переноски, а переключатель оснащен со светодиодной подсветкой. При покупке мясорубки Polaris PMG 2027L предоставляется официальная гарантия от производителя – 2 года.","Добрый день. Спасибо за обращение. В этом разделе представитель бренда Polaris отвечает на вопросы о товаре, его особенностях и характеристиках. К сожалению, мы не можем проконсультировать вас относительно цен. Цены на сайте меняются регулярно в зависимости от акций, которые проводятся магазином. С уважением, Яна – представитель бренда Polaris. Техника для дома и посуда для кухни.",0
5969807,Добрый день! подскажите пожалуйста можно ли приобрести насадки терочки отдельно?,"{'Вес без упаковки (кг)': '2.7 кг', 'Количество насадок в комплекте': '5 насадок', 'Материал корпуса': 'пластик', 'Мощность устройства': '2000 Вт', 'Доп. опции мясорубки': 'прорезиненные ножки', 'Длина кабеля': '100 см', 'Страна производства': 'Китай', 'Комплектация': 'прибор', 'Системы безопасности': 'отключение при перегреве', 'Вес с упаковкой (кг)': '3.24 кг', 'Максимальное время непрерывной работы': '3 мин', 'Насадки': 'насадка для шинковки', 'Управление': 'механическое', 'Длина упаковки': '37 см', 'Материал загрузочного лотка': 'металл', 'Производительность мясорубки': '2 кг/мин', 'Модель': 'PMG 2027L', 'Высота предмета': '19.89 см', 'Цвет': 'черный', 'Номер сертификата соответствия': 'ЕАЭС RU С-HK.ПФ02.В.02045/20', 'Дата окончания действия сертификата/декларации': '01.07.2025', 'Ширина упаковки': '22 см', 'Глубина предмета': '32.1 см', 'Материал ножей': 'нержавеющая сталь', 'Количество скоростей работы': '1', 'Гарантийный срок': '2 года', 'Высота упаковки': '24 см', 'Ширина предмета': '17.6 см', 'Хрупкость': 'хрупкое', 'Дата регистрации сертификата/декларации': '02.07.2020'}  Мясорубка электрическая PMG 2027L с насадками. Мясорубка электрическая с овощерезкой Polaris PMG 2027L облегчит и ускорит процесс приготовления разнообразных блюд. Основное ее приемущество - компактность, при этом оснащена мощным мотором 2000 Вт. За защиту двигателя от перегрузок отвечает технология PROtect+. Она автоматически отключит прибор при перегреве, предотвращая поломку и продлевая срок его службы. Мясорубка с насадками перемалывает до 2 кг мяса в минуту, легко измельчает сыр и шинкует овощи. Функция реверса очищает шнек от переработанного мяса и жил, без необходимости разбирать рабочий блок. Электромясорубка комплектуется 2 перфорированными дисками для фарша из высококачественной нержавеющей стали диаметром 5 и 7 мм, овощерезкой с 3 насадками для шинковки, мелкой и крупной терки, а также металлическим загрузочным лотком и пластиковым толкателем. Для удобной эксплуатации оснащена специальным отсеком для хранения шнура и ручкой для переноски, а переключатель оснащен со светодиодной подсветкой. При покупке мясорубки Polaris PMG 2027L предоставляется официальная гарантия от производителя – 2 года.","Добрый день. Спасибо за обращение. Запасные части и аксессуары можно купить в АСЦ. Ближайший к вам сервис посмотрите, пожалуйста, на официальном сайте Polaris в разделе «Сервисные центры». Рекомендуем предварительно уточнить наличие по телефону, который указан там же. С уважением, Яна – представитель бренда Polaris. Техника для дома и посуда для кухни.",0
5969807,"Здравствуйте, ответьте,а почему за отзыв 450р.Значит качество плохое,? Что бы все покупали, деньги на ветер выбрасывали?","{'Вес без упаковки (кг)': '2.7 кг', 'Количество насадок в комплекте': '5 насадок', 'Материал корпуса': 'пластик', 'Мощность устройства': '2000 Вт', 'Доп. опции мясорубки': 'прорезиненные ножки', 'Длина кабеля': '100 см', 'Страна производства': 'Китай', 'Комплектация': 'прибор', 'Системы безопасности': 'отключение при перегреве', 'Вес с упаковкой (кг)': '3.24 кг', 'Максимальное время непрерывной работы': '3 мин', 'Насадки': 'насадка для шинковки', 'Управление': 'механическое', 'Длина упаковки': '37 см', 'Материал загрузочного лотка': 'металл', 'Производительность мясорубки': '2 кг/мин', 'Модель': 'PMG 2027L', 'Высота предмета': '19.89 см', 'Цвет': 'черный', 'Номер сертификата соответствия': 'ЕАЭС RU С-HK.ПФ02.В.02045/20', 'Дата окончания действия сертификата/декларации': '01.07.2025', 'Ширина упаковки': '22 см', 'Глубина предмета': '32.1 см', 'Материал ножей': 'нержавеющая сталь', 'Количество скоростей работы': '1', 'Гарантийный срок': '2 года', 'Высота упаковки': '24 см', 'Ширина предмета': '17.6 см', 'Хрупкость': 'хрупкое', 'Дата регистрации сертификата/декларации': '02.07.2020'}  Мясорубка электрическая PMG 2027L с насадками. Мясорубка электрическая с овощерезкой Polaris PMG 2027L облегчит и ускорит процесс приготовления разнообразных блюд. Основное ее приемущество - компактность, при этом оснащена мощным мотором 2000 Вт. За защиту двигателя от перегрузок отвечает технология PROtect+. Она автоматически отключит прибор при перегреве, предотвращая поломку и продлевая срок его службы. Мясорубка с насадками перемалывает до 2 кг мяса в минуту, легко измельчает сыр и шинкует овощи. Функция реверса очищает шнек от переработанного мяса и жил, без необходимости разбирать рабочий блок. Электромясорубка комплектуется 2 перфорированными дисками для фарша из высококачественной нержавеющей стали диаметром 5 и 7 мм, овощерезкой с 3 насадками для шинковки, мелкой и крупной терки, а также металлическим загрузочным лотком и пластиковым толкателем. Для удобной эксплуатации оснащена специальным отсеком для хранения шнура и ручкой для переноски, а переключатель оснащен со светодиодной подсветкой. При покупке мясорубки Polaris PMG 2027L предоставляется официальная гарантия от производителя – 2 года.",Отклонён,0
5969807,Здравствуйте по рекомендации по поломки мясорубки отвезла в сервисный центр. Сделали по гарантии. Начала крутить мясо 1.5 кг опять все загудело и перестало работать. Я что после каждой перекрутки буду возить ее за 100 км в сервисный центр? Верните мне деньги.,"{'Вес без упаковки (кг)': '2.7 кг', 'Количество насадок в комплекте': '5 насадок', 'Материал корпуса': 'пластик', 'Мощность устройства': '2000 Вт', 'Доп. опции мясорубки': 'прорезиненные ножки', 'Длина кабеля': '100 см', 'Страна производства': 'Китай', 'Комплектация': 'прибор', 'Системы безопасности': 'отключение при перегреве', 'Вес с упаковкой (кг)': '3.24 кг', 'Максимальное время непрерывной работы': '3 мин', 'Насадки': 'насадка для шинковки', 'Управление': 'механическое', 'Длина упаковки': '37 см', 'Материал загрузочного лотка': 'металл', 'Производительность мясорубки': '2 кг/мин', 'Модель': 'PMG 2027L', 'Высота предмета': '19.89 см', 'Цвет': 'черный', 'Номер сертификата соответствия': 'ЕАЭС RU С-HK.ПФ02.В.02045/20', 'Дата окончания действия сертификата/декларации': '01.07.2025', 'Ширина упаковки': '22 см', 'Глубина предмета': '32.1 см', 'Материал ножей': 'нержавеющая сталь', 'Количество скоростей работы': '1', 'Гарантийный срок': '2 года', 'Высота упаковки': '24 см', 'Ширина предмета': '17.6 см', 'Хрупкость': 'хрупкое', 'Дата регистрации сертификата/декларации': '02.07.2020'}  Мясорубка электрическая PMG 2027L с насадками. Мясорубка электрическая с овощерезкой Polaris PMG 2027L облегчит и ускорит процесс приготовления разнообразных блюд. Основное ее приемущество - компактность, при этом оснащена мощным мотором 2000 Вт. За защиту двигателя от перегрузок отвечает технология PROtect+. Она автоматически отключит прибор при перегреве, предотвращая поломку и продлевая срок его службы. Мясорубка с насадками перемалывает до 2 кг мяса в минуту, легко измельчает сыр и шинкует овощи. Функция реверса очищает шнек от переработанного мяса и жил, без необходимости разбирать рабочий блок. Электромясорубка комплектуется 2 перфорированными дисками для фарша из высококачественной нержавеющей стали диаметром 5 и 7 мм, овощерезкой с 3 насадками для шинковки, мелкой и крупной терки, а также металлическим загрузочным лотком и пластиковым толкателем. Для удобной эксплуатации оснащена специальным отсеком для хранения шнура и ручкой для переноски, а переключатель оснащен со светодиодной подсветкой. При покупке мясорубки Polaris PMG 2027L предоставляется официальная гарантия от производителя – 2 года.","Добрый день. Спасибо за обращение. Если производственный недостаток не был устранен ранее во время предыдущего ремонта, вы имеете право отказаться от повторного ремонта, получить в АСЦ заключение о наличии этого производственного недостатка и обратиться к Продавцу с требованием возврата товара. С уважением, Кира – представитель бренда Polaris. Техника для дома и посуда для кухни.",0
5969807,"Здравствуйте, скажите, пожалуйста, у вас есть на мясорубке насадки? На продажу.","{'Вес без упаковки (кг)': '2.7 кг', 'Количество насадок в комплекте': '5 насадок', 'Материал корпуса': 'пластик', 'Мощность устройства': '2000 Вт', 'Доп. опции мясорубки': 'прорезиненные ножки', 'Длина кабеля': '100 см', 'Страна производства': 'Китай', 'Комплектация': 'прибор', 'Системы безопасности': 'отключение при перегреве', 'Вес с упаковкой (кг)': '3.24 кг', 'Максимальное время непрерывной работы': '3 мин', 'Насадки': 'насадка для шинковки', 'Управление': 'механическое', 'Длина упаковки': '37 см', 'Материал загрузочного лотка': 'металл', 'Производительность мясорубки': '2 кг/мин', 'Модель': 'PMG 2027L', 'Высота предмета': '19.89 см', 'Цвет': 'черный', 'Номер сертификата соответствия': 'ЕАЭС RU С-HK.ПФ02.В.02045/20', 'Дата окончания действия сертификата/декларации': '01.07.2025', 'Ширина упаковки': '22 см', 'Глубина предмета': '32.1 см', 'Материал ножей': 'нержавеющая сталь', 'Количество скоростей работы': '1', 'Гарантийный срок': '2 года', 'Высота упаковки': '24 см', 'Ширина предмета': '17.6 см', 'Хрупкость': 'хрупкое', 'Дата регистрации сертификата/декларации': '02.07.2020'}  Мясорубка электрическая PMG 2027L с насадками. Мясорубка электрическая с овощерезкой Polaris PMG 2027L облегчит и ускорит процесс приготовления разнообразных блюд. Основное ее приемущество - компактность, при этом оснащена мощным мотором 2000 Вт. За защиту двигателя от перегрузок отвечает технология PROtect+. Она автоматически отключит прибор при перегреве, предотвращая поломку и продлевая срок его службы. Мясорубка с насадками перемалывает до 2 кг мяса в минуту, легко измельчает сыр и шинкует овощи. Функция реверса очищает шнек от переработанного мяса и жил, без необходимости разбирать рабочий блок. Электромясорубка комплектуется 2 перфорированными дисками для фарша из высококачественной нержавеющей стали диаметром 5 и 7 мм, овощерезкой с 3 насадками для шинковки, мелкой и крупной терки, а также металлическим загрузочным лотком и пластиковым толкателем. Для удобной эксплуатации оснащена специальным отсеком для хранения шнура и ручкой для переноски, а переключатель оснащен со светодиодной подсветкой. При покупке мясорубки Polaris PMG 2027L предоставляется официальная гарантия от производителя – 2 года.","Добрый день. Спасибо за обращение. В комплект поставки входят: крупная, мелкая терка и терка для шинкования,  а также 2 сетки из высококачественной стали (5 мм, 7 мм). Дополнительные насадки для этой модели не предусмотрены. С уважением, Яна – представитель бренда Polaris. Техника для дома и посуда для кухни.",0
3167173,"добрый день, скажите пожалуйста когда черная футболка появится в наличии в размере XS?","{'ТНВЭД': '6109100000', 'Дата регистрации сертификата/декларации': '17.08.2023', 'Страна производства': 'Бангладеш', 'Комплектация': 'Футболка', 'Номер сертификата соответствия': 'ЕАЭС RU С-BD.СП28.В.02182/23', 'Цвет': 'черный', 'Покрой': 'облегающий', 'Рисунок': 'без рисунка', 'Коллекция': 'Осень-Зима 2023-2024', 'Дата окончания действия сертификата/декларации': '16.08.2028', 'Вырез горловины': 'округлый', 'Уход за вещами': 'Максимальная температура стирки - 30 °С', 'Назначение': 'повседневная', 'Пол': 'Женский', 'Состав': 'Хлопок 95'} {'Российский размер 40': 'Обхват бедер, в см 84-88, Обхват груди, в см 78-82, Обхват талии, в см 66-70', 'Российский размер 48': 'Обхват бедер, в см 102-106, Обхват груди, в см 94-98, Обхват талии, в см 74-78', 'Российский размер 46': 'Обхват бедер, в см 98-102, Обхват груди, в см 90-94, Обхват талии, в см 70-74', 'Российский размер 50': 'Обхват бедер, в см 106-110, Обхват груди, в см 98-102, Обхват талии, в см 78-82', 'Российский размер 42': 'Обхват бедер, в см 90-94, Обхват груди, в см 82-86, Обхват талии, в см 62-66', 'Российский размер 44': 'Обхват бедер, в см 94-98, Обхват груди, в см 86-90, Обхват талии, в см 66-70', 'Российский размер 52': 'Обхват бедер, в см 110-114, Обхват груди, в см 102-106, Обхват талии, в см 82-86'} Футболка базовая приталенная. ОПИСАНИЕ:Универсальная футболка приталенного силуэта. Круглый вырез обшит бейкой. Короткие рукава четко обрисовывают линию плеч. Низ и края рукавов обработаны вподгиб. Футболка из хлопковой трикотажной ткани с эластаном приятна для тела, комфортна в носке и не скатывается после многих стирок. Модель хорошо сидит и отлично подходит для любой фигуры. КАК НОСИТЬ:Приталенная футболка – неотъемлемая часть гардероба в городском стиле. Для неформального офисного комплекта отличным будет сочетание этой модели с брюками бананами, кюлотами или юбками А-силуэта. Дополнить наряд помогут лоферы на танкетке, слиперы или туфли с заостренным мыском и сумка джелли. Лук для прогулки по городу можно скомбинировать с кардиганом, тренчем или укороченным жакетом. Шарф-снуд, очки-вайфареры или бейсболка придадут вашему образу озорные нотки. Приталенная футболка непременно станет ценным дополнением к вашему базовому гардеробу.","Добрый день! К сожалению, точной информации по поступлению товара нет. Предлагаем Вам добавить этот товар в Лист ожидания в мобильной версии приложения. При его поступлении Вам придет уведомление. Желаем Вам приятных покупок!",0
148705209,"Когда ждать в наличии 36-37 в оттенке «кремовый»? Если есть возможность ответьте, когда примерно хотя бы ожидать поставку. Очень хочу их, в раздумьях брать ли другой оттенок или дождаться этого","{'Страна производства': 'Индонезия', 'Номер декларации соответствия': 'ЕАЭС N RU Д-NL.РА10.В.69016/23', 'Длина упаковки': '20 см', 'Дата окончания действия сертификата/декларации': '21.12.2026', 'Высота упаковки': '20 см', 'Цвет': 'кремовый', 'Сезон': 'круглогодичный', 'Состав': 'croslite 100%', 'Материал стельки': 'EVA', 'Материал подошвы обуви': 'croslite', 'Пол': 'Женский', 'Коллекция': 'Весна-Лето 2024', 'Комплектация': 'Сабо 1 пара', 'Ширина упаковки': '20 см', 'Дата регистрации сертификата/декларации': '22.12.2023', 'ТНВЭД': '6401929000'} {'Российский размер 36-37': '(Размер производителя: 36-37/4-6, Длина стопы, в см: 22.8-22.8. EU размер: 36-37. )', 'Российский размер 37-38': '(Размер производителя: 37-38/5-7, EU размер: 37-38. Длина стопы, в см: 23.3-23.3. )', 'Российский размер 39-40': '(Размер производителя: 39-40/7-9, EU размер: 39-40. Длина стопы, в см: 24.6-24.6. )', 'Российский размер 40-41': '(Размер производителя: 40-41/8-10, EU размер: 41-42. Длина стопы, в см: 25.5-25.5. )', 'Российский размер 38-39': '(Размер производителя: 38-39/6-8, Длина стопы, в см: 24.2-24.2. EU размер: 38-39. )', 'Российский размер 41-42': '(Размер производителя: 41-42/9-11, Длина стопы, в см: 26.3-26.3. EU размер: 41-42. )', 'Российский размер 42-43/10-12': '(42-43)', 'Российский размер 44': '(Размер производителя: 44/11, EU размер: 45-46. Длина стопы, в см: 28-28. )', 'Российский размер 45': '(Размер производителя: 45/12, EU размер: 46-47. Длина стопы, в см: 28.8-28.8. )', 'Российский размер 46': '(Размер производителя: 46/13, EU размер: 48-49. Длина стопы, в см: 29.7-29.7. )'} Сабо летние взрослые. Стильные сабо CROCS Classic известны высоким уровнем удобства и пользуются популярностью по всему миру. Материал Croslite обеспечивает комфорт на протяжении всего дня. Удобство в каждом шаге, универсальный дизайн и легкость обуви позволяют носить ее в офисе, дома, на улице. Узнаваемый стиль и практичность в одном флаконе. У компании Crocs фабрики обуви расположены в нескольких странах, например, в таких как Китай, Индонезия, Вьетнам и Босния. Технология производства на всех фабриках одинаковая.","Здравствуйте! 
Данная модель в ближайшее время не появится. 
Приятных покупок!",0
5034020,"Здравствуйте, сколько срок хранения после смешивания и как часто применять можно?","{'Прямые поставки от производителя': 'корея', 'Раздел меню': 'корейские бренды', 'Длина упаковки': '11 см', 'Повод': 'новый год', 'Вес товара с упаковкой (г)': '11 г', 'Срок годности': '3 года', 'Упаковка': 'блистер', 'Страна производства': 'Республика Корея', 'Действие': 'восстановление', 'Высота упаковки': '10 см', 'Объем товара': '4 мл', 'Форма упаковки': 'в форме фрукта', 'Вес товара без упаковки (г)': '6 г', 'Номер декларации соответствия': 'ЕАЭС N RU Д-US.РА04.В.28204/23', 'Назначение маски': 'для всех типов кожи', 'Тип подарка': 'универсальный', 'Дата регистрации сертификата/декларации': '31.05.2023', 'Ширина упаковки': '10 см', 'Назначение подарка': 'любимой', 'Состав': 'поликарбонат 10%', 'Комплектация': 'Маска для лица', 'Назначение косметического средства': 'для лица', 'Дата окончания действия сертификата/декларации': '29.05.2028', 'Количество предметов в упаковке': '1 шт'}  Маска ночная для лица освежающая жемчужная. Увлажняющая несмываемая ночная маска жемчужная для лица Beauty Me. Увлажняет, отлично впитывается, повышает упругость и придает гладкость. Способствует омоложению и тонусу кожи. Улучшает цвет лица. Подготовлевает к утреннему макияжу. Как пользоваться: - взять ложечку, которая входит в комплект; - размешать гелевую и кремовую основы; - нанести маску на лицо и оставить на ночь. Смывать не нужно. В зависимости от сухости кожи - маски хватает на 2-3 раза использования. Можно хранить вскрытую упаковку в прохладном месте несколько дней. Мы предлагаем маски для лица корейские, которые уже давно завоевали популярность во всем мире. Корейские маски для лица – это уникальное сочетание инновационных технологий и природных ингредиентов. Маски для лица в наборе – это прекрасная возможность купить несколько разных видов масок для лица и попробовать их все. Маски для лица гелевые – это маски, которые имеют гелевую текстуру, что позволяет им намного лучше прилегать к коже. Они более плотно облегают кожу, обеспечивая при этом насыщение ее необходимыми витаминами, улучшение состояния кожи и питание всех слоев кожи лица. Маски для лица корейские увлажняющие – это маски, которые способствуют интенсивному увлажнению и питанию кожи. Маски для лица ночные – маски, которые используются перед сном. Они имеют медленное распространение активных компонентов на кожу и способны медленно растворяться на коже, обеспечивая ей формулировку ночным временем. Кремовые маски для лица являются очень мягкими и комфортными в использовании.",Хранить открытую и смешанную лучше всего в холодильнике и не более 7 дней. наносить можно каждый вечер. Хватает обычно на 1-4 раза,1
2306710,"Здравствуйте. Какой вес у кольца (арт.2306710) 20,5 размера?","{'Страна производства': 'Россия', 'Состав комплекта': 'кольцо', 'Проба': '585', 'Пол': 'Женский', 'Высота упаковки': '1 см', 'Назначение подарка': 'любимой', 'Длина упаковки': '12 см', 'Цвет': 'золотистый', 'ТНВЭД': '7113190000', 'Ширина упаковки': '9 см', 'Минимальный вес (г)': '2.65 г', 'Вставка': 'фианит', 'Покрытие': 'родий', 'Вид кольца': 'обручальное', 'Повод': 'день рождения', 'Чистота вставки': '5 × Фианит недраг Бесцветный Круг 1.00 ~0,043 кар', 'Состав ювелирного изделия': 'красное золото', 'Комплектация': 'кольцо'}  Обручальное кольцо золотое 585 пробы на свадьбу. ""Обручальное кольцо из красного золота 585 пробы с фианитами и алмазной гранью от бренда SOKOLOV - лучший выбор для тех, кто хочет сделать особенным свадебный день и стремится к совершенству, желая выразить свои чувства с помощью уникального и изысканного ювелирного изделия.Ширина кольца 3,5 мм, кольцо не бухтированное (без выемки с внутренней части). Предлагаем широкий ассортимент размеров изделий: маленьких и больших. Изысканное и яркое золотое кольцо создано известным ювелирным брендом, который славится своим качеством и элегантным дизайном. Уделяется внимание каждой детали производства: вы можете быть уверены в его прочности и долговечности. Изделие сохранит первозданную красоту на протяжении многих лет. Вы можете купить два изделия и получить парный комплект для женщины и мужчины на свадьбу. Сочетание простоты и минимализма придает украшению уникальный шарм, который подчеркнет индивидуальность и стиль. Тонкое и стильное исполнение добавит шарма и элегантности любому образу. Станет символом вашей любви и счастья, а также памятным украшением на всю жизнь. Прекрасный подарок на особый день или любой праздник. Универсальное: для мужского и женского стиля: непременно привлечет восхищенные взгляды окружающих. Великолепное сочетание минимализма и роскоши делает его универсальным аксессуаром, который подходит для любого наряда и события. Украшение легко сочетается с любыми другими ювелирными изделиями. Идеальный выбор для создания незабываемых моментов в жизни, как знак ваших отношений и любви. Кольцо из золота 585 пробы будет идеальным дополнением к вашему свадебному наряду и будет напоминать о счастливом дне каждый раз, когда вы на него смотрите. Подходит для тех, кто предпочитает простые и изысканные украшения. Сохранит блеск и красивый вид на протяжении многих лет. Очень легкое в уходе: можно просто протереть его тряпочкой из микрофибры. Благодаря своей форме идеально сидит на пальце во время носки, подчеркивая его красоту. Гладкая текстура и удобная посадка на палец обеспечивают комфортное ношение на протяжении всего дня. Отличный подарочный вариант золотых обручальных колец как для молодой пары, только вступающей в брак, так и для взрослой, которая хочет обновить свои брачные кольца. Минималистичный дизайн и сияющий блеск этого колечка станут настоящим сюрпризом для невесты. Подарите вашему партнеру что-то особенное, что он будет носить с гордостью и радостью на протяжении всей жизни. Вес товара в карточке является средним и может отличаться от веса аксессуара, который вы приобретаете в нашем магазине. Гарантия на брендовое ювелирное изделие составляет шесть месяцев со дня передачи товара потребителю. Произведено в России. ""","Добрый день. Вес может разниться, в карточке товара указан средний вес. Точный вес будет указан на бирке конкретной позиции, технической возможности заранее сориентировать по точному весу нет.",0
219108226,Книга про 3 Крипера,"{'Редакция': 'БОМБОРА', 'Наименование книги': 'Три криперенка. Любимые сказки в стиле Майнкрафт', 'Вес товара с упаковкой (г)': '311 г', 'Автор': 'Алекс Гит', 'Серия': 'Майнкрафт. Любимые сказки в новом формате', 'Количество страниц': '48 страниц', 'Назначение подарка': 'любимому', 'Длина упаковки': '27 см', 'Возрастные ограничения': '5+', 'Ширина упаковки': '20 см', 'Ширина предмета': '20 см', 'Жанры/тематика': 'Проза для детей', 'Высота упаковки': '1 см', 'Вид бумаги': 'офсетная', 'Год выпуска': '2024', 'Вес товара без упаковки (г)': '311 г', 'ISBN': '978-5-04-196361-3', 'Страна производства': 'Россия', 'Языки': 'русский', 'Высота предмета': '26.4 см', 'Обложка': 'твердая', 'Ставка НДС': '10', 'Глубина предмета': '0.7 см'}  Три криперенка. Любимые сказки в стиле Майнкрафт. Три брата-криперенка вели счастливую и легкую жизнь до тех пор, пока не наступила осень и возникла необходимость задуматься о надежном жилье на зиму. Все братья построили себе отдельные дома. И только после того, как огромный страшный оцелот решил поймать криперят, стало ясно, чей дом оказался самым надежным. Нас ищут: видеоигра, компьютерная игра, игра, lego minecraft, minecraft фигурки, minecraft книга, игрушки minecraft, майнкрафт, лего майнкрафт, конструктор майнкрафт.",некорр,0
2025403,"Здравствуйте, почему такая высокая цена, даже в магазине в настоящее время стоимость значительно ниже. Потеряете покупателей.","{'Упаковка': 'коробка', 'Длина упаковки': '8 см', 'Прямые поставки от производителя': 'да', 'Ширина упаковки': '9 см', 'Форма упаковки': 'без давления', 'Дата регистрации сертификата/декларации': '28.05.2021', 'Особенности краски для волос': 'безаммиачная', 'Номер декларации соответствия': 'ЕАЭС N RU Д-BE.РА01.В.97110/21', 'Назначение косметического средства': 'для волос', 'Срок годности': '36 месяцев', 'Тип краски': 'полустойкая', 'Вес товара с упаковкой (г)': '239 г', 'Раздел меню': 'Окрашивание волос и химическая завивка', 'Комплектация': ""краска-уход для волос L'Oreal Paris (Лореаль Париж) - 1 шт"", 'Объем товара': '180 мл', 'Страна производства': 'Бельгия', 'Состав': 'вода', 'Высота упаковки': '17 см', 'Дата окончания действия сертификата/декларации': '27.05.2026', 'Тон краски для волос': '810, Светло-русый перламутровый', 'Цвет': 'светло-русый'}  Краска для волос Casting Creme Gloss. Окрашивание волос превращается в настоящую процедуру ухода, сравнимую с оздоровлением волос в салоне красоты. Уникальный состав стойкой краски-ухода для волос CASTING CREME GLOSS от L'Oreal Paris (Лореаль Париж) без аммиака во время окрашивания защищает структуру волос от повреждения, одновременно ухаживая и разглаживая их по всей длине. Сохранить и усилить эффект шелковых блестящих волос после окрашивания позволит использование Нового бальзама для волос с Медом, который придает Вашим волосам мягкость, блеск и шелковистость. В состав упаковки входит: красящий крем без аммиака (48мл), тюбик с проявляющим молочком (72мл), флакон с бальзамом для волос с Медом (60мл), пара перчаток, инструкция по применению. Краска для волос Casting Creme Gloss от Лореаль легка в использовании, благодаря наличию специального флакона-аппликатора, нанесение краски становится точным и простым. Полная информация о процедуре окрашивания содержится в инструкции. Соблазнительный цвет и блеск. Стойкий цвет. Закрашивание седых волос. Ухаживает за волосами во время окрашивания. Без аммиака.","Добрый день! Благодарим за вопрос. Добавляйте бренд в избранное, чтобы следить за скидками и пополнением ассортимента. Хорошего дня!",0
2025403,"Ожидаются ли скидки ???703 рубля , уж слишком","{'Упаковка': 'коробка', 'Длина упаковки': '8 см', 'Прямые поставки от производителя': 'да', 'Ширина упаковки': '9 см', 'Форма упаковки': 'без давления', 'Дата регистрации сертификата/декларации': '28.05.2021', 'Особенности краски для волос': 'безаммиачная', 'Номер декларации соответствия': 'ЕАЭС N RU Д-BE.РА01.В.97110/21', 'Назначение косметического средства': 'для волос', 'Срок годности': '36 месяцев', 'Тип краски': 'полустойкая', 'Вес товара с упаковкой (г)': '239 г', 'Раздел меню': 'Окрашивание волос и химическая завивка', 'Комплектация': ""краска-уход для волос L'Oreal Paris (Лореаль Париж) - 1 шт"", 'Объем товара': '180 мл', 'Страна производства': 'Бельгия', 'Состав': 'вода', 'Высота упаковки': '17 см', 'Дата окончания действия сертификата/декларации': '27.05.2026', 'Тон краски для волос': '810, Светло-русый перламутровый', 'Цвет': 'светло-русый'}  Краска для волос Casting Creme Gloss. Окрашивание волос превращается в настоящую процедуру ухода, сравнимую с оздоровлением волос в салоне красоты. Уникальный состав стойкой краски-ухода для волос CASTING CREME GLOSS от L'Oreal Paris (Лореаль Париж) без аммиака во время окрашивания защищает структуру волос от повреждения, одновременно ухаживая и разглаживая их по всей длине. Сохранить и усилить эффект шелковых блестящих волос после окрашивания позволит использование Нового бальзама для волос с Медом, который придает Вашим волосам мягкость, блеск и шелковистость. В состав упаковки входит: красящий крем без аммиака (48мл), тюбик с проявляющим молочком (72мл), флакон с бальзамом для волос с Медом (60мл), пара перчаток, инструкция по применению. Краска для волос Casting Creme Gloss от Лореаль легка в использовании, благодаря наличию специального флакона-аппликатора, нанесение краски становится точным и простым. Полная информация о процедуре окрашивания содержится в инструкции. Соблазнительный цвет и блеск. Стойкий цвет. Закрашивание седых волос. Ухаживает за волосами во время окрашивания. Без аммиака.","Добрый день! Благодарим за интерес к нашему бренду! Рекомендуем добавить бренд в избранное, чтобы следить за скидками и обновлением ассортимента. Хорошего дня!",0
2025403,"Здравствуйте, какой процент оксида у 810?","{'Упаковка': 'коробка', 'Длина упаковки': '8 см', 'Прямые поставки от производителя': 'да', 'Ширина упаковки': '9 см', 'Форма упаковки': 'без давления', 'Дата регистрации сертификата/декларации': '28.05.2021', 'Особенности краски для волос': 'безаммиачная', 'Номер декларации соответствия': 'ЕАЭС N RU Д-BE.РА01.В.97110/21', 'Назначение косметического средства': 'для волос', 'Срок годности': '36 месяцев', 'Тип краски': 'полустойкая', 'Вес товара с упаковкой (г)': '239 г', 'Раздел меню': 'Окрашивание волос и химическая завивка', 'Комплектация': ""краска-уход для волос L'Oreal Paris (Лореаль Париж) - 1 шт"", 'Объем товара': '180 мл', 'Страна производства': 'Бельгия', 'Состав': 'вода', 'Высота упаковки': '17 см', 'Дата окончания действия сертификата/декларации': '27.05.2026', 'Тон краски для волос': '810, Светло-русый перламутровый', 'Цвет': 'светло-русый'}  Краска для волос Casting Creme Gloss. Окрашивание волос превращается в настоящую процедуру ухода, сравнимую с оздоровлением волос в салоне красоты. Уникальный состав стойкой краски-ухода для волос CASTING CREME GLOSS от L'Oreal Paris (Лореаль Париж) без аммиака во время окрашивания защищает структуру волос от повреждения, одновременно ухаживая и разглаживая их по всей длине. Сохранить и усилить эффект шелковых блестящих волос после окрашивания позволит использование Нового бальзама для волос с Медом, который придает Вашим волосам мягкость, блеск и шелковистость. В состав упаковки входит: красящий крем без аммиака (48мл), тюбик с проявляющим молочком (72мл), флакон с бальзамом для волос с Медом (60мл), пара перчаток, инструкция по применению. Краска для волос Casting Creme Gloss от Лореаль легка в использовании, благодаря наличию специального флакона-аппликатора, нанесение краски становится точным и простым. Полная информация о процедуре окрашивания содержится в инструкции. Соблазнительный цвет и блеск. Стойкий цвет. Закрашивание седых волос. Ухаживает за волосами во время окрашивания. Без аммиака.",Здравствуйте! Благодарим за вопрос! Краска для волос Casting Creme Gloss в оттенке 810 Светло-Русый Перламутровый имеет оксид - 4.5%. Хорошего дня!,0
2025403,"здравствуйте, тон 1010 и 1021 какие % оксидов?","{'Упаковка': 'коробка', 'Длина упаковки': '8 см', 'Прямые поставки от производителя': 'да', 'Ширина упаковки': '9 см', 'Форма упаковки': 'без давления', 'Дата регистрации сертификата/декларации': '28.05.2021', 'Особенности краски для волос': 'безаммиачная', 'Номер декларации соответствия': 'ЕАЭС N RU Д-BE.РА01.В.97110/21', 'Назначение косметического средства': 'для волос', 'Срок годности': '36 месяцев', 'Тип краски': 'полустойкая', 'Вес товара с упаковкой (г)': '239 г', 'Раздел меню': 'Окрашивание волос и химическая завивка', 'Комплектация': ""краска-уход для волос L'Oreal Paris (Лореаль Париж) - 1 шт"", 'Объем товара': '180 мл', 'Страна производства': 'Бельгия', 'Состав': 'вода', 'Высота упаковки': '17 см', 'Дата окончания действия сертификата/декларации': '27.05.2026', 'Тон краски для волос': '810, Светло-русый перламутровый', 'Цвет': 'светло-русый'}  Краска для волос Casting Creme Gloss. Окрашивание волос превращается в настоящую процедуру ухода, сравнимую с оздоровлением волос в салоне красоты. Уникальный состав стойкой краски-ухода для волос CASTING CREME GLOSS от L'Oreal Paris (Лореаль Париж) без аммиака во время окрашивания защищает структуру волос от повреждения, одновременно ухаживая и разглаживая их по всей длине. Сохранить и усилить эффект шелковых блестящих волос после окрашивания позволит использование Нового бальзама для волос с Медом, который придает Вашим волосам мягкость, блеск и шелковистость. В состав упаковки входит: красящий крем без аммиака (48мл), тюбик с проявляющим молочком (72мл), флакон с бальзамом для волос с Медом (60мл), пара перчаток, инструкция по применению. Краска для волос Casting Creme Gloss от Лореаль легка в использовании, благодаря наличию специального флакона-аппликатора, нанесение краски становится точным и простым. Полная информация о процедуре окрашивания содержится в инструкции. Соблазнительный цвет и блеск. Стойкий цвет. Закрашивание седых волос. Ухаживает за волосами во время окрашивания. Без аммиака.",Здравствуйте! Благодарим за вопрос! Краска для волос Casting Creme Gloss в оттенке 1021 Светло-Светло Русый Перламутровый и в оттенке 1010 Светло-Светло Русый Пепельный имеют оксид - 7.5%. Хорошего дня!,0
2025403,"Я в шоке, испортила волосы, всё время крашу светло русым перламутровым, я как обычно доверяя  нанесла краску, даже не думала, что такое может случиться, что это будет совсем другой и не то что другой а чёрный! У меня нет слов, за такое надо наказывать","{'Упаковка': 'коробка', 'Длина упаковки': '8 см', 'Прямые поставки от производителя': 'да', 'Ширина упаковки': '9 см', 'Форма упаковки': 'без давления', 'Дата регистрации сертификата/декларации': '28.05.2021', 'Особенности краски для волос': 'безаммиачная', 'Номер декларации соответствия': 'ЕАЭС N RU Д-BE.РА01.В.97110/21', 'Назначение косметического средства': 'для волос', 'Срок годности': '36 месяцев', 'Тип краски': 'полустойкая', 'Вес товара с упаковкой (г)': '239 г', 'Раздел меню': 'Окрашивание волос и химическая завивка', 'Комплектация': ""краска-уход для волос L'Oreal Paris (Лореаль Париж) - 1 шт"", 'Объем товара': '180 мл', 'Страна производства': 'Бельгия', 'Состав': 'вода', 'Высота упаковки': '17 см', 'Дата окончания действия сертификата/декларации': '27.05.2026', 'Тон краски для волос': '810, Светло-русый перламутровый', 'Цвет': 'светло-русый'}  Краска для волос Casting Creme Gloss. Окрашивание волос превращается в настоящую процедуру ухода, сравнимую с оздоровлением волос в салоне красоты. Уникальный состав стойкой краски-ухода для волос CASTING CREME GLOSS от L'Oreal Paris (Лореаль Париж) без аммиака во время окрашивания защищает структуру волос от повреждения, одновременно ухаживая и разглаживая их по всей длине. Сохранить и усилить эффект шелковых блестящих волос после окрашивания позволит использование Нового бальзама для волос с Медом, который придает Вашим волосам мягкость, блеск и шелковистость. В состав упаковки входит: красящий крем без аммиака (48мл), тюбик с проявляющим молочком (72мл), флакон с бальзамом для волос с Медом (60мл), пара перчаток, инструкция по применению. Краска для волос Casting Creme Gloss от Лореаль легка в использовании, благодаря наличию специального флакона-аппликатора, нанесение краски становится точным и простым. Полная информация о процедуре окрашивания содержится в инструкции. Соблазнительный цвет и блеск. Стойкий цвет. Закрашивание седых волос. Ухаживает за волосами во время окрашивания. Без аммиака.","Здравствуйте! Мы понимаем, что данная ситуация доставила Вам неудобства. Для расследования Вашего вопроса рекомендуем обратиться на горячую линию марки (телефон указан на упаковке продукта). С уважением, представители бренда L`Oreal Paris!",0
2025403,"здравствуйте,скажите пожалуйста можно краской вашей фирмы покрасить корни волос после кератинового выпрямления волос?(волосы седые)","{'Упаковка': 'коробка', 'Длина упаковки': '8 см', 'Прямые поставки от производителя': 'да', 'Ширина упаковки': '9 см', 'Форма упаковки': 'без давления', 'Дата регистрации сертификата/декларации': '28.05.2021', 'Особенности краски для волос': 'безаммиачная', 'Номер декларации соответствия': 'ЕАЭС N RU Д-BE.РА01.В.97110/21', 'Назначение косметического средства': 'для волос', 'Срок годности': '36 месяцев', 'Тип краски': 'полустойкая', 'Вес товара с упаковкой (г)': '239 г', 'Раздел меню': 'Окрашивание волос и химическая завивка', 'Комплектация': ""краска-уход для волос L'Oreal Paris (Лореаль Париж) - 1 шт"", 'Объем товара': '180 мл', 'Страна производства': 'Бельгия', 'Состав': 'вода', 'Высота упаковки': '17 см', 'Дата окончания действия сертификата/декларации': '27.05.2026', 'Тон краски для волос': '810, Светло-русый перламутровый', 'Цвет': 'светло-русый'}  Краска для волос Casting Creme Gloss. Окрашивание волос превращается в настоящую процедуру ухода, сравнимую с оздоровлением волос в салоне красоты. Уникальный состав стойкой краски-ухода для волос CASTING CREME GLOSS от L'Oreal Paris (Лореаль Париж) без аммиака во время окрашивания защищает структуру волос от повреждения, одновременно ухаживая и разглаживая их по всей длине. Сохранить и усилить эффект шелковых блестящих волос после окрашивания позволит использование Нового бальзама для волос с Медом, который придает Вашим волосам мягкость, блеск и шелковистость. В состав упаковки входит: красящий крем без аммиака (48мл), тюбик с проявляющим молочком (72мл), флакон с бальзамом для волос с Медом (60мл), пара перчаток, инструкция по применению. Краска для волос Casting Creme Gloss от Лореаль легка в использовании, благодаря наличию специального флакона-аппликатора, нанесение краски становится точным и простым. Полная информация о процедуре окрашивания содержится в инструкции. Соблазнительный цвет и блеск. Стойкий цвет. Закрашивание седых волос. Ухаживает за волосами во время окрашивания. Без аммиака.","Добрый день! Благодарим за обращение. Обычно не рекомендуется проводить окрашивание после процедуры кератинового выпрямления минимум 2-3 недели. Поскольку процедура кератинового выпрямления является салонной и несёт в себе много факторов, перед подбором средства рекомендуем проконсультироваться с Вашим мастером. С Уважением, L`Oreal Paris!",0
2025403,"Здравствуйте. Подскажите, пожалуйста, будет ли поступление краски номер 1013, цвет бежевый? Или какой на замену похожий цвет?","{'Упаковка': 'коробка', 'Длина упаковки': '8 см', 'Прямые поставки от производителя': 'да', 'Ширина упаковки': '9 см', 'Форма упаковки': 'без давления', 'Дата регистрации сертификата/декларации': '28.05.2021', 'Особенности краски для волос': 'безаммиачная', 'Номер декларации соответствия': 'ЕАЭС N RU Д-BE.РА01.В.97110/21', 'Назначение косметического средства': 'для волос', 'Срок годности': '36 месяцев', 'Тип краски': 'полустойкая', 'Вес товара с упаковкой (г)': '239 г', 'Раздел меню': 'Окрашивание волос и химическая завивка', 'Комплектация': ""краска-уход для волос L'Oreal Paris (Лореаль Париж) - 1 шт"", 'Объем товара': '180 мл', 'Страна производства': 'Бельгия', 'Состав': 'вода', 'Высота упаковки': '17 см', 'Дата окончания действия сертификата/декларации': '27.05.2026', 'Тон краски для волос': '810, Светло-русый перламутровый', 'Цвет': 'светло-русый'}  Краска для волос Casting Creme Gloss. Окрашивание волос превращается в настоящую процедуру ухода, сравнимую с оздоровлением волос в салоне красоты. Уникальный состав стойкой краски-ухода для волос CASTING CREME GLOSS от L'Oreal Paris (Лореаль Париж) без аммиака во время окрашивания защищает структуру волос от повреждения, одновременно ухаживая и разглаживая их по всей длине. Сохранить и усилить эффект шелковых блестящих волос после окрашивания позволит использование Нового бальзама для волос с Медом, который придает Вашим волосам мягкость, блеск и шелковистость. В состав упаковки входит: красящий крем без аммиака (48мл), тюбик с проявляющим молочком (72мл), флакон с бальзамом для волос с Медом (60мл), пара перчаток, инструкция по применению. Краска для волос Casting Creme Gloss от Лореаль легка в использовании, благодаря наличию специального флакона-аппликатора, нанесение краски становится точным и простым. Полная информация о процедуре окрашивания содержится в инструкции. Соблазнительный цвет и блеск. Стойкий цвет. Закрашивание седых волос. Ухаживает за волосами во время окрашивания. Без аммиака.","Здравствуйте! Благодарим за вопрос! Краска для волос Casting Creme Gloss в оттенке 1013 Светло-Светло Русый Бежевый (Артикул: 2025406) не снята с производства. Мы понимаем, что ситуация с ожидание товара доставляет неудобства, но даты новых поступлений пока неизвестны. Для автоматического оповещения о поступлении продукта рекомендуем добавить его в лист ожидания. В качестве альтернативы рекомендуем обратить внимание на краску для волос без аммиака Excellence Nudes 10U Универсальный Очень-Очень Светло-Русый (Артикул: 66892658), которая представляет первую линейку универсальных нюдовых оттенков. Краска основана на действии инновационного универсального рефлекта - уникального сочетания холодных и теплых оттенков, создающего естественный цвет, который гармонирует с любым тоном кожи. Желаем удачных покупок!",0
2025403,"Здравствуйте. Подскажите куда пропала краска под номером 1013, бежевый цвет? И подскажите альтернативу этому цвету пожалуйста.","{'Упаковка': 'коробка', 'Длина упаковки': '8 см', 'Прямые поставки от производителя': 'да', 'Ширина упаковки': '9 см', 'Форма упаковки': 'без давления', 'Дата регистрации сертификата/декларации': '28.05.2021', 'Особенности краски для волос': 'безаммиачная', 'Номер декларации соответствия': 'ЕАЭС N RU Д-BE.РА01.В.97110/21', 'Назначение косметического средства': 'для волос', 'Срок годности': '36 месяцев', 'Тип краски': 'полустойкая', 'Вес товара с упаковкой (г)': '239 г', 'Раздел меню': 'Окрашивание волос и химическая завивка', 'Комплектация': ""краска-уход для волос L'Oreal Paris (Лореаль Париж) - 1 шт"", 'Объем товара': '180 мл', 'Страна производства': 'Бельгия', 'Состав': 'вода', 'Высота упаковки': '17 см', 'Дата окончания действия сертификата/декларации': '27.05.2026', 'Тон краски для волос': '810, Светло-русый перламутровый', 'Цвет': 'светло-русый'}  Краска для волос Casting Creme Gloss. Окрашивание волос превращается в настоящую процедуру ухода, сравнимую с оздоровлением волос в салоне красоты. Уникальный состав стойкой краски-ухода для волос CASTING CREME GLOSS от L'Oreal Paris (Лореаль Париж) без аммиака во время окрашивания защищает структуру волос от повреждения, одновременно ухаживая и разглаживая их по всей длине. Сохранить и усилить эффект шелковых блестящих волос после окрашивания позволит использование Нового бальзама для волос с Медом, который придает Вашим волосам мягкость, блеск и шелковистость. В состав упаковки входит: красящий крем без аммиака (48мл), тюбик с проявляющим молочком (72мл), флакон с бальзамом для волос с Медом (60мл), пара перчаток, инструкция по применению. Краска для волос Casting Creme Gloss от Лореаль легка в использовании, благодаря наличию специального флакона-аппликатора, нанесение краски становится точным и простым. Полная информация о процедуре окрашивания содержится в инструкции. Соблазнительный цвет и блеск. Стойкий цвет. Закрашивание седых волос. Ухаживает за волосами во время окрашивания. Без аммиака.","Здравствуйте! Благодарим за вопрос! Краска для волос Casting Creme Gloss в оттенке 1013 Светло-Светло Русый Бежевый (Артикул: 2025406) не снята с производства. Мы понимаем, что ситуация с ожидание товара доставляет неудобства, но даты новых поступлений пока неизвестны. Для автоматического оповещения о поступлении продукта рекомендуем добавить его в лист ожидания. Желаем удачных покупок!",0
2025403,"Почему на краске для волос написано светло русый перламутровые, а при заказе выдаётся цвет темно персиковый краска 820 номер лореаль","{'Упаковка': 'коробка', 'Длина упаковки': '8 см', 'Прямые поставки от производителя': 'да', 'Ширина упаковки': '9 см', 'Форма упаковки': 'без давления', 'Дата регистрации сертификата/декларации': '28.05.2021', 'Особенности краски для волос': 'безаммиачная', 'Номер декларации соответствия': 'ЕАЭС N RU Д-BE.РА01.В.97110/21', 'Назначение косметического средства': 'для волос', 'Срок годности': '36 месяцев', 'Тип краски': 'полустойкая', 'Вес товара с упаковкой (г)': '239 г', 'Раздел меню': 'Окрашивание волос и химическая завивка', 'Комплектация': ""краска-уход для волос L'Oreal Paris (Лореаль Париж) - 1 шт"", 'Объем товара': '180 мл', 'Страна производства': 'Бельгия', 'Состав': 'вода', 'Высота упаковки': '17 см', 'Дата окончания действия сертификата/декларации': '27.05.2026', 'Тон краски для волос': '810, Светло-русый перламутровый', 'Цвет': 'светло-русый'}  Краска для волос Casting Creme Gloss. Окрашивание волос превращается в настоящую процедуру ухода, сравнимую с оздоровлением волос в салоне красоты. Уникальный состав стойкой краски-ухода для волос CASTING CREME GLOSS от L'Oreal Paris (Лореаль Париж) без аммиака во время окрашивания защищает структуру волос от повреждения, одновременно ухаживая и разглаживая их по всей длине. Сохранить и усилить эффект шелковых блестящих волос после окрашивания позволит использование Нового бальзама для волос с Медом, который придает Вашим волосам мягкость, блеск и шелковистость. В состав упаковки входит: красящий крем без аммиака (48мл), тюбик с проявляющим молочком (72мл), флакон с бальзамом для волос с Медом (60мл), пара перчаток, инструкция по применению. Краска для волос Casting Creme Gloss от Лореаль легка в использовании, благодаря наличию специального флакона-аппликатора, нанесение краски становится точным и простым. Полная информация о процедуре окрашивания содержится в инструкции. Соблазнительный цвет и блеск. Стойкий цвет. Закрашивание седых волос. Ухаживает за волосами во время окрашивания. Без аммиака.","Здравствуйте! Спасибо за вопрос! При заказе оттенка на сайте рекомендуем Вам ориентироваться на изображение продукта (цвет, номер) указанного в карточке товара. Отличного дня!",0
4803041,"Здравствуйте! А есть ли среди шампуней Dove, шампунь именно БЕЗ силиконов в составе?","{'Страна производства': 'Россия', 'Объем товара': '380 мл', 'Длина упаковки': '8 см', 'Упаковка': 'флакон', 'Состав': 'Вода,лауретсульфат натрия,кокамидопропилбетаин,хлорид натрия,глицерин', 'Назначение косметического средства': 'для ежедневного использования', 'Прямые поставки от производителя': 'да', 'Тип волос': 'для всех типов волос', 'Дата регистрации сертификата/декларации': '05.03.2020', 'Форма упаковки': 'без давления', 'Комплектация': 'Шампунь для волос', 'Раздел меню': 'Волосы', 'Срок годности': '30 месяцев', 'Высота упаковки': '23 см', 'Дата окончания действия сертификата/декларации': '04.03.2025', 'Ставка НДС': '20', 'Номер декларации соответствия': 'ЕАЭС N RU Д-RU.СП28.В.08348/20', 'Ширина упаковки': '5 см', 'Действие': 'очищение'}  Шампунь для волос женский для объема 380 мл. Серия Dove Объем и восстановление сделает ваши волосы в два раза объемнее*, не утяжеляя их. Шампунь работает в 2-х направлениях, чтобы наполнить жизненной силой тонкие и ослабленные волосы. Уникальная** невесомая формула с комплексом Hydra-Lift придает волосам дополнительный объем от корней и мягко питает их. Действует на поверхности волоса, мгновенно разглаживая его, поддерживает необходимый уровень питания и дополнительного увлажнения. Ваши волосы выглядят гладкими, объемными и красивыми!Для наилучшего эффекта используйте также бальзам-ополаскиватель Dove каждый раз после мытья волос.Dove не проводит тесты на животных, и имеет аккредитацию организации РЕТА.* по результатам инструментального теста Unilever по сравнению с волосами до мытья** в линейке продукции Dove в России","Добрый день!
Благодарим за вопрос. Да, среди шампуней DOVE есть шампунь Глубокое питание и восстановление с ароматом манго, который не содержит силиконы. Будем рады видеть Вас в числе наших потребителей!
Хорошего дня!",0
208866237,"А не сильно ли много за такую коляску? 208866237, я хотела заказать дочери, но это ОЧЕЕНЬ много","{'Цвет': 'розовый', 'Ставка НДС': '10', 'Высота куклы': '52 см', 'Вес с упаковкой (кг)': '6.3 кг', 'Количество колес коляски': '4', 'Ширина предмета': '40 см', 'Ширина упаковки': '43 см', 'Высота упаковки': '61 см', 'Особенности коляски для кукол': 'реборн, с корзиной, с сумкой для вещей', 'Дата регистрации сертификата/декларации': '24.07.2024', 'Возрастные ограничения': '3+', 'Номер сертификата соответствия': 'ЕАЭС RU С-ES.АЯ46.В.35872/24', 'Тип коляски для кукол': 'коляска-люлька', 'Назначение подарка': 'игрушки для малышей, развивающие игрушки 2 года 3 года детей', 'Длина упаковки': '25 см', 'Материал изделия': 'пластик', 'Страна производства': 'Испания', 'Дата окончания действия сертификата/декларации': '16.01.2029', 'Высота предмета': '90 см', 'Комплектация': 'коляска, сумка, зонт, корзина для покупок', 'Повод': 'выпускной, именины, просто так, 1 сентября, день матери, рождение малыша'}  Коляска для кукол люлька Реборн с сумкой и зонтом, 90 см. Коляска для кукол люлька Реборн испанского бренда DeCuevas Toys (ДеКуэвас Тойс) со съёмной сумкой и зонтом. Высота ручки от пола в максимальном положении 90 см, удобна для ребенка ростом 120 - 160 см. Ручка регулируется и имеет мягкую, нескользящую накладку для рук. Серия Фанни, цвет розовый, серый, бежевый. Подходит для кукол до 52 см. Сумка съёмная, может использоваться как отдельный аксессуар. Люлька классической формы с откидным капюшоном округлой формы. Классическая Х-образная форма шасси со складным механизмом. Колеса современного дизайна обеспечивают мягкий ход и мобильность коляски. Рама изготовлена из металла и снабжена текстильной корзиной. Коляска тихо ездит, удобно играть дома. Девочки полюбят коляску не только за красоту, но и за управляемость, легкость и удобство в процессе игры. Серия Фанни объединяет коллекцию игрушечных колясок и текстильных аксессуаров современного дизайна в нежной розовой, серой и бирюзовой гамме с оригинальной отделкой. Главный персонаж серии - забавная лошадка-качалка, символ счастливого детства. Коляска упакована в фирменную коробку. Самый узнаваемый продукт бренда DeCuevas Toys - большие коляски для кукол. Коллекции колясок создаются так, чтобы можно было легко подобрать коляску под рост ребенка, учитывая высоту ручки коляски. В ассортименте бренда представлены разные типы игрушечных колясок: коляски-люльки, коляски-переноски, прогулочные коляски трости и коляски для куколок трансформеры 3в1, коляски серии reborn, коляски для плюшевых животных, детские тележки, а также кроватки, деревянная мебель, аксессуары для кукол и другие игрушки, которые не только понравятся детям, но и станут украшением детской комнаты. Кукольная коляска трансформер приятно удивит своей практичностью, а прогулка с коляской для плюшевых собак и кошек подарит массу позитивных эмоций. Текстильные элементы можно стирать вручную в теплой воде не более 30 градусов.",Добрый день. Цена зависит от проводимых акций с учетом скидки и персональных клиентских скидок. Добавляйте бренд в раздел любимых и будете в курсе всех обновлений и выгодных предложений. Желаем Вам удачных покупок!,0
39214163,"очень сильно цена поднялась, скидка будет в ближайшее время?","{'Дата окончания действия сертификата/декларации': '09.07.2025', 'Питание': 'от сети', 'Хрупкость': 'хрупкое', 'Модель': 'PHS 2512KT Dreams Collection', 'Цвет': 'маренго', 'Ширина рабочей площади': '2.5 см', 'Гарантийный срок': '2 года', 'Мощность устройства': '35 Вт', 'Высота упаковки': '10 см', 'Упаковка': 'картонная коробка', 'Температура, макс': '230 °C', 'Время нагрева': '120 сек', 'Комплектация': 'инструкция', 'Длина рабочей площади': '11 см', 'Материал корпуса': 'пластик', 'Ширина предмета': '4 см', 'Дата регистрации сертификата/декларации': '10.07.2020', 'Ширина упаковки': '15 см', 'Вес товара с упаковкой (г)': '440 г', 'Количество режимов работы': '5 режимов', 'Материал рабочей поверхности': 'турмалин керамический', 'Страна производства': 'Китай', 'Длина упаковки': '35 см', 'Вес товара без упаковки (г)': '330 г', 'Номер сертификата соответствия': 'ЕАЭС RU С-HK.ПФ02.В.02061/20'}  Утюжок для волос PHS 2512KT Dreams Collection. Профессиональный утюжок для волос PHS 2512KT Dreams Collection – незаменимый стайлер для для создания шелковистых волос и идеально гладкой прически. Благодаря инновационной конструкции, стайлер для волос Polaris можно использовать как плойку для завивки локонов и выпрямления волос. Уникальная технология DuoCeramic обеспечивает бережный уход за вашими локонами. Керамическое покрытие с двумя дополнительными слоями гарантирует легкое скольжение и равномерный нагрев. Первый слой отвечает за прочность и долговечность, а второй – за деликатное воздействие на волосы. Такое покрытие пластин делает наш утюжок-выпрямитель идеальным выбором для укладки даже окрашенных волос. LED терморегулятор с 5 режимами температуры (150-170-190-210-230 градусов) позволяет настроить прибор под любой тип волос. Плавающие полотна обеспечивают идеальное прижатие локонов без вытягивания волоса, а быстрый и стабильный нагрев экономит ваше время. Шарнирное вращение шнура на 360 градусов делает использование утюжка максимально удобным. Покрытие корпуса Soft Touch приятно на ощупь и не скользит в руке. Удобная петля для подвешивания и фиксация пластин в закрытом положении делают хранение и транспортировку прибора простыми и безопасными. Наш утюжок для волос профессиональный – это выбор стилистов и парикмахеров. Он подходит как для домашнего использования, так и для работы в салонах красоты. Независимо от того, нужна ли вам плойка для коротких волос или выпрямитель для длинных локонов, этот универсальный прибор справится с любой задачей. Наш керамический выпрямитель для волос – это не просто бытовая техника для дома. Это ваш личный стилист, который поможет создать любую укладку: от классического выпрямления до модных локонов и кудрей. Подарите своим волосам профессиональный уход и безупречный вид с утюжком для волос Polaris!","Добрый день. Спасибо за обращение. В этом разделе представитель бренда Polaris отвечает на вопросы о товаре, его особенностях и характеристиках. К сожалению, мы не можем проконсультировать вас относительно цен. Цены на сайте меняются регулярно в зависимости от акций, которые проводятся магазином. С уважением, Яна – представитель бренда Polaris. Техника для дома и посуда для кухни.",0
39214163,"Здравствуйте. При фиксации пластин в закрытом положении они не смыкаются полностью, между ним остаётся зазор около 1 см. По фото других покупателей такого зазора нет. Как исправить?","{'Дата окончания действия сертификата/декларации': '09.07.2025', 'Питание': 'от сети', 'Хрупкость': 'хрупкое', 'Модель': 'PHS 2512KT Dreams Collection', 'Цвет': 'маренго', 'Ширина рабочей площади': '2.5 см', 'Гарантийный срок': '2 года', 'Мощность устройства': '35 Вт', 'Высота упаковки': '10 см', 'Упаковка': 'картонная коробка', 'Температура, макс': '230 °C', 'Время нагрева': '120 сек', 'Комплектация': 'инструкция', 'Длина рабочей площади': '11 см', 'Материал корпуса': 'пластик', 'Ширина предмета': '4 см', 'Дата регистрации сертификата/декларации': '10.07.2020', 'Ширина упаковки': '15 см', 'Вес товара с упаковкой (г)': '440 г', 'Количество режимов работы': '5 режимов', 'Материал рабочей поверхности': 'турмалин керамический', 'Страна производства': 'Китай', 'Длина упаковки': '35 см', 'Вес товара без упаковки (г)': '330 г', 'Номер сертификата соответствия': 'ЕАЭС RU С-HK.ПФ02.В.02061/20'}  Утюжок для волос PHS 2512KT Dreams Collection. Профессиональный утюжок для волос PHS 2512KT Dreams Collection – незаменимый стайлер для для создания шелковистых волос и идеально гладкой прически. Благодаря инновационной конструкции, стайлер для волос Polaris можно использовать как плойку для завивки локонов и выпрямления волос. Уникальная технология DuoCeramic обеспечивает бережный уход за вашими локонами. Керамическое покрытие с двумя дополнительными слоями гарантирует легкое скольжение и равномерный нагрев. Первый слой отвечает за прочность и долговечность, а второй – за деликатное воздействие на волосы. Такое покрытие пластин делает наш утюжок-выпрямитель идеальным выбором для укладки даже окрашенных волос. LED терморегулятор с 5 режимами температуры (150-170-190-210-230 градусов) позволяет настроить прибор под любой тип волос. Плавающие полотна обеспечивают идеальное прижатие локонов без вытягивания волоса, а быстрый и стабильный нагрев экономит ваше время. Шарнирное вращение шнура на 360 градусов делает использование утюжка максимально удобным. Покрытие корпуса Soft Touch приятно на ощупь и не скользит в руке. Удобная петля для подвешивания и фиксация пластин в закрытом положении делают хранение и транспортировку прибора простыми и безопасными. Наш утюжок для волос профессиональный – это выбор стилистов и парикмахеров. Он подходит как для домашнего использования, так и для работы в салонах красоты. Независимо от того, нужна ли вам плойка для коротких волос или выпрямитель для длинных локонов, этот универсальный прибор справится с любой задачей. Наш керамический выпрямитель для волос – это не просто бытовая техника для дома. Это ваш личный стилист, который поможет создать любую укладку: от классического выпрямления до модных локонов и кудрей. Подарите своим волосам профессиональный уход и безупречный вид с утюжком для волос Polaris!","Добрый день. Между пластинами бытового стайлера должен существовать зазор в несколько миллиметров, чтобы предотвратить чрезмерный зажим и повреждение волос - это является нормой и не означает неисправность. С уважением, Яна – представитель бренда Polaris. Техника для дома и посуда для кухни.",0
39214163,Почему мне не отвечают в личных сообщениях уже 3 дня?,"{'Дата окончания действия сертификата/декларации': '09.07.2025', 'Питание': 'от сети', 'Хрупкость': 'хрупкое', 'Модель': 'PHS 2512KT Dreams Collection', 'Цвет': 'маренго', 'Ширина рабочей площади': '2.5 см', 'Гарантийный срок': '2 года', 'Мощность устройства': '35 Вт', 'Высота упаковки': '10 см', 'Упаковка': 'картонная коробка', 'Температура, макс': '230 °C', 'Время нагрева': '120 сек', 'Комплектация': 'инструкция', 'Длина рабочей площади': '11 см', 'Материал корпуса': 'пластик', 'Ширина предмета': '4 см', 'Дата регистрации сертификата/декларации': '10.07.2020', 'Ширина упаковки': '15 см', 'Вес товара с упаковкой (г)': '440 г', 'Количество режимов работы': '5 режимов', 'Материал рабочей поверхности': 'турмалин керамический', 'Страна производства': 'Китай', 'Длина упаковки': '35 см', 'Вес товара без упаковки (г)': '330 г', 'Номер сертификата соответствия': 'ЕАЭС RU С-HK.ПФ02.В.02061/20'}  Утюжок для волос PHS 2512KT Dreams Collection. Профессиональный утюжок для волос PHS 2512KT Dreams Collection – незаменимый стайлер для для создания шелковистых волос и идеально гладкой прически. Благодаря инновационной конструкции, стайлер для волос Polaris можно использовать как плойку для завивки локонов и выпрямления волос. Уникальная технология DuoCeramic обеспечивает бережный уход за вашими локонами. Керамическое покрытие с двумя дополнительными слоями гарантирует легкое скольжение и равномерный нагрев. Первый слой отвечает за прочность и долговечность, а второй – за деликатное воздействие на волосы. Такое покрытие пластин делает наш утюжок-выпрямитель идеальным выбором для укладки даже окрашенных волос. LED терморегулятор с 5 режимами температуры (150-170-190-210-230 градусов) позволяет настроить прибор под любой тип волос. Плавающие полотна обеспечивают идеальное прижатие локонов без вытягивания волоса, а быстрый и стабильный нагрев экономит ваше время. Шарнирное вращение шнура на 360 градусов делает использование утюжка максимально удобным. Покрытие корпуса Soft Touch приятно на ощупь и не скользит в руке. Удобная петля для подвешивания и фиксация пластин в закрытом положении делают хранение и транспортировку прибора простыми и безопасными. Наш утюжок для волос профессиональный – это выбор стилистов и парикмахеров. Он подходит как для домашнего использования, так и для работы в салонах красоты. Независимо от того, нужна ли вам плойка для коротких волос или выпрямитель для длинных локонов, этот универсальный прибор справится с любой задачей. Наш керамический выпрямитель для волос – это не просто бытовая техника для дома. Это ваш личный стилист, который поможет создать любую укладку: от классического выпрямления до модных локонов и кудрей. Подарите своим волосам профессиональный уход и безупречный вид с утюжком для волос Polaris!","Добрый день. Спасибо за обращение. Из-за большого потока вопросов и отзывов их обработка составляет несколько дней. Мы обязательно ответим на каждое обращение! С уважением, Кира – представитель бренда Polaris. Техника для дома и посуда для кухни.",0
198455061,"здравствуйте, простынь на резинке?","{'Застежка пододеяльника': 'без застежки', 'Комплектность постельного белья': '1 пододеяльник, 1 простыня, 2 наволочки', 'Количество предметов в упаковке': '4 шт.', 'Номер сертификата соответствия': 'ЕАЭС RU С-RU.АД02.А.00285/20', 'Вид ткани постельного белья': 'бязь', 'Дата регистрации сертификата/декларации': '04.06.2020', 'Размер наволочки': '70х70 см', 'Размер пододеяльника': '175х215', 'Размер простыни': '200х216 +/- 4 см', 'Застежка наволочки': 'клапан', 'Размер постельного белья': '2-спальный', 'Уход за вещами': 'стирка при t не более 40°C', 'Размер натяжной простыни': 'без натяжной простыни', 'Тип простыни': 'классическая', 'Высота упаковки': '5 см', 'Назначение подарка': 'бабушке', 'Состав': 'хлопок', 'Ставка НДС': '20', 'Рисунок': 'надпись', 'Вес с упаковкой (кг)': '1.9 кг', 'Повод': 'новый год', 'Ширина упаковки': '28 см', 'Длина упаковки': '36 см', 'Цвет': 'черный', 'ТНВЭД': '6302210000', 'Назначение текстиля': 'взрослым', 'Плотность ткани': '120 г/кв.м', 'Комплектация': 'Наволочки 70х70см -2шт'}  Постельное белье 2 спальное хлопок 100%. Черное стильное постельное белье 2 спальное бязь идеальное решение для создания комфортной и уютной атмосферы во взрослой семейной и спальной детской комнате. Бренд Home Trend collеction - это современные и модные комплекты постельного белья для любого сезона: зима, лето. Все вещи для дома и дачи, созданные нашим брендом, добавят уникальности любому интерьеру. Постельное белье хлопок от ивановского производителя станет настоящим украшением для вашего дома. Постельное белье бязь 2 спальное хлопок 100% с наволочками 70 на 70 см - абсолютно универсально подойдет почти на любую кровать и станет отличным подарком для детей и взрослых. 2 спальное постельное белье бязь подойдет в качестве подарка по любому поводу: на день рождения, юбилей, любимому мужчине или женщине на годовщину. Станет отличным подарком коллеге, врачу или учителю. Двуспальное постельное белье изготовлено из 100%-хлопка ткань бязь, плотность ткани 120 гр. Натуральный хлопок абсолютно экологичен, не вызывает аллергии, хорошо пропускает воздух, позволяя телу дышать. При соблюдении рекомендаций по уходу, ткань легко стирается, не дает усадки и практически не мнется, позволяя гладить белье без отпаривания. В 2-спальный комплект входит 4 предмета: простынь евро 200х220см+/-4см-1шт.; пододеяльник 215х175см+/-2см-1шт., наволочки 70x70 +/-1 см-2 шт. Обращаем Ваше внимание, что оттенок комплекта постельное белье 2 спальное может незначительно отличаться от оттенка на фото. Изготовление постельного белья ООО ""ТДЛ Текстиль"" осуществляется в соответствии с установленными стандартами и при строгом контроле качества на фабриках России и Узбекистана. Место изготовления указано на упаковке товара. Уважаемые покупатели, пожалуйста, внимательно ознакомьтесь с правилами возврата приобретенного товара на площадке Вайлдберриз.","Добрый день! Простынь стандартная, без резинки.",1
198455061,"да хочу сказать качество огонь и цена приемлена, заказывали на 2.2 нужно на 1.5 такую же","{'Застежка пододеяльника': 'без застежки', 'Комплектность постельного белья': '1 пододеяльник, 1 простыня, 2 наволочки', 'Количество предметов в упаковке': '4 шт.', 'Номер сертификата соответствия': 'ЕАЭС RU С-RU.АД02.А.00285/20', 'Вид ткани постельного белья': 'бязь', 'Дата регистрации сертификата/декларации': '04.06.2020', 'Размер наволочки': '70х70 см', 'Размер пододеяльника': '175х215', 'Размер простыни': '200х216 +/- 4 см', 'Застежка наволочки': 'клапан', 'Размер постельного белья': '2-спальный', 'Уход за вещами': 'стирка при t не более 40°C', 'Размер натяжной простыни': 'без натяжной простыни', 'Тип простыни': 'классическая', 'Высота упаковки': '5 см', 'Назначение подарка': 'бабушке', 'Состав': 'хлопок', 'Ставка НДС': '20', 'Рисунок': 'надпись', 'Вес с упаковкой (кг)': '1.9 кг', 'Повод': 'новый год', 'Ширина упаковки': '28 см', 'Длина упаковки': '36 см', 'Цвет': 'черный', 'ТНВЭД': '6302210000', 'Назначение текстиля': 'взрослым', 'Плотность ткани': '120 г/кв.м', 'Комплектация': 'Наволочки 70х70см -2шт'}  Постельное белье 2 спальное хлопок 100%. Черное стильное постельное белье 2 спальное бязь идеальное решение для создания комфортной и уютной атмосферы во взрослой семейной и спальной детской комнате. Бренд Home Trend collеction - это современные и модные комплекты постельного белья для любого сезона: зима, лето. Все вещи для дома и дачи, созданные нашим брендом, добавят уникальности любому интерьеру. Постельное белье хлопок от ивановского производителя станет настоящим украшением для вашего дома. Постельное белье бязь 2 спальное хлопок 100% с наволочками 70 на 70 см - абсолютно универсально подойдет почти на любую кровать и станет отличным подарком для детей и взрослых. 2 спальное постельное белье бязь подойдет в качестве подарка по любому поводу: на день рождения, юбилей, любимому мужчине или женщине на годовщину. Станет отличным подарком коллеге, врачу или учителю. Двуспальное постельное белье изготовлено из 100%-хлопка ткань бязь, плотность ткани 120 гр. Натуральный хлопок абсолютно экологичен, не вызывает аллергии, хорошо пропускает воздух, позволяя телу дышать. При соблюдении рекомендаций по уходу, ткань легко стирается, не дает усадки и практически не мнется, позволяя гладить белье без отпаривания. В 2-спальный комплект входит 4 предмета: простынь евро 200х220см+/-4см-1шт.; пододеяльник 215х175см+/-2см-1шт., наволочки 70x70 +/-1 см-2 шт. Обращаем Ваше внимание, что оттенок комплекта постельное белье 2 спальное может незначительно отличаться от оттенка на фото. Изготовление постельного белья ООО ""ТДЛ Текстиль"" осуществляется в соответствии с установленными стандартами и при строгом контроле качества на фабриках России и Узбекистана. Место изготовления указано на упаковке товара. Уважаемые покупатели, пожалуйста, внимательно ознакомьтесь с правилами возврата приобретенного товара на площадке Вайлдберриз.",Отклонён,0
198455061,здравствуйте!!!есть Тая серого цвета только 1.5,"{'Застежка пододеяльника': 'без застежки', 'Комплектность постельного белья': '1 пододеяльник, 1 простыня, 2 наволочки', 'Количество предметов в упаковке': '4 шт.', 'Номер сертификата соответствия': 'ЕАЭС RU С-RU.АД02.А.00285/20', 'Вид ткани постельного белья': 'бязь', 'Дата регистрации сертификата/декларации': '04.06.2020', 'Размер наволочки': '70х70 см', 'Размер пододеяльника': '175х215', 'Размер простыни': '200х216 +/- 4 см', 'Застежка наволочки': 'клапан', 'Размер постельного белья': '2-спальный', 'Уход за вещами': 'стирка при t не более 40°C', 'Размер натяжной простыни': 'без натяжной простыни', 'Тип простыни': 'классическая', 'Высота упаковки': '5 см', 'Назначение подарка': 'бабушке', 'Состав': 'хлопок', 'Ставка НДС': '20', 'Рисунок': 'надпись', 'Вес с упаковкой (кг)': '1.9 кг', 'Повод': 'новый год', 'Ширина упаковки': '28 см', 'Длина упаковки': '36 см', 'Цвет': 'черный', 'ТНВЭД': '6302210000', 'Назначение текстиля': 'взрослым', 'Плотность ткани': '120 г/кв.м', 'Комплектация': 'Наволочки 70х70см -2шт'}  Постельное белье 2 спальное хлопок 100%. Черное стильное постельное белье 2 спальное бязь идеальное решение для создания комфортной и уютной атмосферы во взрослой семейной и спальной детской комнате. Бренд Home Trend collеction - это современные и модные комплекты постельного белья для любого сезона: зима, лето. Все вещи для дома и дачи, созданные нашим брендом, добавят уникальности любому интерьеру. Постельное белье хлопок от ивановского производителя станет настоящим украшением для вашего дома. Постельное белье бязь 2 спальное хлопок 100% с наволочками 70 на 70 см - абсолютно универсально подойдет почти на любую кровать и станет отличным подарком для детей и взрослых. 2 спальное постельное белье бязь подойдет в качестве подарка по любому поводу: на день рождения, юбилей, любимому мужчине или женщине на годовщину. Станет отличным подарком коллеге, врачу или учителю. Двуспальное постельное белье изготовлено из 100%-хлопка ткань бязь, плотность ткани 120 гр. Натуральный хлопок абсолютно экологичен, не вызывает аллергии, хорошо пропускает воздух, позволяя телу дышать. При соблюдении рекомендаций по уходу, ткань легко стирается, не дает усадки и практически не мнется, позволяя гладить белье без отпаривания. В 2-спальный комплект входит 4 предмета: простынь евро 200х220см+/-4см-1шт.; пододеяльник 215х175см+/-2см-1шт., наволочки 70x70 +/-1 см-2 шт. Обращаем Ваше внимание, что оттенок комплекта постельное белье 2 спальное может незначительно отличаться от оттенка на фото. Изготовление постельного белья ООО ""ТДЛ Текстиль"" осуществляется в соответствии с установленными стандартами и при строгом контроле качества на фабриках России и Узбекистана. Место изготовления указано на упаковке товара. Уважаемые покупатели, пожалуйста, внимательно ознакомьтесь с правилами возврата приобретенного товара на площадке Вайлдберриз.","Здравствуйте. Арт. 198365596 - 1,5 спальный.",0
148707111,здравствуйте! когда поступят в наличие зелёный тапки размером 38 - 39,"{'Сезон': 'круглогодичный', 'Длина упаковки': '20 см', 'Материал подошвы обуви': 'croslite', 'Пол': 'Женский', 'Состав': 'croslite 100%', 'Материал стельки': 'EVA', 'Коллекция': 'Весна-Лето 2023', 'Страна производства': 'Индонезия', 'Комплектация': 'Сабо 1 пара', 'Дата регистрации сертификата/декларации': '22.12.2023', 'Ширина упаковки': '20 см', 'Номер декларации соответствия': 'ЕАЭС N RU Д-NL.РА10.В.69016/23', 'Цвет': 'зеленый', 'ТНВЭД': '6401929000', 'Высота упаковки': '20 см', 'Дата окончания действия сертификата/декларации': '21.12.2026'} {'Российский размер 42-43/10-12': '(42-43)', 'Российский размер 44': '(Размер производителя: 44/11, EU размер: 45-46. Длина стопы, в см: 28-28. )', 'Российский размер 39-40': '(Размер производителя: 39-40/7-9, EU размер: 39-40. Длина стопы, в см: 24.6-24.6. )', 'Российский размер 46': '(Размер производителя: 46/13, EU размер: 48-49. Длина стопы, в см: 29.7-29.7. )', 'Российский размер 36-37': '(Размер производителя: 36-37/4-6, Длина стопы, в см: 22.8-22.8. EU размер: 36-37. )', 'Российский размер 37-38': '(Размер производителя: 37-38/5-7, EU размер: 37-38. Длина стопы, в см: 23.3-23.3. )', 'Российский размер 45': '(Размер производителя: 45/12, EU размер: 46-47. Длина стопы, в см: 28.8-28.8. )', 'Российский размер 38-39': '(Размер производителя: 38-39/6-8, Длина стопы, в см: 24.2-24.2. EU размер: 38-39. )', 'Российский размер 40-41': '(Размер производителя: 40-41/8-10, EU размер: 41-42. Длина стопы, в см: 25.5-25.5. )', 'Российский размер 41-42': '(Размер производителя: 41-42/9-11, Длина стопы, в см: 26.3-26.3. EU размер: 41-42. )'} Сабо летние взрослые. Стильные сабо CROCS Classic известны высоким уровнем удобства и пользуются популярностью по всему миру. Материал Croslite обеспечивает комфорт на протяжении всего дня. Удобство в каждом шаге, универсальный дизайн и легкость обуви позволяют носить ее в офисе, дома, на улице. Узнаваемый стиль и практичность в одном флаконе. У компании Crocs фабрики обуви расположены в нескольких странах, например, в таких как Китай, Индонезия, Вьетнам и Босния. Технология производства на всех фабриках одинаковая.","Здравствуйте! Добавляйте в лист ожидания чтобы не пропустить. Мы предлагаем Вам обратить внимание на аналоги, которые также представлены в нашем ассортименте. Приятных покупок!",0
148707111,"здравствуйте, когда в наличии появится 38 размер?","{'Сезон': 'круглогодичный', 'Длина упаковки': '20 см', 'Материал подошвы обуви': 'croslite', 'Пол': 'Женский', 'Состав': 'croslite 100%', 'Материал стельки': 'EVA', 'Коллекция': 'Весна-Лето 2023', 'Страна производства': 'Индонезия', 'Комплектация': 'Сабо 1 пара', 'Дата регистрации сертификата/декларации': '22.12.2023', 'Ширина упаковки': '20 см', 'Номер декларации соответствия': 'ЕАЭС N RU Д-NL.РА10.В.69016/23', 'Цвет': 'зеленый', 'ТНВЭД': '6401929000', 'Высота упаковки': '20 см', 'Дата окончания действия сертификата/декларации': '21.12.2026'} {'Российский размер 42-43/10-12': '(42-43)', 'Российский размер 44': '(Размер производителя: 44/11, EU размер: 45-46. Длина стопы, в см: 28-28. )', 'Российский размер 39-40': '(Размер производителя: 39-40/7-9, EU размер: 39-40. Длина стопы, в см: 24.6-24.6. )', 'Российский размер 46': '(Размер производителя: 46/13, EU размер: 48-49. Длина стопы, в см: 29.7-29.7. )', 'Российский размер 36-37': '(Размер производителя: 36-37/4-6, Длина стопы, в см: 22.8-22.8. EU размер: 36-37. )', 'Российский размер 37-38': '(Размер производителя: 37-38/5-7, EU размер: 37-38. Длина стопы, в см: 23.3-23.3. )', 'Российский размер 45': '(Размер производителя: 45/12, EU размер: 46-47. Длина стопы, в см: 28.8-28.8. )', 'Российский размер 38-39': '(Размер производителя: 38-39/6-8, Длина стопы, в см: 24.2-24.2. EU размер: 38-39. )', 'Российский размер 40-41': '(Размер производителя: 40-41/8-10, EU размер: 41-42. Длина стопы, в см: 25.5-25.5. )', 'Российский размер 41-42': '(Размер производителя: 41-42/9-11, Длина стопы, в см: 26.3-26.3. EU размер: 41-42. )'} Сабо летние взрослые. Стильные сабо CROCS Classic известны высоким уровнем удобства и пользуются популярностью по всему миру. Материал Croslite обеспечивает комфорт на протяжении всего дня. Удобство в каждом шаге, универсальный дизайн и легкость обуви позволяют носить ее в офисе, дома, на улице. Узнаваемый стиль и практичность в одном флаконе. У компании Crocs фабрики обуви расположены в нескольких странах, например, в таких как Китай, Индонезия, Вьетнам и Босния. Технология производства на всех фабриках одинаковая.","Здравствуйте! Добавляйте в лист ожидания чтобы не пропустить. Мы предлагаем Вам обратить внимание на аналоги, которые также представлены в нашем ассортименте. Приятных покупок!",0
170215570,Добрый день! Когда появиться вся сетка размеров с  артикулом  170215570?,"{'Цвет': 'черный', 'Состав': 'вискоза 32%, полиэстер 65%, эластан 3%', 'ТНВЭД': '6204699000', 'Назначение': 'офис', 'Вид застежки': 'молния', 'Комплектация': 'Брюки женские классические', 'Высота упаковки': '4 см', 'Рост модели на фото': '170 см', 'Модель брюк': 'прямые', 'Тип посадки': 'высокая', 'Особенности модели': 'ткань Турция', 'Размер на модели': '46', 'Пол': 'Женский', 'Сезон': 'демисезон', 'Рисунок': 'нет', 'Тип ростовки': 'для высоких', 'Страна производства': 'Беларусь', 'Фактура материала': 'текстильный', 'Декоративные элементы': 'без ремня', 'Тип карманов': 'прорезные', 'Длина упаковки': '39 см', 'Ширина упаковки': '31 см'} {'Российский размер 56-170': 'Обхват бедер, в см 116-120, Обхват талии, в см 90-94, Рост, см 170-176', 'Российский размер 44-158': 'Обхват бедер, в см 94-98, Обхват талии, в см 66-70, Рост, см 158-164', 'Российский размер 44': 'Обхват бедер, в см 94-98, Обхват талии, в см 66-70', 'Российский размер 44-170': 'Обхват бедер, в см 94-98, Обхват талии, в см 66-70, Рост, см 170-176', 'Российский размер 46-158': 'Обхват бедер, в см 98-102, Обхват талии, в см 70-74, Рост, см 158-164', 'Российский размер 46': 'Обхват бедер, в см 98-102, Обхват талии, в см 70-74', 'Российский размер 46-170': 'Обхват бедер, в см 98-102, Обхват талии, в см 70-74, Рост, см 170-176', 'Российский размер 48-158': 'Обхват бедер, в см 102-104, Обхват талии, в см 74-78, Рост, см 158-164', 'Российский размер 48': 'Обхват бедер, в см 100-104, Обхват талии, в см 82-86', 'Российский размер 48-170': 'Обхват бедер, в см 102-104, Обхват талии, в см 74-78, Рост, см 170-176', 'Российский размер 50-158': 'Обхват бедер, в см 104-108, Обхват талии, в см 78-82, Рост, см 158-164', 'Российский размер 50': 'Обхват бедер, в см 104-108, Обхват талии, в см 86-90', 'Российский размер 50-170': 'Обхват бедер, в см 104-108, Обхват талии, в см 78-82, Рост, см 170-176', 'Российский размер 52-158': 'Обхват бедер, в см 108-112, Обхват талии, в см 82-86, Рост, см 158-164', 'Российский размер 52': 'Обхват бедер, в см 108-112, Обхват талии, в см 82-86', 'Российский размер 52-170': 'Обхват бедер, в см 108-112, Обхват талии, в см 82-86, Рост, см 170-176', 'Российский размер 54-158': 'Обхват бедер, в см 112-116, Обхват талии, в см 86-90, Рост, см 158-164', 'Российский размер 54': 'Обхват бедер, в см 112-116, Обхват талии, в см 86-90', 'Российский размер 54-170': 'Обхват бедер, в см 112-116, Обхват талии, в см 86-90, Рост, см 170-176', 'Российский размер 56-158': 'Обхват бедер, в см 116-120, Обхват талии, в см 90-94, Рост, см 158-164', 'Российский размер 56': 'Обхват бедер, в см 116-120, Обхват талии, в см 90-94'} Брюки классические в клетку. Классические женские брюки прямого кроя, зауженные к низу. Ремень в комплект не входит. Посадка средняя. Две ростовки. Брюки женские в клетку выполнены на плотной костюмной ткани со стрейчем. Ткань наилучшим образом подходит для интенсивной эксплуатации без потери своих потребительских свойств: материал не пилингуется, хорошо стирается и гладится. Собственная фабрика в Республике Беларусь гарантирует высокое качество пошива. Брюки женские офисные на притачном поясе, со шлёвками под ремень; застегиваются на молнию и пуговицу. По бокам изделия карманы с отрезным бочком, имитация прорезного кармана сзади. Подходят для осени, умеренной зимы. Ткани только производства Турция. Белорусская одежда для женщин.",Здравствуйте! На данный момент доступен весь размерный ряд в данной расцветке.,0
170215570,"Удивительно а когда же товар появится в наличии? Как раз такие оповещения получают продавцы после прод_ижения в наших источниках, 55000 активных покупателей ВБ просто напросто сметают с полок все остатки под ноль и 159 + отзывов это подтверждают. Помогаем сейлерам с 19 марта 2020 г. сведения в Tел.граме;-Aleksaswb","{'Цвет': 'черный', 'Состав': 'вискоза 32%, полиэстер 65%, эластан 3%', 'ТНВЭД': '6204699000', 'Назначение': 'офис', 'Вид застежки': 'молния', 'Комплектация': 'Брюки женские классические', 'Высота упаковки': '4 см', 'Рост модели на фото': '170 см', 'Модель брюк': 'прямые', 'Тип посадки': 'высокая', 'Особенности модели': 'ткань Турция', 'Размер на модели': '46', 'Пол': 'Женский', 'Сезон': 'демисезон', 'Рисунок': 'нет', 'Тип ростовки': 'для высоких', 'Страна производства': 'Беларусь', 'Фактура материала': 'текстильный', 'Декоративные элементы': 'без ремня', 'Тип карманов': 'прорезные', 'Длина упаковки': '39 см', 'Ширина упаковки': '31 см'} {'Российский размер 56-170': 'Обхват бедер, в см 116-120, Обхват талии, в см 90-94, Рост, см 170-176', 'Российский размер 44-158': 'Обхват бедер, в см 94-98, Обхват талии, в см 66-70, Рост, см 158-164', 'Российский размер 44': 'Обхват бедер, в см 94-98, Обхват талии, в см 66-70', 'Российский размер 44-170': 'Обхват бедер, в см 94-98, Обхват талии, в см 66-70, Рост, см 170-176', 'Российский размер 46-158': 'Обхват бедер, в см 98-102, Обхват талии, в см 70-74, Рост, см 158-164', 'Российский размер 46': 'Обхват бедер, в см 98-102, Обхват талии, в см 70-74', 'Российский размер 46-170': 'Обхват бедер, в см 98-102, Обхват талии, в см 70-74, Рост, см 170-176', 'Российский размер 48-158': 'Обхват бедер, в см 102-104, Обхват талии, в см 74-78, Рост, см 158-164', 'Российский размер 48': 'Обхват бедер, в см 100-104, Обхват талии, в см 82-86', 'Российский размер 48-170': 'Обхват бедер, в см 102-104, Обхват талии, в см 74-78, Рост, см 170-176', 'Российский размер 50-158': 'Обхват бедер, в см 104-108, Обхват талии, в см 78-82, Рост, см 158-164', 'Российский размер 50': 'Обхват бедер, в см 104-108, Обхват талии, в см 86-90', 'Российский размер 50-170': 'Обхват бедер, в см 104-108, Обхват талии, в см 78-82, Рост, см 170-176', 'Российский размер 52-158': 'Обхват бедер, в см 108-112, Обхват талии, в см 82-86, Рост, см 158-164', 'Российский размер 52': 'Обхват бедер, в см 108-112, Обхват талии, в см 82-86', 'Российский размер 52-170': 'Обхват бедер, в см 108-112, Обхват талии, в см 82-86, Рост, см 170-176', 'Российский размер 54-158': 'Обхват бедер, в см 112-116, Обхват талии, в см 86-90, Рост, см 158-164', 'Российский размер 54': 'Обхват бедер, в см 112-116, Обхват талии, в см 86-90', 'Российский размер 54-170': 'Обхват бедер, в см 112-116, Обхват талии, в см 86-90, Рост, см 170-176', 'Российский размер 56-158': 'Обхват бедер, в см 116-120, Обхват талии, в см 90-94, Рост, см 158-164', 'Российский размер 56': 'Обхват бедер, в см 116-120, Обхват талии, в см 90-94'} Брюки классические в клетку. Классические женские брюки прямого кроя, зауженные к низу. Ремень в комплект не входит. Посадка средняя. Две ростовки. Брюки женские в клетку выполнены на плотной костюмной ткани со стрейчем. Ткань наилучшим образом подходит для интенсивной эксплуатации без потери своих потребительских свойств: материал не пилингуется, хорошо стирается и гладится. Собственная фабрика в Республике Беларусь гарантирует высокое качество пошива. Брюки женские офисные на притачном поясе, со шлёвками под ремень; застегиваются на молнию и пуговицу. По бокам изделия карманы с отрезным бочком, имитация прорезного кармана сзади. Подходят для осени, умеренной зимы. Ткани только производства Турция. Белорусская одежда для женщин.",спам,0
17780900,скажите есть птичка на ветке под соль.,"{'Страна производства': 'Китай', 'Ставка НДС': '20', 'Комплектация': 'Ложка - 1 шт', 'Объем (мл)': '620 мл', 'Дата окончания действия сертификата/декларации': '12.09.2026', 'Ширина предмета': '12 см', 'Рисунок': 'абстракция', 'Назначение посуды': 'для сахара', 'Дата регистрации сертификата/декларации': '13.09.2023', 'Ширина упаковки': '13 см', 'Повод': 'день рождения', 'Цвет': 'белый', 'Диаметр предмета': '12 см', 'Номер декларации соответствия': 'РОСС RU Д-CN.РА01.В.35774/23', 'Высота предмета': '12 см', 'Глубина предмета': '12 см', 'Материал посуды': 'фарфор', 'Количество предметов в упаковке': '1 шт.', 'Длина упаковки': '12 см', 'Высота упаковки': '12 см', 'Вес товара с упаковкой (г)': '560 г', 'Назначение подарка': 'подруге', 'Декоративные элементы': 'Рельефный узор', 'Форма посуды': 'круглая', 'Особенности посуды': '12х12х12 см.'}  Сахарница серии ""Птички на ветке"" с крышкой и ложкой, 620 мл. Сахарница серии ""Птички на ветке"" объемом 620 мл имеет деревянную крышку, фарфоровую ложку и деревянную подставку. Подойдет для хранения и красивой подачи сахара, меда, чая и многих других продуктов. Набор выполнен из высококачественного фарфора и натурального бамбука. Сахарница украшена рельефными изображениями птичек и растительными орнаментами. У сахарницы широкое горло, которое удобно мыть, а бамбуковая крышка не позволит сахару намокнуть. Деревянные детали набора нельзя использовать в микроволновой печи и посудомоечной машине. Размер набора 12х12х12 см. Поставляется в яркой картонной упаковке. Сахарница из серии посуды ""Птички на ветке"" сможет стать настоящим украшением кухни или приятным подарком для ваших родных и близких.",Добрый день! Можем предложить вам перечницу и солонку в виде птичек по артикулу 4581562. Благодарим за интерес к нашей продукции. Приятных покупок!,0
17780900,"хочу заказать сахарницу но боюсь,почему они у вас в безобразном состояние приходят,один сплошной брак почему не  проверяет товар.","{'Страна производства': 'Китай', 'Ставка НДС': '20', 'Комплектация': 'Ложка - 1 шт', 'Объем (мл)': '620 мл', 'Дата окончания действия сертификата/декларации': '12.09.2026', 'Ширина предмета': '12 см', 'Рисунок': 'абстракция', 'Назначение посуды': 'для сахара', 'Дата регистрации сертификата/декларации': '13.09.2023', 'Ширина упаковки': '13 см', 'Повод': 'день рождения', 'Цвет': 'белый', 'Диаметр предмета': '12 см', 'Номер декларации соответствия': 'РОСС RU Д-CN.РА01.В.35774/23', 'Высота предмета': '12 см', 'Глубина предмета': '12 см', 'Материал посуды': 'фарфор', 'Количество предметов в упаковке': '1 шт.', 'Длина упаковки': '12 см', 'Высота упаковки': '12 см', 'Вес товара с упаковкой (г)': '560 г', 'Назначение подарка': 'подруге', 'Декоративные элементы': 'Рельефный узор', 'Форма посуды': 'круглая', 'Особенности посуды': '12х12х12 см.'}  Сахарница серии ""Птички на ветке"" с крышкой и ложкой, 620 мл. Сахарница серии ""Птички на ветке"" объемом 620 мл имеет деревянную крышку, фарфоровую ложку и деревянную подставку. Подойдет для хранения и красивой подачи сахара, меда, чая и многих других продуктов. Набор выполнен из высококачественного фарфора и натурального бамбука. Сахарница украшена рельефными изображениями птичек и растительными орнаментами. У сахарницы широкое горло, которое удобно мыть, а бамбуковая крышка не позволит сахару намокнуть. Деревянные детали набора нельзя использовать в микроволновой печи и посудомоечной машине. Размер набора 12х12х12 см. Поставляется в яркой картонной упаковке. Сахарница из серии посуды ""Птички на ветке"" сможет стать настоящим украшением кухни или приятным подарком для ваших родных и близких.","Добрый день! Спасибо за обратную связь, это помогает следить за качеством нашей продукции и её упаковки. Именно благодаря нашим покупателям мы выявили, что несколько наших поставщиков стали недостаточно тщательно упаковывать товар, а некоторый товар поставлять и вовсе без упаковки! Теперь продукция проходит дополнительную упаковку на нашем складе. К сожалению, на складе WildBerries ещё может остаться товар без дополнительной упаковки и некоторое время может попадаться что-то битое. Мы бросили все силы на устранение недочетов упаковки и надеемся решить эту проблему в максимально короткие сроки, несмотря на наш большой ассортимент. Спасибо, что нашли время для отзыва. Надеемся, ваше знакомство с нашим брендом продолжится в положительном ключе.",0
221737249,здравствуйте! когда будет в наличии полный курс 2+ ?,"{'Высота предмета': '29.7 см', 'Языки': 'русский', 'Количество страниц': '412 страниц', 'Дата окончания действия сертификата/декларации': '19.01.2028', 'Вес товара без упаковки (г)': '2530 г', 'Высота упаковки': '11 см', 'Назначение подарка': 'для ребенка', 'Глубина предмета': '10.3 см', 'Жанры/тематика': 'Познавательная литература', 'Редакция': 'Образовательные проекты', 'Возрастные ограничения': '2+', 'Наименование книги': 'ШСГ комплект. Базовый курс + Активити + Мастерские 2+', 'Дата регистрации сертификата/декларации': '20.01.2023', 'Комплектация': 'книги', 'Серия': 'Развивающие занятия для малышей', 'Длина упаковки': '30 см', 'ISBN': '9785431540936', 'Ширина упаковки': '22 см', 'Обложка': 'картонная коробка', 'Автор': 'Денисова Дарья', 'Ставка НДС': '10', 'Вид бумаги': 'офсетная', 'Цикл': 'Развитие дошкольника', 'Год выпуска': '2024', 'Повод': 'день рождения', 'Иллюстратор': 'коллектив иллюстраторов', 'Тип книги': 'новая', 'Страна производства': 'Россия', 'Номер декларации соответствия': 'ЕАЭС N RU Д-RU.РА01.В.26724/23', 'Ширина предмета': '21.5 см', 'Вес товара с упаковкой (г)': '2532 г'}  Набор книги для детей развивашки 2+. В данный комплект ""Школа Семи Гномов 2+"" входит три набора для детей от 2 до 3 лет: 1. Базовый курс ""Окружающий мир"". Он состоит из 6 книг (""В деревне"", ""В лесу"", ""В зоопарке"", ""Транспорт"", ""Какие бывают профессии"", ""Хорошо и плохо"") и развивающих материалов, которые познакомят ребенка с миром природы и людей, а также с его собственным внутренним миром. Также в комплект входит базовый курс ""Когнитивное развитие"", состоящий из 6 книг (""Времена года"", ""Азбука для малышей"", ""Первый счет"", ""Первый словарик"", ""Развитие мышления"", ""Мелкая моторика"") и развивающих игр, которые направлены на развитие у ребенка познавательного интереса, умения думать, анализировать, делать выводы. 2. ""Активити с наклейками"" для закрепления знаний. В этот набор входят 4 книги («Окружающий мир», «Счет, форма, величина», «Логика, мышление» и «Развитие речи») с многоразовыми наклейками и родительская страничка (в каждой книге). Также есть дополнительный лист с поощрительными стикерами и футляр для удобного хранения книг. 3. ""Мастерская"" - книги для развития творческого потенциала. Они включают в себя рисование карандашами, рисование красками, лепку, аппликацию и декоративное творчество. Школа Семи Гномов – это система, а не набор книг. Она выстроена таким образом, чтобы ребёнок получил необходимые знания в правильный момент. Поэтому все книги в Школе Семи Гномов имеют четкую возрастную адресацию и разработаны строго с учетом возрастных возможностей ребенка. Но самое важное, чтобы занятия с ребенком давали результат и приносили радость. Поэтому все задания выстроены от простого к сложному и следуют принципу «развитие через игру». Заниматься с ребенком может любой взрослый, специальных знаний и опыта не требуется. Родительская страничка в каждой книге подскажет, что, как и почему нужно развивать в данном возрасте. А еще в Школе Семи Гномов очень сложно заблудиться, ведь каждому возрасту соответствует свой цвет и свой герой. В течение всего обучения ребенка сопровождают семь Гномов – персонажи, списанные с детей соответствующего возраста. Двухлетнего ребенка сопровождает голубой цвет и гномик Пончик. Двухлетний ребенок – неутомимый исследователь. На третьем году жизни продолжается интенсивное развитие психической и умственной сфер ребенка. Упражнения для детей от двух до трех лет соответствуют занятиям в ясельной группе детского сада. Задания в книжках сделаны специально для малышей от 2 до 3 лет. Школа семи гномов – это самая популярная домашняя система образования от рождения до школы. Занятия направлены на изучение грамоты, формирование внимания, логического мышления и речевого развития у дошколят. Активити – это интересные задачи и развивашки с наклейками, тренерующие память, логику и речь через игру. Мастерские - это альбомы с интересными заданиями по рисованию, лепке и другим видам творчества. Благодаря данным рисовашкам малыш научится делать поделки и рисовать. Годовой курс занятий (12 книжек) обучит системному мышлению. Данные комплекты стимулируют раннее развитие, а обучающие программы в них соответствуют стандартам ФГОС. Занимательные сборники позволят ребенку изучать окружающий мир, а наборы мастерских – творчески развиваться. «Мозаика kids» — ведущий создатель книг для детей дошкольного возраста. Мы привносим в жизнь ребят и их родителей радость обучения и воспитания. Наша деятельность охватывает развитие и образование маленьких детей. Бренд предлагает богатый выбор детских книг, благодаря которым ребенок познакомится с алфавитом, изучит буквы и цифры, будет развивать моторику и логику, научится решать развивающие головоломки. Все задания сделаны в игровой форме. Для девочек и мальчиков, малышей и дошкольников мы создаем книжки по математике, окружающему миру и т.д. Наша продукция подарочного и познавательного характера — отличный выбор для подарка. Полезным инструментом для воспитателей и родителей будут наши пособия, ведь они охватывают все аспекты развития — от эмоционального восприятия до навыков самостоятельного чтения по слогам, счета и творческого саморазвития.","Добрый день! Артикул 221737249 уже в наличии. С уважением, МОЗАИКА-СИНТЕЗ",0
221737249,"в отзывах пишут,что бывает одинаковые книги приходят .Как быть если я полный комплект закажу ,а там окажется одинаковые книги .Вы можете все проконтролировать все таки цена высокая ,это не 1000 руб","{'Высота предмета': '29.7 см', 'Языки': 'русский', 'Количество страниц': '412 страниц', 'Дата окончания действия сертификата/декларации': '19.01.2028', 'Вес товара без упаковки (г)': '2530 г', 'Высота упаковки': '11 см', 'Назначение подарка': 'для ребенка', 'Глубина предмета': '10.3 см', 'Жанры/тематика': 'Познавательная литература', 'Редакция': 'Образовательные проекты', 'Возрастные ограничения': '2+', 'Наименование книги': 'ШСГ комплект. Базовый курс + Активити + Мастерские 2+', 'Дата регистрации сертификата/декларации': '20.01.2023', 'Комплектация': 'книги', 'Серия': 'Развивающие занятия для малышей', 'Длина упаковки': '30 см', 'ISBN': '9785431540936', 'Ширина упаковки': '22 см', 'Обложка': 'картонная коробка', 'Автор': 'Денисова Дарья', 'Ставка НДС': '10', 'Вид бумаги': 'офсетная', 'Цикл': 'Развитие дошкольника', 'Год выпуска': '2024', 'Повод': 'день рождения', 'Иллюстратор': 'коллектив иллюстраторов', 'Тип книги': 'новая', 'Страна производства': 'Россия', 'Номер декларации соответствия': 'ЕАЭС N RU Д-RU.РА01.В.26724/23', 'Ширина предмета': '21.5 см', 'Вес товара с упаковкой (г)': '2532 г'}  Набор книги для детей развивашки 2+. В данный комплект ""Школа Семи Гномов 2+"" входит три набора для детей от 2 до 3 лет: 1. Базовый курс ""Окружающий мир"". Он состоит из 6 книг (""В деревне"", ""В лесу"", ""В зоопарке"", ""Транспорт"", ""Какие бывают профессии"", ""Хорошо и плохо"") и развивающих материалов, которые познакомят ребенка с миром природы и людей, а также с его собственным внутренним миром. Также в комплект входит базовый курс ""Когнитивное развитие"", состоящий из 6 книг (""Времена года"", ""Азбука для малышей"", ""Первый счет"", ""Первый словарик"", ""Развитие мышления"", ""Мелкая моторика"") и развивающих игр, которые направлены на развитие у ребенка познавательного интереса, умения думать, анализировать, делать выводы. 2. ""Активити с наклейками"" для закрепления знаний. В этот набор входят 4 книги («Окружающий мир», «Счет, форма, величина», «Логика, мышление» и «Развитие речи») с многоразовыми наклейками и родительская страничка (в каждой книге). Также есть дополнительный лист с поощрительными стикерами и футляр для удобного хранения книг. 3. ""Мастерская"" - книги для развития творческого потенциала. Они включают в себя рисование карандашами, рисование красками, лепку, аппликацию и декоративное творчество. Школа Семи Гномов – это система, а не набор книг. Она выстроена таким образом, чтобы ребёнок получил необходимые знания в правильный момент. Поэтому все книги в Школе Семи Гномов имеют четкую возрастную адресацию и разработаны строго с учетом возрастных возможностей ребенка. Но самое важное, чтобы занятия с ребенком давали результат и приносили радость. Поэтому все задания выстроены от простого к сложному и следуют принципу «развитие через игру». Заниматься с ребенком может любой взрослый, специальных знаний и опыта не требуется. Родительская страничка в каждой книге подскажет, что, как и почему нужно развивать в данном возрасте. А еще в Школе Семи Гномов очень сложно заблудиться, ведь каждому возрасту соответствует свой цвет и свой герой. В течение всего обучения ребенка сопровождают семь Гномов – персонажи, списанные с детей соответствующего возраста. Двухлетнего ребенка сопровождает голубой цвет и гномик Пончик. Двухлетний ребенок – неутомимый исследователь. На третьем году жизни продолжается интенсивное развитие психической и умственной сфер ребенка. Упражнения для детей от двух до трех лет соответствуют занятиям в ясельной группе детского сада. Задания в книжках сделаны специально для малышей от 2 до 3 лет. Школа семи гномов – это самая популярная домашняя система образования от рождения до школы. Занятия направлены на изучение грамоты, формирование внимания, логического мышления и речевого развития у дошколят. Активити – это интересные задачи и развивашки с наклейками, тренерующие память, логику и речь через игру. Мастерские - это альбомы с интересными заданиями по рисованию, лепке и другим видам творчества. Благодаря данным рисовашкам малыш научится делать поделки и рисовать. Годовой курс занятий (12 книжек) обучит системному мышлению. Данные комплекты стимулируют раннее развитие, а обучающие программы в них соответствуют стандартам ФГОС. Занимательные сборники позволят ребенку изучать окружающий мир, а наборы мастерских – творчески развиваться. «Мозаика kids» — ведущий создатель книг для детей дошкольного возраста. Мы привносим в жизнь ребят и их родителей радость обучения и воспитания. Наша деятельность охватывает развитие и образование маленьких детей. Бренд предлагает богатый выбор детских книг, благодаря которым ребенок познакомится с алфавитом, изучит буквы и цифры, будет развивать моторику и логику, научится решать развивающие головоломки. Все задания сделаны в игровой форме. Для девочек и мальчиков, малышей и дошкольников мы создаем книжки по математике, окружающему миру и т.д. Наша продукция подарочного и познавательного характера — отличный выбор для подарка. Полезным инструментом для воспитателей и родителей будут наши пособия, ведь они охватывают все аспекты развития — от эмоционального восприятия до навыков самостоятельного чтения по слогам, счета и творческого саморазвития.","Добрый день. Данный раздел предназначен для вопросов о товаре и их свойствах, на которые отвечает поставщик. По вопросам оплаты/отмены заказа вам необходимо обратиться в клиентскую службу интернет-магазина через раздел ""Обращения"" личного кабинета. Искренне надеемся, что ваша проблема будет решена в ближайшее время. С уважением, МОЗАИКА-СИНТЕЗ",0
221737249,"Здравствуйте, сделала заказ 20 апреля , заказала набор книг ( где мастреская , книги с наклейками и два базовых курса разных ) В итоге пришли 2 одинаковых базовых набора ( мир природы, мир людей и мой мир ), а другого базового курса нет , все остальное пришло , как надо )Отправила заявку проодавцу на возбрат товара ( отказ ) , вторая заявка уже неделю на расмотрении , писала на почту , ответа нет … как мне обменять товар или вернуть деньги .Менеджер валдбериз  сказал , чтобы я с продавцом решала этот вопрос .","{'Высота предмета': '29.7 см', 'Языки': 'русский', 'Количество страниц': '412 страниц', 'Дата окончания действия сертификата/декларации': '19.01.2028', 'Вес товара без упаковки (г)': '2530 г', 'Высота упаковки': '11 см', 'Назначение подарка': 'для ребенка', 'Глубина предмета': '10.3 см', 'Жанры/тематика': 'Познавательная литература', 'Редакция': 'Образовательные проекты', 'Возрастные ограничения': '2+', 'Наименование книги': 'ШСГ комплект. Базовый курс + Активити + Мастерские 2+', 'Дата регистрации сертификата/декларации': '20.01.2023', 'Комплектация': 'книги', 'Серия': 'Развивающие занятия для малышей', 'Длина упаковки': '30 см', 'ISBN': '9785431540936', 'Ширина упаковки': '22 см', 'Обложка': 'картонная коробка', 'Автор': 'Денисова Дарья', 'Ставка НДС': '10', 'Вид бумаги': 'офсетная', 'Цикл': 'Развитие дошкольника', 'Год выпуска': '2024', 'Повод': 'день рождения', 'Иллюстратор': 'коллектив иллюстраторов', 'Тип книги': 'новая', 'Страна производства': 'Россия', 'Номер декларации соответствия': 'ЕАЭС N RU Д-RU.РА01.В.26724/23', 'Ширина предмета': '21.5 см', 'Вес товара с упаковкой (г)': '2532 г'}  Набор книги для детей развивашки 2+. В данный комплект ""Школа Семи Гномов 2+"" входит три набора для детей от 2 до 3 лет: 1. Базовый курс ""Окружающий мир"". Он состоит из 6 книг (""В деревне"", ""В лесу"", ""В зоопарке"", ""Транспорт"", ""Какие бывают профессии"", ""Хорошо и плохо"") и развивающих материалов, которые познакомят ребенка с миром природы и людей, а также с его собственным внутренним миром. Также в комплект входит базовый курс ""Когнитивное развитие"", состоящий из 6 книг (""Времена года"", ""Азбука для малышей"", ""Первый счет"", ""Первый словарик"", ""Развитие мышления"", ""Мелкая моторика"") и развивающих игр, которые направлены на развитие у ребенка познавательного интереса, умения думать, анализировать, делать выводы. 2. ""Активити с наклейками"" для закрепления знаний. В этот набор входят 4 книги («Окружающий мир», «Счет, форма, величина», «Логика, мышление» и «Развитие речи») с многоразовыми наклейками и родительская страничка (в каждой книге). Также есть дополнительный лист с поощрительными стикерами и футляр для удобного хранения книг. 3. ""Мастерская"" - книги для развития творческого потенциала. Они включают в себя рисование карандашами, рисование красками, лепку, аппликацию и декоративное творчество. Школа Семи Гномов – это система, а не набор книг. Она выстроена таким образом, чтобы ребёнок получил необходимые знания в правильный момент. Поэтому все книги в Школе Семи Гномов имеют четкую возрастную адресацию и разработаны строго с учетом возрастных возможностей ребенка. Но самое важное, чтобы занятия с ребенком давали результат и приносили радость. Поэтому все задания выстроены от простого к сложному и следуют принципу «развитие через игру». Заниматься с ребенком может любой взрослый, специальных знаний и опыта не требуется. Родительская страничка в каждой книге подскажет, что, как и почему нужно развивать в данном возрасте. А еще в Школе Семи Гномов очень сложно заблудиться, ведь каждому возрасту соответствует свой цвет и свой герой. В течение всего обучения ребенка сопровождают семь Гномов – персонажи, списанные с детей соответствующего возраста. Двухлетнего ребенка сопровождает голубой цвет и гномик Пончик. Двухлетний ребенок – неутомимый исследователь. На третьем году жизни продолжается интенсивное развитие психической и умственной сфер ребенка. Упражнения для детей от двух до трех лет соответствуют занятиям в ясельной группе детского сада. Задания в книжках сделаны специально для малышей от 2 до 3 лет. Школа семи гномов – это самая популярная домашняя система образования от рождения до школы. Занятия направлены на изучение грамоты, формирование внимания, логического мышления и речевого развития у дошколят. Активити – это интересные задачи и развивашки с наклейками, тренерующие память, логику и речь через игру. Мастерские - это альбомы с интересными заданиями по рисованию, лепке и другим видам творчества. Благодаря данным рисовашкам малыш научится делать поделки и рисовать. Годовой курс занятий (12 книжек) обучит системному мышлению. Данные комплекты стимулируют раннее развитие, а обучающие программы в них соответствуют стандартам ФГОС. Занимательные сборники позволят ребенку изучать окружающий мир, а наборы мастерских – творчески развиваться. «Мозаика kids» — ведущий создатель книг для детей дошкольного возраста. Мы привносим в жизнь ребят и их родителей радость обучения и воспитания. Наша деятельность охватывает развитие и образование маленьких детей. Бренд предлагает богатый выбор детских книг, благодаря которым ребенок познакомится с алфавитом, изучит буквы и цифры, будет развивать моторику и логику, научится решать развивающие головоломки. Все задания сделаны в игровой форме. Для девочек и мальчиков, малышей и дошкольников мы создаем книжки по математике, окружающему миру и т.д. Наша продукция подарочного и познавательного характера — отличный выбор для подарка. Полезным инструментом для воспитателей и родителей будут наши пособия, ведь они охватывают все аспекты развития — от эмоционального восприятия до навыков самостоятельного чтения по слогам, счета и творческого саморазвития.","Добрый день! Сожалеем о случившемся. Возврат одобрили. Со своей стороны мы приложим все усилия, чтобы такого больше не повторилось. Будем ждать Вас снова! С уважением, МОЗАИКА-СИНТЕЗ",0
221737249,А если у вас скидки на весь набор и когда они будут? очень хочется преобрести весь курс,"{'Высота предмета': '29.7 см', 'Языки': 'русский', 'Количество страниц': '412 страниц', 'Дата окончания действия сертификата/декларации': '19.01.2028', 'Вес товара без упаковки (г)': '2530 г', 'Высота упаковки': '11 см', 'Назначение подарка': 'для ребенка', 'Глубина предмета': '10.3 см', 'Жанры/тематика': 'Познавательная литература', 'Редакция': 'Образовательные проекты', 'Возрастные ограничения': '2+', 'Наименование книги': 'ШСГ комплект. Базовый курс + Активити + Мастерские 2+', 'Дата регистрации сертификата/декларации': '20.01.2023', 'Комплектация': 'книги', 'Серия': 'Развивающие занятия для малышей', 'Длина упаковки': '30 см', 'ISBN': '9785431540936', 'Ширина упаковки': '22 см', 'Обложка': 'картонная коробка', 'Автор': 'Денисова Дарья', 'Ставка НДС': '10', 'Вид бумаги': 'офсетная', 'Цикл': 'Развитие дошкольника', 'Год выпуска': '2024', 'Повод': 'день рождения', 'Иллюстратор': 'коллектив иллюстраторов', 'Тип книги': 'новая', 'Страна производства': 'Россия', 'Номер декларации соответствия': 'ЕАЭС N RU Д-RU.РА01.В.26724/23', 'Ширина предмета': '21.5 см', 'Вес товара с упаковкой (г)': '2532 г'}  Набор книги для детей развивашки 2+. В данный комплект ""Школа Семи Гномов 2+"" входит три набора для детей от 2 до 3 лет: 1. Базовый курс ""Окружающий мир"". Он состоит из 6 книг (""В деревне"", ""В лесу"", ""В зоопарке"", ""Транспорт"", ""Какие бывают профессии"", ""Хорошо и плохо"") и развивающих материалов, которые познакомят ребенка с миром природы и людей, а также с его собственным внутренним миром. Также в комплект входит базовый курс ""Когнитивное развитие"", состоящий из 6 книг (""Времена года"", ""Азбука для малышей"", ""Первый счет"", ""Первый словарик"", ""Развитие мышления"", ""Мелкая моторика"") и развивающих игр, которые направлены на развитие у ребенка познавательного интереса, умения думать, анализировать, делать выводы. 2. ""Активити с наклейками"" для закрепления знаний. В этот набор входят 4 книги («Окружающий мир», «Счет, форма, величина», «Логика, мышление» и «Развитие речи») с многоразовыми наклейками и родительская страничка (в каждой книге). Также есть дополнительный лист с поощрительными стикерами и футляр для удобного хранения книг. 3. ""Мастерская"" - книги для развития творческого потенциала. Они включают в себя рисование карандашами, рисование красками, лепку, аппликацию и декоративное творчество. Школа Семи Гномов – это система, а не набор книг. Она выстроена таким образом, чтобы ребёнок получил необходимые знания в правильный момент. Поэтому все книги в Школе Семи Гномов имеют четкую возрастную адресацию и разработаны строго с учетом возрастных возможностей ребенка. Но самое важное, чтобы занятия с ребенком давали результат и приносили радость. Поэтому все задания выстроены от простого к сложному и следуют принципу «развитие через игру». Заниматься с ребенком может любой взрослый, специальных знаний и опыта не требуется. Родительская страничка в каждой книге подскажет, что, как и почему нужно развивать в данном возрасте. А еще в Школе Семи Гномов очень сложно заблудиться, ведь каждому возрасту соответствует свой цвет и свой герой. В течение всего обучения ребенка сопровождают семь Гномов – персонажи, списанные с детей соответствующего возраста. Двухлетнего ребенка сопровождает голубой цвет и гномик Пончик. Двухлетний ребенок – неутомимый исследователь. На третьем году жизни продолжается интенсивное развитие психической и умственной сфер ребенка. Упражнения для детей от двух до трех лет соответствуют занятиям в ясельной группе детского сада. Задания в книжках сделаны специально для малышей от 2 до 3 лет. Школа семи гномов – это самая популярная домашняя система образования от рождения до школы. Занятия направлены на изучение грамоты, формирование внимания, логического мышления и речевого развития у дошколят. Активити – это интересные задачи и развивашки с наклейками, тренерующие память, логику и речь через игру. Мастерские - это альбомы с интересными заданиями по рисованию, лепке и другим видам творчества. Благодаря данным рисовашкам малыш научится делать поделки и рисовать. Годовой курс занятий (12 книжек) обучит системному мышлению. Данные комплекты стимулируют раннее развитие, а обучающие программы в них соответствуют стандартам ФГОС. Занимательные сборники позволят ребенку изучать окружающий мир, а наборы мастерских – творчески развиваться. «Мозаика kids» — ведущий создатель книг для детей дошкольного возраста. Мы привносим в жизнь ребят и их родителей радость обучения и воспитания. Наша деятельность охватывает развитие и образование маленьких детей. Бренд предлагает богатый выбор детских книг, благодаря которым ребенок познакомится с алфавитом, изучит буквы и цифры, будет развивать моторику и логику, научится решать развивающие головоломки. Все задания сделаны в игровой форме. Для девочек и мальчиков, малышей и дошкольников мы создаем книжки по математике, окружающему миру и т.д. Наша продукция подарочного и познавательного характера — отличный выбор для подарка. Полезным инструментом для воспитателей и родителей будут наши пособия, ведь они охватывают все аспекты развития — от эмоционального восприятия до навыков самостоятельного чтения по слогам, счета и творческого саморазвития.","Здравствуйте! Мы регулярно участвуем в различных акциях. Чтобы не пропустить изменения цен на наши товары, добавьте их в избранное.

С уважением, команда «Мозаика-Синтез».",0
221737249,"в этом наборе нет концелярского набора т.е краски , карандаши ?","{'Высота предмета': '29.7 см', 'Языки': 'русский', 'Количество страниц': '412 страниц', 'Дата окончания действия сертификата/декларации': '19.01.2028', 'Вес товара без упаковки (г)': '2530 г', 'Высота упаковки': '11 см', 'Назначение подарка': 'для ребенка', 'Глубина предмета': '10.3 см', 'Жанры/тематика': 'Познавательная литература', 'Редакция': 'Образовательные проекты', 'Возрастные ограничения': '2+', 'Наименование книги': 'ШСГ комплект. Базовый курс + Активити + Мастерские 2+', 'Дата регистрации сертификата/декларации': '20.01.2023', 'Комплектация': 'книги', 'Серия': 'Развивающие занятия для малышей', 'Длина упаковки': '30 см', 'ISBN': '9785431540936', 'Ширина упаковки': '22 см', 'Обложка': 'картонная коробка', 'Автор': 'Денисова Дарья', 'Ставка НДС': '10', 'Вид бумаги': 'офсетная', 'Цикл': 'Развитие дошкольника', 'Год выпуска': '2024', 'Повод': 'день рождения', 'Иллюстратор': 'коллектив иллюстраторов', 'Тип книги': 'новая', 'Страна производства': 'Россия', 'Номер декларации соответствия': 'ЕАЭС N RU Д-RU.РА01.В.26724/23', 'Ширина предмета': '21.5 см', 'Вес товара с упаковкой (г)': '2532 г'}  Набор книги для детей развивашки 2+. В данный комплект ""Школа Семи Гномов 2+"" входит три набора для детей от 2 до 3 лет: 1. Базовый курс ""Окружающий мир"". Он состоит из 6 книг (""В деревне"", ""В лесу"", ""В зоопарке"", ""Транспорт"", ""Какие бывают профессии"", ""Хорошо и плохо"") и развивающих материалов, которые познакомят ребенка с миром природы и людей, а также с его собственным внутренним миром. Также в комплект входит базовый курс ""Когнитивное развитие"", состоящий из 6 книг (""Времена года"", ""Азбука для малышей"", ""Первый счет"", ""Первый словарик"", ""Развитие мышления"", ""Мелкая моторика"") и развивающих игр, которые направлены на развитие у ребенка познавательного интереса, умения думать, анализировать, делать выводы. 2. ""Активити с наклейками"" для закрепления знаний. В этот набор входят 4 книги («Окружающий мир», «Счет, форма, величина», «Логика, мышление» и «Развитие речи») с многоразовыми наклейками и родительская страничка (в каждой книге). Также есть дополнительный лист с поощрительными стикерами и футляр для удобного хранения книг. 3. ""Мастерская"" - книги для развития творческого потенциала. Они включают в себя рисование карандашами, рисование красками, лепку, аппликацию и декоративное творчество. Школа Семи Гномов – это система, а не набор книг. Она выстроена таким образом, чтобы ребёнок получил необходимые знания в правильный момент. Поэтому все книги в Школе Семи Гномов имеют четкую возрастную адресацию и разработаны строго с учетом возрастных возможностей ребенка. Но самое важное, чтобы занятия с ребенком давали результат и приносили радость. Поэтому все задания выстроены от простого к сложному и следуют принципу «развитие через игру». Заниматься с ребенком может любой взрослый, специальных знаний и опыта не требуется. Родительская страничка в каждой книге подскажет, что, как и почему нужно развивать в данном возрасте. А еще в Школе Семи Гномов очень сложно заблудиться, ведь каждому возрасту соответствует свой цвет и свой герой. В течение всего обучения ребенка сопровождают семь Гномов – персонажи, списанные с детей соответствующего возраста. Двухлетнего ребенка сопровождает голубой цвет и гномик Пончик. Двухлетний ребенок – неутомимый исследователь. На третьем году жизни продолжается интенсивное развитие психической и умственной сфер ребенка. Упражнения для детей от двух до трех лет соответствуют занятиям в ясельной группе детского сада. Задания в книжках сделаны специально для малышей от 2 до 3 лет. Школа семи гномов – это самая популярная домашняя система образования от рождения до школы. Занятия направлены на изучение грамоты, формирование внимания, логического мышления и речевого развития у дошколят. Активити – это интересные задачи и развивашки с наклейками, тренерующие память, логику и речь через игру. Мастерские - это альбомы с интересными заданиями по рисованию, лепке и другим видам творчества. Благодаря данным рисовашкам малыш научится делать поделки и рисовать. Годовой курс занятий (12 книжек) обучит системному мышлению. Данные комплекты стимулируют раннее развитие, а обучающие программы в них соответствуют стандартам ФГОС. Занимательные сборники позволят ребенку изучать окружающий мир, а наборы мастерских – творчески развиваться. «Мозаика kids» — ведущий создатель книг для детей дошкольного возраста. Мы привносим в жизнь ребят и их родителей радость обучения и воспитания. Наша деятельность охватывает развитие и образование маленьких детей. Бренд предлагает богатый выбор детских книг, благодаря которым ребенок познакомится с алфавитом, изучит буквы и цифры, будет развивать моторику и логику, научится решать развивающие головоломки. Все задания сделаны в игровой форме. Для девочек и мальчиков, малышей и дошкольников мы создаем книжки по математике, окружающему миру и т.д. Наша продукция подарочного и познавательного характера — отличный выбор для подарка. Полезным инструментом для воспитателей и родителей будут наши пособия, ведь они охватывают все аспекты развития — от эмоционального восприятия до навыков самостоятельного чтения по слогам, счета и творческого саморазвития.","Добрый день! В данном наборе нет канцелярии только книги. С уважением, МОЗАИКА-СИНТЕЗ",1
221737249,"Добрый день. Подскажите, пожалуйста, правильно ли я поняла: в комплект входят 12 книг с новым дизайном, игра, диплом, 4 книжки с наклейками и 5 альбомов для творчества?","{'Высота предмета': '29.7 см', 'Языки': 'русский', 'Количество страниц': '412 страниц', 'Дата окончания действия сертификата/декларации': '19.01.2028', 'Вес товара без упаковки (г)': '2530 г', 'Высота упаковки': '11 см', 'Назначение подарка': 'для ребенка', 'Глубина предмета': '10.3 см', 'Жанры/тематика': 'Познавательная литература', 'Редакция': 'Образовательные проекты', 'Возрастные ограничения': '2+', 'Наименование книги': 'ШСГ комплект. Базовый курс + Активити + Мастерские 2+', 'Дата регистрации сертификата/декларации': '20.01.2023', 'Комплектация': 'книги', 'Серия': 'Развивающие занятия для малышей', 'Длина упаковки': '30 см', 'ISBN': '9785431540936', 'Ширина упаковки': '22 см', 'Обложка': 'картонная коробка', 'Автор': 'Денисова Дарья', 'Ставка НДС': '10', 'Вид бумаги': 'офсетная', 'Цикл': 'Развитие дошкольника', 'Год выпуска': '2024', 'Повод': 'день рождения', 'Иллюстратор': 'коллектив иллюстраторов', 'Тип книги': 'новая', 'Страна производства': 'Россия', 'Номер декларации соответствия': 'ЕАЭС N RU Д-RU.РА01.В.26724/23', 'Ширина предмета': '21.5 см', 'Вес товара с упаковкой (г)': '2532 г'}  Набор книги для детей развивашки 2+. В данный комплект ""Школа Семи Гномов 2+"" входит три набора для детей от 2 до 3 лет: 1. Базовый курс ""Окружающий мир"". Он состоит из 6 книг (""В деревне"", ""В лесу"", ""В зоопарке"", ""Транспорт"", ""Какие бывают профессии"", ""Хорошо и плохо"") и развивающих материалов, которые познакомят ребенка с миром природы и людей, а также с его собственным внутренним миром. Также в комплект входит базовый курс ""Когнитивное развитие"", состоящий из 6 книг (""Времена года"", ""Азбука для малышей"", ""Первый счет"", ""Первый словарик"", ""Развитие мышления"", ""Мелкая моторика"") и развивающих игр, которые направлены на развитие у ребенка познавательного интереса, умения думать, анализировать, делать выводы. 2. ""Активити с наклейками"" для закрепления знаний. В этот набор входят 4 книги («Окружающий мир», «Счет, форма, величина», «Логика, мышление» и «Развитие речи») с многоразовыми наклейками и родительская страничка (в каждой книге). Также есть дополнительный лист с поощрительными стикерами и футляр для удобного хранения книг. 3. ""Мастерская"" - книги для развития творческого потенциала. Они включают в себя рисование карандашами, рисование красками, лепку, аппликацию и декоративное творчество. Школа Семи Гномов – это система, а не набор книг. Она выстроена таким образом, чтобы ребёнок получил необходимые знания в правильный момент. Поэтому все книги в Школе Семи Гномов имеют четкую возрастную адресацию и разработаны строго с учетом возрастных возможностей ребенка. Но самое важное, чтобы занятия с ребенком давали результат и приносили радость. Поэтому все задания выстроены от простого к сложному и следуют принципу «развитие через игру». Заниматься с ребенком может любой взрослый, специальных знаний и опыта не требуется. Родительская страничка в каждой книге подскажет, что, как и почему нужно развивать в данном возрасте. А еще в Школе Семи Гномов очень сложно заблудиться, ведь каждому возрасту соответствует свой цвет и свой герой. В течение всего обучения ребенка сопровождают семь Гномов – персонажи, списанные с детей соответствующего возраста. Двухлетнего ребенка сопровождает голубой цвет и гномик Пончик. Двухлетний ребенок – неутомимый исследователь. На третьем году жизни продолжается интенсивное развитие психической и умственной сфер ребенка. Упражнения для детей от двух до трех лет соответствуют занятиям в ясельной группе детского сада. Задания в книжках сделаны специально для малышей от 2 до 3 лет. Школа семи гномов – это самая популярная домашняя система образования от рождения до школы. Занятия направлены на изучение грамоты, формирование внимания, логического мышления и речевого развития у дошколят. Активити – это интересные задачи и развивашки с наклейками, тренерующие память, логику и речь через игру. Мастерские - это альбомы с интересными заданиями по рисованию, лепке и другим видам творчества. Благодаря данным рисовашкам малыш научится делать поделки и рисовать. Годовой курс занятий (12 книжек) обучит системному мышлению. Данные комплекты стимулируют раннее развитие, а обучающие программы в них соответствуют стандартам ФГОС. Занимательные сборники позволят ребенку изучать окружающий мир, а наборы мастерских – творчески развиваться. «Мозаика kids» — ведущий создатель книг для детей дошкольного возраста. Мы привносим в жизнь ребят и их родителей радость обучения и воспитания. Наша деятельность охватывает развитие и образование маленьких детей. Бренд предлагает богатый выбор детских книг, благодаря которым ребенок познакомится с алфавитом, изучит буквы и цифры, будет развивать моторику и логику, научится решать развивающие головоломки. Все задания сделаны в игровой форме. Для девочек и мальчиков, малышей и дошкольников мы создаем книжки по математике, окружающему миру и т.д. Наша продукция подарочного и познавательного характера — отличный выбор для подарка. Полезным инструментом для воспитателей и родителей будут наши пособия, ведь они охватывают все аспекты развития — от эмоционального восприятия до навыков самостоятельного чтения по слогам, счета и творческого саморазвития.","Добрый день! Все верно, только в данной комплектации нет диплома. С уважением, МОЗАИКА-СИНТЕЗ",1
217063998,Здравствуйте! А когда появится шампунь с кокосом и куркумой в объеме 630мл?,"{'Объем товара': '630 мл', 'Назначение косметического средства': 'для ванн и душа', 'Срок годности': '36 месяцев', 'Дата регистрации сертификата/декларации': '15.01.2023', 'Состав': 'Aqua, Sodium Laureth Sulfate, Cocamidopropyl Betaine, Cocos Nucifera (Coconut) Oil', 'Тип волос': 'для всех типов волос', 'Форма упаковки': 'без давления', 'Страна производства': 'Россия', 'Ставка НДС': '20', 'Ширина упаковки': '10 см', 'Длина упаковки': '7 см', 'Высота упаковки': '22 см', 'Действие': 'питание', 'Номер декларации соответствия': 'ЕАЭС N RU Д-RU.РА01.В.12919/23', 'Комплектация': 'Шампунь для волос женский', 'Прямые поставки от производителя': 'да', 'Раздел меню': 'Волосы', 'Упаковка': 'флакон с дозатором', 'Дата окончания действия сертификата/декларации': '01.01.2028'}  Шампунь для волос женский питательный с манго 630 мл. Для качественного ухода за сухими волосами встречайте сочную новинку Dove – шампунь Глубокое’ питание и восстановление с манго, который представлен в объеме 630 мл. Для комфортного использования флакон оснащен помпой. Ухаживающая питательная формула шампуня Dove с манго содержит 5 ингредиентов натурального происхождения: масло миндаля, экстракт манго, глицерин, масло кокоса и авокадо. Обеспечивает бережное эффективное очищение и натуральный уход: питает и восстанавливает даже очень сухие волосы без утяжеления. Мягкие и послушные волосы каждый день! Не содержит силиконов и красителей. Dove не тестирует продукты на животных во всем мире и имеет аккредитацию PETA. [']в пределах кутикулы волоса.",Отклонён,0
217063998,"Какой шампунь, из предсиавленных,  против перхоти?","{'Объем товара': '630 мл', 'Назначение косметического средства': 'для ванн и душа', 'Срок годности': '36 месяцев', 'Дата регистрации сертификата/декларации': '15.01.2023', 'Состав': 'Aqua, Sodium Laureth Sulfate, Cocamidopropyl Betaine, Cocos Nucifera (Coconut) Oil', 'Тип волос': 'для всех типов волос', 'Форма упаковки': 'без давления', 'Страна производства': 'Россия', 'Ставка НДС': '20', 'Ширина упаковки': '10 см', 'Длина упаковки': '7 см', 'Высота упаковки': '22 см', 'Действие': 'питание', 'Номер декларации соответствия': 'ЕАЭС N RU Д-RU.РА01.В.12919/23', 'Комплектация': 'Шампунь для волос женский', 'Прямые поставки от производителя': 'да', 'Раздел меню': 'Волосы', 'Упаковка': 'флакон с дозатором', 'Дата окончания действия сертификата/декларации': '01.01.2028'}  Шампунь для волос женский питательный с манго 630 мл. Для качественного ухода за сухими волосами встречайте сочную новинку Dove – шампунь Глубокое’ питание и восстановление с манго, который представлен в объеме 630 мл. Для комфортного использования флакон оснащен помпой. Ухаживающая питательная формула шампуня Dove с манго содержит 5 ингредиентов натурального происхождения: масло миндаля, экстракт манго, глицерин, масло кокоса и авокадо. Обеспечивает бережное эффективное очищение и натуральный уход: питает и восстанавливает даже очень сухие волосы без утяжеления. Мягкие и послушные волосы каждый день! Не содержит силиконов и красителей. Dove не тестирует продукты на животных во всем мире и имеет аккредитацию PETA. [']в пределах кутикулы волоса.","Добрый день!
Благодарим за вопрос. Среди продукции DOVE нет шампуней против перхоти. Шампуни против перхоти есть среди продукции бренда Clear.
Хорошего дня!",0
217063998,"здравствуйте,кто производитель?","{'Объем товара': '630 мл', 'Назначение косметического средства': 'для ванн и душа', 'Срок годности': '36 месяцев', 'Дата регистрации сертификата/декларации': '15.01.2023', 'Состав': 'Aqua, Sodium Laureth Sulfate, Cocamidopropyl Betaine, Cocos Nucifera (Coconut) Oil', 'Тип волос': 'для всех типов волос', 'Форма упаковки': 'без давления', 'Страна производства': 'Россия', 'Ставка НДС': '20', 'Ширина упаковки': '10 см', 'Длина упаковки': '7 см', 'Высота упаковки': '22 см', 'Действие': 'питание', 'Номер декларации соответствия': 'ЕАЭС N RU Д-RU.РА01.В.12919/23', 'Комплектация': 'Шампунь для волос женский', 'Прямые поставки от производителя': 'да', 'Раздел меню': 'Волосы', 'Упаковка': 'флакон с дозатором', 'Дата окончания действия сертификата/декларации': '01.01.2028'}  Шампунь для волос женский питательный с манго 630 мл. Для качественного ухода за сухими волосами встречайте сочную новинку Dove – шампунь Глубокое’ питание и восстановление с манго, который представлен в объеме 630 мл. Для комфортного использования флакон оснащен помпой. Ухаживающая питательная формула шампуня Dove с манго содержит 5 ингредиентов натурального происхождения: масло миндаля, экстракт манго, глицерин, масло кокоса и авокадо. Обеспечивает бережное эффективное очищение и натуральный уход: питает и восстанавливает даже очень сухие волосы без утяжеления. Мягкие и послушные волосы каждый день! Не содержит силиконов и красителей. Dove не тестирует продукты на животных во всем мире и имеет аккредитацию PETA. [']в пределах кутикулы волоса.","Добрый день!
Благодарим за вопрос. Производитель:  ООО ""ЮНИЛЕВЕР РУСЬ"". Будем рады видеть Вас в числе наших потребителей!
Хорошего дня!",1
217063998,Здравствуйте. Линейка с матча появится в продаже ?,"{'Объем товара': '630 мл', 'Назначение косметического средства': 'для ванн и душа', 'Срок годности': '36 месяцев', 'Дата регистрации сертификата/декларации': '15.01.2023', 'Состав': 'Aqua, Sodium Laureth Sulfate, Cocamidopropyl Betaine, Cocos Nucifera (Coconut) Oil', 'Тип волос': 'для всех типов волос', 'Форма упаковки': 'без давления', 'Страна производства': 'Россия', 'Ставка НДС': '20', 'Ширина упаковки': '10 см', 'Длина упаковки': '7 см', 'Высота упаковки': '22 см', 'Действие': 'питание', 'Номер декларации соответствия': 'ЕАЭС N RU Д-RU.РА01.В.12919/23', 'Комплектация': 'Шампунь для волос женский', 'Прямые поставки от производителя': 'да', 'Раздел меню': 'Волосы', 'Упаковка': 'флакон с дозатором', 'Дата окончания действия сертификата/декларации': '01.01.2028'}  Шампунь для волос женский питательный с манго 630 мл. Для качественного ухода за сухими волосами встречайте сочную новинку Dove – шампунь Глубокое’ питание и восстановление с манго, который представлен в объеме 630 мл. Для комфортного использования флакон оснащен помпой. Ухаживающая питательная формула шампуня Dove с манго содержит 5 ингредиентов натурального происхождения: масло миндаля, экстракт манго, глицерин, масло кокоса и авокадо. Обеспечивает бережное эффективное очищение и натуральный уход: питает и восстанавливает даже очень сухие волосы без утяжеления. Мягкие и послушные волосы каждый день! Не содержит силиконов и красителей. Dove не тестирует продукты на животных во всем мире и имеет аккредитацию PETA. [']в пределах кутикулы волоса.",Вопрос отклонён,0
217063998,Здравствуйте! А почему шампунь прозрачный? Всегда же был белый...,"{'Объем товара': '630 мл', 'Назначение косметического средства': 'для ванн и душа', 'Срок годности': '36 месяцев', 'Дата регистрации сертификата/декларации': '15.01.2023', 'Состав': 'Aqua, Sodium Laureth Sulfate, Cocamidopropyl Betaine, Cocos Nucifera (Coconut) Oil', 'Тип волос': 'для всех типов волос', 'Форма упаковки': 'без давления', 'Страна производства': 'Россия', 'Ставка НДС': '20', 'Ширина упаковки': '10 см', 'Длина упаковки': '7 см', 'Высота упаковки': '22 см', 'Действие': 'питание', 'Номер декларации соответствия': 'ЕАЭС N RU Д-RU.РА01.В.12919/23', 'Комплектация': 'Шампунь для волос женский', 'Прямые поставки от производителя': 'да', 'Раздел меню': 'Волосы', 'Упаковка': 'флакон с дозатором', 'Дата окончания действия сертификата/декларации': '01.01.2028'}  Шампунь для волос женский питательный с манго 630 мл. Для качественного ухода за сухими волосами встречайте сочную новинку Dove – шампунь Глубокое’ питание и восстановление с манго, который представлен в объеме 630 мл. Для комфортного использования флакон оснащен помпой. Ухаживающая питательная формула шампуня Dove с манго содержит 5 ингредиентов натурального происхождения: масло миндаля, экстракт манго, глицерин, масло кокоса и авокадо. Обеспечивает бережное эффективное очищение и натуральный уход: питает и восстанавливает даже очень сухие волосы без утяжеления. Мягкие и послушные волосы каждый день! Не содержит силиконов и красителей. Dove не тестирует продукты на животных во всем мире и имеет аккредитацию PETA. [']в пределах кутикулы волоса.","Добрый день, уважаемый Потребитель!
Приносим свои искренние извинения за то, что использование продукта Вас огорчило. Мы хотим разобраться в ситуации более детально, и поэтому просим Вас связаться с нашей службой поддержки пoтребителей ежедневно в любое удобное для Вас время с 09:00 до 21:00 по номеру 8-800-200-1-200. Обращаем внимание, что при звонке Вам потребуется предоставить данные с упаковки продукта. Будем рады Вашему звонку! 
Хорошего Вам дня!",0
5551885,"Здравствуйте,как лучше под тональный или сверху","{'Раздел меню': 'Красота/Уход за лицом/Уход за кожей', 'Прямые поставки от производителя': 'да', 'Высота упаковки': '3 см', 'Текстура': 'рассыпчатая', 'Действие': 'против акне', 'Форма упаковки': 'без давления', 'Дата окончания действия сертификата/декларации': '18.11.2024', 'Упаковка': 'банка', 'Длина упаковки': '7 см', 'Срок годности': '2 года', 'Номер декларации соответствия': 'ЕАЭС N RU Д-RU.РА01.В.82835/21', 'Дата регистрации сертификата/декларации': '16.08.2021', 'Страна производства': 'Россия', 'Цвет': 'молочный', 'Состав': 'экстракты коры ивы, зеленого чая, березы, календулы, лаванды, клюквы, жемчуга', 'Ширина упаковки': '7 см', 'Комплектация': 'минеральная матирующая пудра -1 шт', 'Назначение косметического средства': 'для лица', 'Вес товара с упаковкой (г)': '30 г', 'Тип кожи': 'для проблемной кожи', 'Вес товара без упаковки (г)': '10 г'}  Минеральная пудра для лица матирующая для жирной кожи. Пудра для лица SEBUM LOCK – незаменимое средство для ухода за жирной и проблемной кожей. Пудра абсорбирует излишки кожного себума и устраняет жирный блеск, обеспечивая стойкий матирующий эффект. Благодаря 100% натуральному составу не забивает поры, подсушивает воспаления и осветляет следы постакне. РЕКОМЕНДОВАНА для ухода за жирной, комбинированной и проблемной кожей. НЕ СОДЕРЖИТ: силиконов, парабенов, талька. Пудра тапиоки и пудра жемчуга улучшают клеточный метаболизм. Натуральные экстракты зеленого чая, березовых листьев, коры белой ивы, клюквы, календулы и лаванды обладают антисептическими свойствами, ускоряют процессы регенерации, нормализуют работу сальных желез и тонизируют кожу. РЕЗУЛЬТАТ: идеально матовая кожа без жирного блеска, воспаления уменьшены. СПОСОБ ПРИМЕНЕНИЯ: минеральную пудру рекомендуется наносить вечером на чистую кожу или поверх ухаживающего крема как дополнительный этап ухода. Также возможно применение пудры в дневное время с целью достижения выраженного матирующего эффекта. Дополнить уход вы можете энзимной эмульсией для умывания PURE SONIC (артикул 5551874) или энзимной пудрой для умывания (артикул 5551877) из серии RE:PROGRAM от ICON SKIN. RE:PROGRAM – запатентованная комплексная система против воспалений, в основе ее формул анти-акне комплекс, кислоты, цинк, себорегулирующий и увлажняющий комплексы, экстракты и пребиотики. Благодаря сбалансированному сочетанию ингредиентов система уменьшает жирность кожи и воспаления, купирует все основные звенья патогенеза акне. Для достижения максимального эффекта рекомендуем применять средства серии RE:PROGRAM в комплексе или комбинировать их со средствами из других серий ICON SKIN, исходя из потребностей вашей кожи.","Добрый день! Благодарим Вас за обращение. Вы можете наносить средство на тональную основу в качестве матирующей вуали. С уважением, команда ICON SKIN.",0
5551885,"Здравствуйте, скажите пожалуйста, можно ли наносить пудру  под глаза , для закрепления консилера? Кожу под глазами не будет сушить?","{'Раздел меню': 'Красота/Уход за лицом/Уход за кожей', 'Прямые поставки от производителя': 'да', 'Высота упаковки': '3 см', 'Текстура': 'рассыпчатая', 'Действие': 'против акне', 'Форма упаковки': 'без давления', 'Дата окончания действия сертификата/декларации': '18.11.2024', 'Упаковка': 'банка', 'Длина упаковки': '7 см', 'Срок годности': '2 года', 'Номер декларации соответствия': 'ЕАЭС N RU Д-RU.РА01.В.82835/21', 'Дата регистрации сертификата/декларации': '16.08.2021', 'Страна производства': 'Россия', 'Цвет': 'молочный', 'Состав': 'экстракты коры ивы, зеленого чая, березы, календулы, лаванды, клюквы, жемчуга', 'Ширина упаковки': '7 см', 'Комплектация': 'минеральная матирующая пудра -1 шт', 'Назначение косметического средства': 'для лица', 'Вес товара с упаковкой (г)': '30 г', 'Тип кожи': 'для проблемной кожи', 'Вес товара без упаковки (г)': '10 г'}  Минеральная пудра для лица матирующая для жирной кожи. Пудра для лица SEBUM LOCK – незаменимое средство для ухода за жирной и проблемной кожей. Пудра абсорбирует излишки кожного себума и устраняет жирный блеск, обеспечивая стойкий матирующий эффект. Благодаря 100% натуральному составу не забивает поры, подсушивает воспаления и осветляет следы постакне. РЕКОМЕНДОВАНА для ухода за жирной, комбинированной и проблемной кожей. НЕ СОДЕРЖИТ: силиконов, парабенов, талька. Пудра тапиоки и пудра жемчуга улучшают клеточный метаболизм. Натуральные экстракты зеленого чая, березовых листьев, коры белой ивы, клюквы, календулы и лаванды обладают антисептическими свойствами, ускоряют процессы регенерации, нормализуют работу сальных желез и тонизируют кожу. РЕЗУЛЬТАТ: идеально матовая кожа без жирного блеска, воспаления уменьшены. СПОСОБ ПРИМЕНЕНИЯ: минеральную пудру рекомендуется наносить вечером на чистую кожу или поверх ухаживающего крема как дополнительный этап ухода. Также возможно применение пудры в дневное время с целью достижения выраженного матирующего эффекта. Дополнить уход вы можете энзимной эмульсией для умывания PURE SONIC (артикул 5551874) или энзимной пудрой для умывания (артикул 5551877) из серии RE:PROGRAM от ICON SKIN. RE:PROGRAM – запатентованная комплексная система против воспалений, в основе ее формул анти-акне комплекс, кислоты, цинк, себорегулирующий и увлажняющий комплексы, экстракты и пребиотики. Благодаря сбалансированному сочетанию ингредиентов система уменьшает жирность кожи и воспаления, купирует все основные звенья патогенеза акне. Для достижения максимального эффекта рекомендуем применять средства серии RE:PROGRAM в комплексе или комбинировать их со средствами из других серий ICON SKIN, исходя из потребностей вашей кожи.","Добрый день! Благодарим Вас за обращение. Пудра предназначена для ухода за жирной кожей. Средство содержит в составе компоненты, которые уменьшают выработку себума и подсушивают воспаления. Как правило, кожа в области вокруг глаз более тонкая и сухая, чем на остальных участках лица, она требует увлажнения, восстановления и питания. Поэтому на зону под глазами данную пудру наносить не рекомендовано. С уважением, команда ICON SKIN.",0
5551885,Как пользоваться пудрой перед сном? Это последний этап ухода за кожей? Очищение➡тонизирование➡увлажнение➡пудра❔,"{'Раздел меню': 'Красота/Уход за лицом/Уход за кожей', 'Прямые поставки от производителя': 'да', 'Высота упаковки': '3 см', 'Текстура': 'рассыпчатая', 'Действие': 'против акне', 'Форма упаковки': 'без давления', 'Дата окончания действия сертификата/декларации': '18.11.2024', 'Упаковка': 'банка', 'Длина упаковки': '7 см', 'Срок годности': '2 года', 'Номер декларации соответствия': 'ЕАЭС N RU Д-RU.РА01.В.82835/21', 'Дата регистрации сертификата/декларации': '16.08.2021', 'Страна производства': 'Россия', 'Цвет': 'молочный', 'Состав': 'экстракты коры ивы, зеленого чая, березы, календулы, лаванды, клюквы, жемчуга', 'Ширина упаковки': '7 см', 'Комплектация': 'минеральная матирующая пудра -1 шт', 'Назначение косметического средства': 'для лица', 'Вес товара с упаковкой (г)': '30 г', 'Тип кожи': 'для проблемной кожи', 'Вес товара без упаковки (г)': '10 г'}  Минеральная пудра для лица матирующая для жирной кожи. Пудра для лица SEBUM LOCK – незаменимое средство для ухода за жирной и проблемной кожей. Пудра абсорбирует излишки кожного себума и устраняет жирный блеск, обеспечивая стойкий матирующий эффект. Благодаря 100% натуральному составу не забивает поры, подсушивает воспаления и осветляет следы постакне. РЕКОМЕНДОВАНА для ухода за жирной, комбинированной и проблемной кожей. НЕ СОДЕРЖИТ: силиконов, парабенов, талька. Пудра тапиоки и пудра жемчуга улучшают клеточный метаболизм. Натуральные экстракты зеленого чая, березовых листьев, коры белой ивы, клюквы, календулы и лаванды обладают антисептическими свойствами, ускоряют процессы регенерации, нормализуют работу сальных желез и тонизируют кожу. РЕЗУЛЬТАТ: идеально матовая кожа без жирного блеска, воспаления уменьшены. СПОСОБ ПРИМЕНЕНИЯ: минеральную пудру рекомендуется наносить вечером на чистую кожу или поверх ухаживающего крема как дополнительный этап ухода. Также возможно применение пудры в дневное время с целью достижения выраженного матирующего эффекта. Дополнить уход вы можете энзимной эмульсией для умывания PURE SONIC (артикул 5551874) или энзимной пудрой для умывания (артикул 5551877) из серии RE:PROGRAM от ICON SKIN. RE:PROGRAM – запатентованная комплексная система против воспалений, в основе ее формул анти-акне комплекс, кислоты, цинк, себорегулирующий и увлажняющий комплексы, экстракты и пребиотики. Благодаря сбалансированному сочетанию ингредиентов система уменьшает жирность кожи и воспаления, купирует все основные звенья патогенеза акне. Для достижения максимального эффекта рекомендуем применять средства серии RE:PROGRAM в комплексе или комбинировать их со средствами из других серий ICON SKIN, исходя из потребностей вашей кожи.","Добрый день! Благодарим Вас за интерес, проявленный к нашей продукции. Да, пудра является последним этапом вечернего ухода. Ее можно наносить на чистую кожу как без использования крема, так и поверх ухаживающего крема (после полного впитывания средства). Для получения дополнительной консультации наших экспертов-косметологов, Вы можете обратиться к нам по контактам, указанным на этикетке средства или в открытых источниках. С уважением, команда ICON SKIN.",0
4109373,"здравствуйте,подскажите пожалуйста, почему крышки на каких-то гелях золотые, на каких-то прозрачные?","{'Упаковка': 'флакон', 'Страна производства': 'Россия', 'Ставка НДС': '20', 'Назначение косметического средства': 'для тела', 'Срок годности': '36 месяцев', 'Форма упаковки': 'без давления', 'Повод': 'просто так', 'Дата регистрации сертификата/декларации': '24.11.2015', 'Тип кожи': 'для всех типов кожи', 'Объем товара': '250 мл', 'Действие': 'ароматизация', 'Высота упаковки': '19 см', 'Ширина упаковки': '3 см', 'Дата окончания действия сертификата/декларации': '22.10.2020', 'Номер декларации соответствия': 'ЕАЭС N RU Д-RU.РА01.В.99759/20', 'Аромат средства': 'сандал', 'Прямые поставки от производителя': 'да', 'Раздел меню': 'уход за телом', 'Состав': 'вода,глицерин,лимонная кислота,метилизотиазолинон', 'Комплектация': 'Гель для душа', 'Длина упаковки': '7 см', 'Назначение подарка': 'любимой'}  Гель для душа женский парфюмированный сандал и ваниль 250 мл. Чувственное очарование CAMAY Тайное блаженство. Приятная текстура геля для душа Camay Тайное блаженство с ароматом фиалок хорошо вспенивается и мягко очищает кожу. А благодаря технологии Fragrance Pearls в составе геля для душа, его пленительный аромат остается на коже до 8 часов после душа!**тест оценки интенсивности аромата экспертами аналитической лаборатории, Unilever","Добрый день, уважаемый Потребитель! 
В настоящий момент, некоторые продукты могут выпускаются с разным цветом колпачка, из-за проблем поставщика комплектующих. Все отклонения согласованы. Прозрачный и золотой колпачок допустим и данный продукт является оригинальным. Спасибо за вопрос и интерес к нашей продукции. Для нас очень важна обратная связь с нашими потребителями, так как появляется дополнительный стимул работать больше, лучше и чаще радовать качественными новинками. Всегда рады видеть Вас в числе наших потребителей! 
Хорошего Вам дня!",0
4109373,почему нет аромата ирис???,"{'Упаковка': 'флакон', 'Страна производства': 'Россия', 'Ставка НДС': '20', 'Назначение косметического средства': 'для тела', 'Срок годности': '36 месяцев', 'Форма упаковки': 'без давления', 'Повод': 'просто так', 'Дата регистрации сертификата/декларации': '24.11.2015', 'Тип кожи': 'для всех типов кожи', 'Объем товара': '250 мл', 'Действие': 'ароматизация', 'Высота упаковки': '19 см', 'Ширина упаковки': '3 см', 'Дата окончания действия сертификата/декларации': '22.10.2020', 'Номер декларации соответствия': 'ЕАЭС N RU Д-RU.РА01.В.99759/20', 'Аромат средства': 'сандал', 'Прямые поставки от производителя': 'да', 'Раздел меню': 'уход за телом', 'Состав': 'вода,глицерин,лимонная кислота,метилизотиазолинон', 'Комплектация': 'Гель для душа', 'Длина упаковки': '7 см', 'Назначение подарка': 'любимой'}  Гель для душа женский парфюмированный сандал и ваниль 250 мл. Чувственное очарование CAMAY Тайное блаженство. Приятная текстура геля для душа Camay Тайное блаженство с ароматом фиалок хорошо вспенивается и мягко очищает кожу. А благодаря технологии Fragrance Pearls в составе геля для душа, его пленительный аромат остается на коже до 8 часов после душа!**тест оценки интенсивности аромата экспертами аналитической лаборатории, Unilever",Вопрос к WB,0
4109373,мне очень понравился гель особенно запах единственный минус пришёл без упаковки сколько выписываю это первый раз такое. но всё цело ни чего ни пролилось.,"{'Упаковка': 'флакон', 'Страна производства': 'Россия', 'Ставка НДС': '20', 'Назначение косметического средства': 'для тела', 'Срок годности': '36 месяцев', 'Форма упаковки': 'без давления', 'Повод': 'просто так', 'Дата регистрации сертификата/декларации': '24.11.2015', 'Тип кожи': 'для всех типов кожи', 'Объем товара': '250 мл', 'Действие': 'ароматизация', 'Высота упаковки': '19 см', 'Ширина упаковки': '3 см', 'Дата окончания действия сертификата/декларации': '22.10.2020', 'Номер декларации соответствия': 'ЕАЭС N RU Д-RU.РА01.В.99759/20', 'Аромат средства': 'сандал', 'Прямые поставки от производителя': 'да', 'Раздел меню': 'уход за телом', 'Состав': 'вода,глицерин,лимонная кислота,метилизотиазолинон', 'Комплектация': 'Гель для душа', 'Длина упаковки': '7 см', 'Назначение подарка': 'любимой'}  Гель для душа женский парфюмированный сандал и ваниль 250 мл. Чувственное очарование CAMAY Тайное блаженство. Приятная текстура геля для душа Camay Тайное блаженство с ароматом фиалок хорошо вспенивается и мягко очищает кожу. А благодаря технологии Fragrance Pearls в составе геля для душа, его пленительный аромат остается на коже до 8 часов после душа!**тест оценки интенсивности аромата экспертами аналитической лаборатории, Unilever",Вопрос к WB,0
4109373,"Здравствуйте скажите пожалуйста, аромат Сандал и ваниль сладкий?","{'Упаковка': 'флакон', 'Страна производства': 'Россия', 'Ставка НДС': '20', 'Назначение косметического средства': 'для тела', 'Срок годности': '36 месяцев', 'Форма упаковки': 'без давления', 'Повод': 'просто так', 'Дата регистрации сертификата/декларации': '24.11.2015', 'Тип кожи': 'для всех типов кожи', 'Объем товара': '250 мл', 'Действие': 'ароматизация', 'Высота упаковки': '19 см', 'Ширина упаковки': '3 см', 'Дата окончания действия сертификата/декларации': '22.10.2020', 'Номер декларации соответствия': 'ЕАЭС N RU Д-RU.РА01.В.99759/20', 'Аромат средства': 'сандал', 'Прямые поставки от производителя': 'да', 'Раздел меню': 'уход за телом', 'Состав': 'вода,глицерин,лимонная кислота,метилизотиазолинон', 'Комплектация': 'Гель для душа', 'Длина упаковки': '7 см', 'Назначение подарка': 'любимой'}  Гель для душа женский парфюмированный сандал и ваниль 250 мл. Чувственное очарование CAMAY Тайное блаженство. Приятная текстура геля для душа Camay Тайное блаженство с ароматом фиалок хорошо вспенивается и мягко очищает кожу. А благодаря технологии Fragrance Pearls в составе геля для душа, его пленительный аромат остается на коже до 8 часов после душа!**тест оценки интенсивности аромата экспертами аналитической лаборатории, Unilever","Добрый день!
Благодарим за вопрос. Восприятие аромата для каждого человека индивидуально. Гель для душа Тайное блаженство обладает свежим ароматом. Верхние тона насыщены ощущением спелого и сочного зеленого яблока, непредсказуемо переходящим в запах свежей зелени фиалок, в базовых нотах оставляя на коже длительный соблазнительно-сладкий шоколадный оттенок благодаря сандалу. Будем рады видеть Вас в числе наших потребителей!
Хорошего дня!",0
8240700,"здравствуйте, подростку сколько  гр надо пить в день","{'Энергетическая ценность калории (на 100 гр.)': '380 ккал', 'Срок годности': '12 месяцев', 'Пищевая ценность углеводы': '80 г/100г', 'Состав': 'На фото', 'Вкус': 'шоколад', 'Противопоказания': 'Индивидуальная непереносимость ингредиентов', 'Дата регистрации сертификата/декларации': '20.09.2016', 'Ширина упаковки': '22 см', 'Упаковка': 'Банка ПЭТ с герметичной крышкой', 'Комплектация': 'Банка - 1 шт.', 'Длина упаковки': '13 см', 'Тип гейнера': 'Белково-углеводный', 'Пищевая ценность жиры': '2 г/100г', 'Форма выпуска': 'порошок', 'Страна производства': 'Россия', 'ТНВЭД': '2106909803', 'Вес товара с упаковкой (г)': '1450 г', 'Высота упаковки': '22 см', 'Добавки': 'Витаминный премикс', 'Назначение спортивного питания': 'здоровое питание', 'Компонентность': 'Белково-витаминный коктейль', 'Пищевая ценность белки': '10 г/100г'}  Турбо Масс гейнер шоколад для набора веса и массы 1400 г. Гейнер Турбо Масс от бренда Ironman - идеальное средство для наращивания мышечной массы. Мощная многокомпонентная смесь, основанная на сывороточном белке, концентрате протеина и углеводной матрице без сои в составе, дополнительно обогащена 10 витаминами. Углеводная основа продукта - это моно-, ди- и олигосахариды, а белковая матрица основана исключительно на молочном и сывороточном белках, взятых в специальном соотношении. Продукт обеспечит индивидуальную дозировку питательных веществ для эффективного набора массы. Продукт поможет восстановиться после тренировки и увеличит силу ваших мышц. Лучший выбор для всех спортсменов и людей, которые заботятся о своем здоровье. Каждая порция содержит мальтодекстрин и натуральный сухой сахар, которые поддерживают необходимый для интенсивных тренировок уровень употребления калорий. Подойдет для профессионального спортсмена и любителя фитнеса. Продукт предназначен для увеличения мышечной массы и не подходит для периода похудения или сушки тела.","Здравствуйте! Прием гейнера до 18 лет возможен строго под контролем специалиста, который оценит состояние здоровья и индивидуальные особенности организма и даст рекомендации по применению. С уважением, команда Ironman!",0
3983238,"Добрый день. Подскажите, ткань тянется. Стрейч?","{'Фактура материала': 'гладкая/мягкая', 'Сезон': 'лето', 'Номер декларации соответствия': 'ЕАЭС N RU Д-RU.КА01.В.23832/20', 'Дата окончания действия сертификата/декларации': '25.03.2025', 'Высота упаковки': '3 см', 'ТНВЭД': '6203423500', 'Размер на модели': '48', 'Цвет': 'светло-серый', 'Уход за вещами': 'БЕРЕЖНАЯ СТИРКА 30С БЕЗ ОТЖИМА', 'Коллекция': 'Весна - Лето 2024', 'Рост модели на фото': '188 см', 'Тип ростовки': 'для высоких', 'Страна производства': 'Россия', 'Модель брюк': 'прямые', 'Тип посадки': 'Глубокий', 'Дата регистрации сертификата/декларации': '26.03.2020', 'Пол': 'Мужской', 'Комплектация': 'брюки', 'Длина упаковки': '49 см', 'Рисунок': 'однотонный материал', 'Вид застежки': 'завязки', 'Состав': 'хлопок 65%', 'Ширина упаковки': '34 см', 'Назначение': 'Повседневная одежда/спорт/офис'} {'Российский размер 54': 'Обхват бедер, в см 112-116, Обхват талии, в см 86-90', 'Российский размер 56': 'Обхват бедер, в см 116-120, Обхват талии, в см 90-94', 'Российский размер 58': 'Обхват бедер, в см 120-124, Обхват талии, в см 94-98', 'Российский размер 60': 'Обхват бедер, в см 124-128, Обхват талии, в см 98-102', 'Российский размер 62': 'Обхват бедер, в см 128-132, Обхват талии, в см 102-106', 'Российский размер 64': 'Обхват бедер, в см 132-136, Обхват талии, в см 106-110', 'Российский размер 66': 'Обхват бедер, в см 136-140, Обхват талии, в см 110-114', 'Российский размер 46': 'Обхват бедер, в см 98-102, Обхват талии, в см 70-74', 'Российский размер 48': 'Обхват бедер, в см 100-104, Обхват талии, в см 82-86', 'Российский размер 52': 'Обхват бедер, в см 108-112, Обхват талии, в см 82-86', 'Российский размер 50': 'Обхват бедер, в см 104-108, Обхват талии, в см 86-90'} Брюки летние прямые. Удобные мужские летние брюки прямого силуэта из хлопка с добавлением полиэстера на резинке со шнурком. Четыре кармана. Передние карманы прямые, заднее с клапаном, который фиксируется металлическими хольнитенами. Легко стираются, быстро сохнут. Брюки подойдут для повседневного использования, работы и активного отдыха в нежаркое лето. Лекало спроектировано по ГОСТ, большие размеры до полного 66 размера. Это универсальные мужские штаны, которые пригодятся в любом гардеробе. Спортивные прямые брюки мужские на высокий рост. Сделано в России, собственное производство.","Добрый день! Ткань без эластана - модель свободная. В нашей второй торговой марке ARSTA есть модель из эластичного микрополиэстера - арт 74302717. С уважением, Светлана, диектор по производству, тм ARSTA",1
3983238,"Заказ был бежевые, пришли серые. Не стали возвращать, серые тоже очень хороший цвет.","{'Фактура материала': 'гладкая/мягкая', 'Сезон': 'лето', 'Номер декларации соответствия': 'ЕАЭС N RU Д-RU.КА01.В.23832/20', 'Дата окончания действия сертификата/декларации': '25.03.2025', 'Высота упаковки': '3 см', 'ТНВЭД': '6203423500', 'Размер на модели': '48', 'Цвет': 'светло-серый', 'Уход за вещами': 'БЕРЕЖНАЯ СТИРКА 30С БЕЗ ОТЖИМА', 'Коллекция': 'Весна - Лето 2024', 'Рост модели на фото': '188 см', 'Тип ростовки': 'для высоких', 'Страна производства': 'Россия', 'Модель брюк': 'прямые', 'Тип посадки': 'Глубокий', 'Дата регистрации сертификата/декларации': '26.03.2020', 'Пол': 'Мужской', 'Комплектация': 'брюки', 'Длина упаковки': '49 см', 'Рисунок': 'однотонный материал', 'Вид застежки': 'завязки', 'Состав': 'хлопок 65%', 'Ширина упаковки': '34 см', 'Назначение': 'Повседневная одежда/спорт/офис'} {'Российский размер 54': 'Обхват бедер, в см 112-116, Обхват талии, в см 86-90', 'Российский размер 56': 'Обхват бедер, в см 116-120, Обхват талии, в см 90-94', 'Российский размер 58': 'Обхват бедер, в см 120-124, Обхват талии, в см 94-98', 'Российский размер 60': 'Обхват бедер, в см 124-128, Обхват талии, в см 98-102', 'Российский размер 62': 'Обхват бедер, в см 128-132, Обхват талии, в см 102-106', 'Российский размер 64': 'Обхват бедер, в см 132-136, Обхват талии, в см 106-110', 'Российский размер 66': 'Обхват бедер, в см 136-140, Обхват талии, в см 110-114', 'Российский размер 46': 'Обхват бедер, в см 98-102, Обхват талии, в см 70-74', 'Российский размер 48': 'Обхват бедер, в см 100-104, Обхват талии, в см 82-86', 'Российский размер 52': 'Обхват бедер, в см 108-112, Обхват талии, в см 82-86', 'Российский размер 50': 'Обхват бедер, в см 104-108, Обхват талии, в см 86-90'} Брюки летние прямые. Удобные мужские летние брюки прямого силуэта из хлопка с добавлением полиэстера на резинке со шнурком. Четыре кармана. Передние карманы прямые, заднее с клапаном, который фиксируется металлическими хольнитенами. Легко стираются, быстро сохнут. Брюки подойдут для повседневного использования, работы и активного отдыха в нежаркое лето. Лекало спроектировано по ГОСТ, большие размеры до полного 66 размера. Это универсальные мужские штаны, которые пригодятся в любом гардеробе. Спортивные прямые брюки мужские на высокий рост. Сделано в России, собственное производство.","Добрый день! Большое спасибо за отзыв! Очень рады, что брюки Вам понравились! С уважением, Светлана, директор по производству, тм ARSTA & A-sport",0
3983238,"Только хотел заказать пару брюк, цена увеличилась на 200 рублей, когда ожидать следующей распродажи?","{'Фактура материала': 'гладкая/мягкая', 'Сезон': 'лето', 'Номер декларации соответствия': 'ЕАЭС N RU Д-RU.КА01.В.23832/20', 'Дата окончания действия сертификата/декларации': '25.03.2025', 'Высота упаковки': '3 см', 'ТНВЭД': '6203423500', 'Размер на модели': '48', 'Цвет': 'светло-серый', 'Уход за вещами': 'БЕРЕЖНАЯ СТИРКА 30С БЕЗ ОТЖИМА', 'Коллекция': 'Весна - Лето 2024', 'Рост модели на фото': '188 см', 'Тип ростовки': 'для высоких', 'Страна производства': 'Россия', 'Модель брюк': 'прямые', 'Тип посадки': 'Глубокий', 'Дата регистрации сертификата/декларации': '26.03.2020', 'Пол': 'Мужской', 'Комплектация': 'брюки', 'Длина упаковки': '49 см', 'Рисунок': 'однотонный материал', 'Вид застежки': 'завязки', 'Состав': 'хлопок 65%', 'Ширина упаковки': '34 см', 'Назначение': 'Повседневная одежда/спорт/офис'} {'Российский размер 54': 'Обхват бедер, в см 112-116, Обхват талии, в см 86-90', 'Российский размер 56': 'Обхват бедер, в см 116-120, Обхват талии, в см 90-94', 'Российский размер 58': 'Обхват бедер, в см 120-124, Обхват талии, в см 94-98', 'Российский размер 60': 'Обхват бедер, в см 124-128, Обхват талии, в см 98-102', 'Российский размер 62': 'Обхват бедер, в см 128-132, Обхват талии, в см 102-106', 'Российский размер 64': 'Обхват бедер, в см 132-136, Обхват талии, в см 106-110', 'Российский размер 66': 'Обхват бедер, в см 136-140, Обхват талии, в см 110-114', 'Российский размер 46': 'Обхват бедер, в см 98-102, Обхват талии, в см 70-74', 'Российский размер 48': 'Обхват бедер, в см 100-104, Обхват талии, в см 82-86', 'Российский размер 52': 'Обхват бедер, в см 108-112, Обхват талии, в см 82-86', 'Российский размер 50': 'Обхват бедер, в см 104-108, Обхват талии, в см 86-90'} Брюки летние прямые. Удобные мужские летние брюки прямого силуэта из хлопка с добавлением полиэстера на резинке со шнурком. Четыре кармана. Передние карманы прямые, заднее с клапаном, который фиксируется металлическими хольнитенами. Легко стираются, быстро сохнут. Брюки подойдут для повседневного использования, работы и активного отдыха в нежаркое лето. Лекало спроектировано по ГОСТ, большие размеры до полного 66 размера. Это универсальные мужские штаны, которые пригодятся в любом гардеробе. Спортивные прямые брюки мужские на высокий рост. Сделано в России, собственное производство.","Добрый день! Дополнительную скидку установил магазин за наш счёт без нашего согласования. Распродажа на остатки летнего ассортимента у нас всегда в конце сезона. Из оставшихся размеров можно приобрести по цене ниже себестоимости. С уважением, Светлана, директор по производству, тм ARSTA & A-sport",0
112393840,"Здравствуйте! Сегодня при получении на пункте выдачи обнаружила, что дезодорант протек в пакете, сделала возврат. Сотрудник пункта все сфотографировал, но за возврат по браку все равно сняли 100₽. Прошу вернуть деньги за возрат, ведь товар пришел в ненадлежащем виде.","{'Назначение дезодоранта': 'женский', 'Номер декларации соответствия': 'ЕАЭС N RU Д-RU.СП28.В.09631/20', 'Ставка НДС': '20', 'Тип дезодоранта': 'шариковый', 'Дата окончания действия сертификата/декларации': '11.05.2025', 'Раздел меню': 'красота', 'Прямые поставки от производителя': 'да', 'Назначение косметического средства': 'для ванн и душа', 'Дата регистрации сертификата/декларации': '12.05.2020', 'Объем товара': '50 мл', 'Упаковка': 'флакон', 'Форма упаковки': 'без давления', 'Высота упаковки': '11 см', 'Длина упаковки': '5 см', 'Вес товара с упаковкой (г)': '85 г', 'Страна производства': 'Россия', 'Состав': 'Вода,пентахлоргидрат алюминия и циркония,глицерин,масло семян подсолнечника', 'ТНВЭД': '3307200000', 'Срок годности': '24 месяца', 'Ширина упаковки': '5 см', 'Комплектация': 'Антиперспирант'}  Дезодорант антиперспирант женский шариковый Невидимая 50 мл. Rexona никогда не подводила, Рексона никогда не подведет. Ощущайте уверенность, используя освежающий дезодорант женский Рексона Невидимая на черной и белой одежде. Антиперспирант женский — эффективное средство личной гигиены, которое обеспечивает коже подмышек оптимальный уход. Дезодорант женский шариковый Невидимая разработан на основе усиленной^ формулы для непревзойденной защиты от пота и запаха на 72 часа*! Революционная** микротехнология со специальными** микрочастицами активируется в момент потоотделения, сохраняя свежесть в течение всего дня. Дезик женский содержит особые** микрокапсулы, которые раскрываются при каждом'' твоем движении, сохраняя ощущение свежести с утра до вечера. Больше движений – больше уверенности! Дезодорант не требует повторного нанесения в течение дня. Дезодорант антиперспирант женский не оставляет следов и бережно воздействует на ткань, он не испортит вашу одежду, черную или белую'. Антиперспирант женский шариковый имеет комплиментарный аромат с легкой мускусной базой, которую изящно дополняют ноты искристого ландыша и чувственного жасмина. Женственный запах приятен при нанесении и не перебивает аромат вашего парфюма. Дезодорант шариковый дерматологически протестирован, подходит для ежедневного применения. Шариковый дезодорант не требует повторного нанесения в течение дня. Добавьте антиперспирант шариковый в свой ежедневный ритуал свежести! Используйте шариковый антиперспирант женский сразу после приема душа. Дезодорант антиперспирант Невидимая на черной и белой одежде – практичный подарок для девушки, женщин на любой праздник и просто так. Дезодорант Рексона женский против неприятного запаха пота можно купить жене, маме или подруге. *72 ч уверенности в защите-хот рум тест,Юнилевер,2019.Клинически подтверждено **в портфеле Юнилевер Русь,кроме Рексона Клиникал ^по сравнению с предшествующей линейкой шариковых антиперспирантов Рексона 'при соблюдении инструкции по применению ''сопровождаемым трением руки о тело",Вопрос к WB,0
112393840,"артикул: 11239384022 июля заказаны 2 одинаковых тюбика.сегодня 26 июля. один уже доставлен в ПВЗ Таганрога. У второго статус с 22 июля не изменился, отсортирован на складе Вёшки 2. Он вообще приедет, или уже можно забыть о нём?","{'Назначение дезодоранта': 'женский', 'Номер декларации соответствия': 'ЕАЭС N RU Д-RU.СП28.В.09631/20', 'Ставка НДС': '20', 'Тип дезодоранта': 'шариковый', 'Дата окончания действия сертификата/декларации': '11.05.2025', 'Раздел меню': 'красота', 'Прямые поставки от производителя': 'да', 'Назначение косметического средства': 'для ванн и душа', 'Дата регистрации сертификата/декларации': '12.05.2020', 'Объем товара': '50 мл', 'Упаковка': 'флакон', 'Форма упаковки': 'без давления', 'Высота упаковки': '11 см', 'Длина упаковки': '5 см', 'Вес товара с упаковкой (г)': '85 г', 'Страна производства': 'Россия', 'Состав': 'Вода,пентахлоргидрат алюминия и циркония,глицерин,масло семян подсолнечника', 'ТНВЭД': '3307200000', 'Срок годности': '24 месяца', 'Ширина упаковки': '5 см', 'Комплектация': 'Антиперспирант'}  Дезодорант антиперспирант женский шариковый Невидимая 50 мл. Rexona никогда не подводила, Рексона никогда не подведет. Ощущайте уверенность, используя освежающий дезодорант женский Рексона Невидимая на черной и белой одежде. Антиперспирант женский — эффективное средство личной гигиены, которое обеспечивает коже подмышек оптимальный уход. Дезодорант женский шариковый Невидимая разработан на основе усиленной^ формулы для непревзойденной защиты от пота и запаха на 72 часа*! Революционная** микротехнология со специальными** микрочастицами активируется в момент потоотделения, сохраняя свежесть в течение всего дня. Дезик женский содержит особые** микрокапсулы, которые раскрываются при каждом'' твоем движении, сохраняя ощущение свежести с утра до вечера. Больше движений – больше уверенности! Дезодорант не требует повторного нанесения в течение дня. Дезодорант антиперспирант женский не оставляет следов и бережно воздействует на ткань, он не испортит вашу одежду, черную или белую'. Антиперспирант женский шариковый имеет комплиментарный аромат с легкой мускусной базой, которую изящно дополняют ноты искристого ландыша и чувственного жасмина. Женственный запах приятен при нанесении и не перебивает аромат вашего парфюма. Дезодорант шариковый дерматологически протестирован, подходит для ежедневного применения. Шариковый дезодорант не требует повторного нанесения в течение дня. Добавьте антиперспирант шариковый в свой ежедневный ритуал свежести! Используйте шариковый антиперспирант женский сразу после приема душа. Дезодорант антиперспирант Невидимая на черной и белой одежде – практичный подарок для девушки, женщин на любой праздник и просто так. Дезодорант Рексона женский против неприятного запаха пота можно купить жене, маме или подруге. *72 ч уверенности в защите-хот рум тест,Юнилевер,2019.Клинически подтверждено **в портфеле Юнилевер Русь,кроме Рексона Клиникал ^по сравнению с предшествующей линейкой шариковых антиперспирантов Рексона 'при соблюдении инструкции по применению ''сопровождаемым трением руки о тело",Отклонён,0
112393840,112393840 женский или мужской?,"{'Назначение дезодоранта': 'женский', 'Номер декларации соответствия': 'ЕАЭС N RU Д-RU.СП28.В.09631/20', 'Ставка НДС': '20', 'Тип дезодоранта': 'шариковый', 'Дата окончания действия сертификата/декларации': '11.05.2025', 'Раздел меню': 'красота', 'Прямые поставки от производителя': 'да', 'Назначение косметического средства': 'для ванн и душа', 'Дата регистрации сертификата/декларации': '12.05.2020', 'Объем товара': '50 мл', 'Упаковка': 'флакон', 'Форма упаковки': 'без давления', 'Высота упаковки': '11 см', 'Длина упаковки': '5 см', 'Вес товара с упаковкой (г)': '85 г', 'Страна производства': 'Россия', 'Состав': 'Вода,пентахлоргидрат алюминия и циркония,глицерин,масло семян подсолнечника', 'ТНВЭД': '3307200000', 'Срок годности': '24 месяца', 'Ширина упаковки': '5 см', 'Комплектация': 'Антиперспирант'}  Дезодорант антиперспирант женский шариковый Невидимая 50 мл. Rexona никогда не подводила, Рексона никогда не подведет. Ощущайте уверенность, используя освежающий дезодорант женский Рексона Невидимая на черной и белой одежде. Антиперспирант женский — эффективное средство личной гигиены, которое обеспечивает коже подмышек оптимальный уход. Дезодорант женский шариковый Невидимая разработан на основе усиленной^ формулы для непревзойденной защиты от пота и запаха на 72 часа*! Революционная** микротехнология со специальными** микрочастицами активируется в момент потоотделения, сохраняя свежесть в течение всего дня. Дезик женский содержит особые** микрокапсулы, которые раскрываются при каждом'' твоем движении, сохраняя ощущение свежести с утра до вечера. Больше движений – больше уверенности! Дезодорант не требует повторного нанесения в течение дня. Дезодорант антиперспирант женский не оставляет следов и бережно воздействует на ткань, он не испортит вашу одежду, черную или белую'. Антиперспирант женский шариковый имеет комплиментарный аромат с легкой мускусной базой, которую изящно дополняют ноты искристого ландыша и чувственного жасмина. Женственный запах приятен при нанесении и не перебивает аромат вашего парфюма. Дезодорант шариковый дерматологически протестирован, подходит для ежедневного применения. Шариковый дезодорант не требует повторного нанесения в течение дня. Добавьте антиперспирант шариковый в свой ежедневный ритуал свежести! Используйте шариковый антиперспирант женский сразу после приема душа. Дезодорант антиперспирант Невидимая на черной и белой одежде – практичный подарок для девушки, женщин на любой праздник и просто так. Дезодорант Рексона женский против неприятного запаха пота можно купить жене, маме или подруге. *72 ч уверенности в защите-хот рум тест,Юнилевер,2019.Клинически подтверждено **в портфеле Юнилевер Русь,кроме Рексона Клиникал ^по сравнению с предшествующей линейкой шариковых антиперспирантов Рексона 'при соблюдении инструкции по применению ''сопровождаемым трением руки о тело","Добрый день!
Благодарим за вопрос. Данный антиперспирант является женским. Будем рады видеть Вас в числе наших потребителей!
Хорошего дня!",1
112393840,"вы бы написали бы где м или ж, на самом дезодоранте не указано, нужен м","{'Назначение дезодоранта': 'женский', 'Номер декларации соответствия': 'ЕАЭС N RU Д-RU.СП28.В.09631/20', 'Ставка НДС': '20', 'Тип дезодоранта': 'шариковый', 'Дата окончания действия сертификата/декларации': '11.05.2025', 'Раздел меню': 'красота', 'Прямые поставки от производителя': 'да', 'Назначение косметического средства': 'для ванн и душа', 'Дата регистрации сертификата/декларации': '12.05.2020', 'Объем товара': '50 мл', 'Упаковка': 'флакон', 'Форма упаковки': 'без давления', 'Высота упаковки': '11 см', 'Длина упаковки': '5 см', 'Вес товара с упаковкой (г)': '85 г', 'Страна производства': 'Россия', 'Состав': 'Вода,пентахлоргидрат алюминия и циркония,глицерин,масло семян подсолнечника', 'ТНВЭД': '3307200000', 'Срок годности': '24 месяца', 'Ширина упаковки': '5 см', 'Комплектация': 'Антиперспирант'}  Дезодорант антиперспирант женский шариковый Невидимая 50 мл. Rexona никогда не подводила, Рексона никогда не подведет. Ощущайте уверенность, используя освежающий дезодорант женский Рексона Невидимая на черной и белой одежде. Антиперспирант женский — эффективное средство личной гигиены, которое обеспечивает коже подмышек оптимальный уход. Дезодорант женский шариковый Невидимая разработан на основе усиленной^ формулы для непревзойденной защиты от пота и запаха на 72 часа*! Революционная** микротехнология со специальными** микрочастицами активируется в момент потоотделения, сохраняя свежесть в течение всего дня. Дезик женский содержит особые** микрокапсулы, которые раскрываются при каждом'' твоем движении, сохраняя ощущение свежести с утра до вечера. Больше движений – больше уверенности! Дезодорант не требует повторного нанесения в течение дня. Дезодорант антиперспирант женский не оставляет следов и бережно воздействует на ткань, он не испортит вашу одежду, черную или белую'. Антиперспирант женский шариковый имеет комплиментарный аромат с легкой мускусной базой, которую изящно дополняют ноты искристого ландыша и чувственного жасмина. Женственный запах приятен при нанесении и не перебивает аромат вашего парфюма. Дезодорант шариковый дерматологически протестирован, подходит для ежедневного применения. Шариковый дезодорант не требует повторного нанесения в течение дня. Добавьте антиперспирант шариковый в свой ежедневный ритуал свежести! Используйте шариковый антиперспирант женский сразу после приема душа. Дезодорант антиперспирант Невидимая на черной и белой одежде – практичный подарок для девушки, женщин на любой праздник и просто так. Дезодорант Рексона женский против неприятного запаха пота можно купить жене, маме или подруге. *72 ч уверенности в защите-хот рум тест,Юнилевер,2019.Клинически подтверждено **в портфеле Юнилевер Русь,кроме Рексона Клиникал ^по сравнению с предшествующей линейкой шариковых антиперспирантов Рексона 'при соблюдении инструкции по применению ''сопровождаемым трением руки о тело",Вопрос к WB,0
165242215,"качество хорошее,а как быть если прислали меньше размер,оплата была за большой пакет!","{'Ширина упаковки': '12 см', 'Страна производства': 'Россия', 'Состав': 'таффета', 'Комплектация': 'сумка шоппер складная через плечо большая - 1 шт', 'Длина упаковки': '12 см', 'Высота упаковки': '2 см', 'Вес товара без упаковки (г)': '50 г', 'Карманы': 'Без карманов', 'Рисунок': 'котик, кот, кошка, день матери, новый год', 'Объем сумки (л)': '20 л', 'Цвет': 'зеленый', 'Ширина предмета': '36 см', 'Вид застежки': 'без застежки', 'Высота предмета': '68 см'}  Сумка хозяйственная складная, шоппер летний, авоська. Многофункциональная сумка-майка представляет собой стильную и удобную авоську, идеальную для шоппинга или переноски продуктов. Складная хозяйственная сумка в карман с двойными цельнокроенными ручками прекрасно подходит для повседневной жизни и всегда пригодится в домашних делах. Эко-сумка для продуктов с легкостью заменит пластиковые пакеты, помогая снизить вред для окружающей среды. Прочная и вместительная сумкашопер поможет принести домой запас продуктов, благодаря ее вместимости, которая составляет до 20 литров. Идеально подойдет для походов в спортзал, бассейн или на тренировку, а также для путешествий и отдыха. Многоразовая тканевая сумочка будет удобна для учебы, в нее поместятся объемные вещи и сменная обувь. Легкий тоут шоппер выполнен из ткани с водоотталкивающей пропиткой, которая выдерживает вес до 20 кг и имеет складку в донной части для увеличения объема. Она сохраняет цвет, не деформируется со временем и практически не рвется, а значит прослужит вам долго. Благодаря большому размеру 68 см х 36 см х 14 см и удобным ручкам длиной 27 см, эта сумка прекрасно подойдет как для высоких женщин, так и для мужчин. Ее удобно держать в руке, носить на локте или на плече. Компактная сумка легко складывается в рулон 10х4 см и фиксируется резинкой, вшитой в край, поэтому ее всегда можно носить с собой или положить в кармашек. Осенняя сумка поставляется в комплекте с маленьким чехлом в цвет 11,5 на 11,5 см, поэтому она станет отличным подарком для взрослых и подростков. Сумку пакетик можно преподнести в подарок коллеге или бабушке на любой праздник, будь то день рождения, день матери, день учителя, юбилей или же просто без повода. Мягкий шопен без рисунка, замков и карманов в нашем магазине представлен в разных расцветках. Плотная сумка не требует сложного ухода, она легко стирается, не мнется и быстро сохнет. А благодаря прочной ткани такая сумка прослужит вам не один год.","Добрый день! Вероятно произошла ошибка маркировки. Рекомендуем оформить возврат. Если не прошло 2 недели, то просто принесите сумку обратно на пункт выдачи. Если прошло более двух недель или не сохранилась упаковка, маркировка, то оформите возврат по браку, прикрепив фото.",0
8674747,"Здравствуйте,  почему написано, что это кокос и жасмин, если на самом геле написано, что там кокос и миндаль?)","{'Повод': 'день рождения', 'Комплектация': 'Гель для душа', 'Действие': 'очищение', 'Срок годности': '30 месяцев', 'Раздел меню': 'Дезодоранты', 'Форма упаковки': 'без давления', 'Объем товара': '250 мл', 'Страна производства': 'Россия', 'Номер декларации соответствия': 'ЕАЭС N RU Д-RU.СП28.В.08403/20', 'Ширина упаковки': '8 см', 'Состав': 'Aqua,Sodium Lauroyl Glycinate,Cocamidopropyl Betaine,Sodium Lauroyl Isethionate,Sodium Chloride', 'Дата регистрации сертификата/декларации': '06.03.2020', 'Назначение косметического средства': 'для ванн и душа', 'Упаковка': 'флакон', 'Высота упаковки': '19 см', 'Прямые поставки от производителя': 'да', 'Тип кожи': 'для всех типов кожи', 'Назначение подарка': 'любимой', 'Дата окончания действия сертификата/декларации': '09.12.2023', 'Аромат средства': 'Нежный', 'Длина упаковки': '8 см', 'Ставка НДС': '20'}  Гель для душа женский кокос и жасмин 250 мл. Попробуйте обновленный крем гель для душа от Dove Ритуал красоты и ощутите, как кожа вновь стала напитанной и ухоженной. Ухаживающая формула с 5-ю ингредиентами натурального происхождения мгновенно дарит коже естественное длительное питание. Гель для душа парфюмированный содержит бетаин, который мягко очищает, экстракт кокоса, который насыщает витаминами, стеариновая кислота питает, глицерин увлажняет, пребиотики необходимы для поддержания микробиома кожи. 92% натурального происхождения*. 93% биоразлагаемая формула**. Аромат кокоса и миндаля позволит превратить обычный прием душа в небольшой и эффективный ритуал красоты, снять стресс и переключить внимание.*подтверждено расчетным методом на основе натуральности происхождения компонентов формулы, Unilever R&D, 2021.**подтверждено расчетным методом на основе биоразлагаемости компонентов формулы, Unilever R&D, 2021.",Отклонён,0
8674747,Здравствуйте! Доставка будет свое время ?,"{'Повод': 'день рождения', 'Комплектация': 'Гель для душа', 'Действие': 'очищение', 'Срок годности': '30 месяцев', 'Раздел меню': 'Дезодоранты', 'Форма упаковки': 'без давления', 'Объем товара': '250 мл', 'Страна производства': 'Россия', 'Номер декларации соответствия': 'ЕАЭС N RU Д-RU.СП28.В.08403/20', 'Ширина упаковки': '8 см', 'Состав': 'Aqua,Sodium Lauroyl Glycinate,Cocamidopropyl Betaine,Sodium Lauroyl Isethionate,Sodium Chloride', 'Дата регистрации сертификата/декларации': '06.03.2020', 'Назначение косметического средства': 'для ванн и душа', 'Упаковка': 'флакон', 'Высота упаковки': '19 см', 'Прямые поставки от производителя': 'да', 'Тип кожи': 'для всех типов кожи', 'Назначение подарка': 'любимой', 'Дата окончания действия сертификата/декларации': '09.12.2023', 'Аромат средства': 'Нежный', 'Длина упаковки': '8 см', 'Ставка НДС': '20'}  Гель для душа женский кокос и жасмин 250 мл. Попробуйте обновленный крем гель для душа от Dove Ритуал красоты и ощутите, как кожа вновь стала напитанной и ухоженной. Ухаживающая формула с 5-ю ингредиентами натурального происхождения мгновенно дарит коже естественное длительное питание. Гель для душа парфюмированный содержит бетаин, который мягко очищает, экстракт кокоса, который насыщает витаминами, стеариновая кислота питает, глицерин увлажняет, пребиотики необходимы для поддержания микробиома кожи. 92% натурального происхождения*. 93% биоразлагаемая формула**. Аромат кокоса и миндаля позволит превратить обычный прием душа в небольшой и эффективный ритуал красоты, снять стресс и переключить внимание.*подтверждено расчетным методом на основе натуральности происхождения компонентов формулы, Unilever R&D, 2021.**подтверждено расчетным методом на основе биоразлагаемости компонентов формулы, Unilever R&D, 2021.",Вопрос отклонён,0
152717810,"Здравствуйте! Нужен пододеяльник евро, примерно 200*220 см.","{'Ставка НДС': '20', 'Номер сертификата соответствия': 'ЕАЭС RU С-RU.НВ38.В.00606/21', 'Застежка пододеяльника': 'без застежки', 'Комплектация': '1 простынь, 2 пододеяльника, 2 наволочки 70*70', 'Размер постельного белья': 'семейный', 'Повод': 'день рождения', 'Дата окончания действия сертификата/декларации': '25.03.2025', 'Размер простыни': '217х240 см', 'Состав': 'хлопок 100%', 'Количество предметов в упаковке': '5 шт.', 'Страна производства': 'Россия', 'Цвет': 'светло-голубой', 'Назначение текстиля': 'взрослым', 'Вид ткани постельного белья': 'поплин', 'Тип простыни': 'классическая', 'ТНВЭД': '6302210000', 'Размер пододеяльника': '146х217', 'Любимые герои': 'Ивановский текстиль', 'Длина упаковки': '37 см', 'Плотность ткани': '110 г/кв.м', 'Высота упаковки': '9 см', 'Застежка наволочки': 'клапан', 'Дата регистрации сертификата/декларации': '02.07.2021', 'Назначение подарка': 'в дом', 'Вес с упаковкой (кг)': '2.7 кг', 'Комплектность постельного белья': '2 пододеяльника, 1 простыня, 2 наволочки', 'Рисунок': 'цветы и растения', 'Размер наволочки': '70х70 см', 'Ширина упаковки': '28 см'}  Постельное белье семейное поплин. Постельное белье семейное компании ТК «Традиция» - идеальное решение для Вашей спальни! Наш двуспальный комплект из более плотного поплина 110 г/м² - это нежный и восхитительный продукт, производимый из высококачественного сырья. Сделанный из 100% хлопка, этот набор для спальни будет нежным к Вашей коже и вызовет восторг с первого взгляда. Комплект включает в себя 2 пододеяльника 217х146 см, евро простыню 217х240 см и 2 наволочки 70х70 см. Комплект дуэт с двумя пододеяльниками востребован для семейных пар и на кровати и диваны с матрасами больших размеров. Наша компания гарантирует, что наш текстиль подходит для взрослых и детей, не вызывает аллергии, идеально гладится. Мы отвечаем за качество нашей ткани, которая имеет высокую плотность и является абсолютно экологичной. Наш широкий ассортимент постельного декора и различных принтов позволит подобрать постельное бельё в подарок, которое подойдет под любой интерьер, в том числе для квартиры, дома и дачи. Белоснежные и цветные ткани с пастельными принтами, узорами, цветами или прикольными зверюшками создадут в Вашей спальне атмосферу нежности и уюта. Широкий ассортимент размерных решений позволит Вам выбрать подходящий вариант как для стандартных, так и для нестандартных кроватей. Наши текстильные изделия - это идеальный подарок на свадьбу, юбилей, новоселье, День Рождения, Новый год, Рождество, 8 марта, другие праздники или любой другой случай. Наше постельное белье дуэт поплин (на большой евроматрас) вызывает восхищение и восторг у всех его обладателей. Наш гипоаллергенный комплект - это гарантия комфортного сна и отличного отдыха для Вашего тела. Наша компания производит продукцию в Иваново, где мы имеем более чем 20-летний опыт в производстве качественного постельного белья, которое проходит строгий контроль качества и подтверждение соответствия стандартам. Мы рекомендуем нашу продукцию всем, кто ценит качество и классический стиль. Компания ТК Традиция отвечает за качество своих товаров, поэтому Вам останется только наслаждаться восхитительным постельным бельем. Постельное белье Традиция – это проверенные Традиции текстиля, одобренные покупателями Вайлдберриз, 1 миллион проданных товаров, 100 тысяч положительных отзывов (более 4,8 баллов). Отзывы наших клиентов - лучшее подтверждение качества продукции. Сделано в России, производство товаров для дома г. Иваново, текстиль Иваново, Ивановский текстиль. Пусть Ваш дом будет уютным с постельным бельем ""ТК Традиция"".","Добрый день! Размер пододеяльника в размере евро 205х217 см - арт.152717022. С уважением,  ТК Традиция!",1
152717810,"добрый вечер, можно к арт.152717810 докупить такой же пододеяльник, но размера 1,5 спального?","{'Ставка НДС': '20', 'Номер сертификата соответствия': 'ЕАЭС RU С-RU.НВ38.В.00606/21', 'Застежка пододеяльника': 'без застежки', 'Комплектация': '1 простынь, 2 пододеяльника, 2 наволочки 70*70', 'Размер постельного белья': 'семейный', 'Повод': 'день рождения', 'Дата окончания действия сертификата/декларации': '25.03.2025', 'Размер простыни': '217х240 см', 'Состав': 'хлопок 100%', 'Количество предметов в упаковке': '5 шт.', 'Страна производства': 'Россия', 'Цвет': 'светло-голубой', 'Назначение текстиля': 'взрослым', 'Вид ткани постельного белья': 'поплин', 'Тип простыни': 'классическая', 'ТНВЭД': '6302210000', 'Размер пододеяльника': '146х217', 'Любимые герои': 'Ивановский текстиль', 'Длина упаковки': '37 см', 'Плотность ткани': '110 г/кв.м', 'Высота упаковки': '9 см', 'Застежка наволочки': 'клапан', 'Дата регистрации сертификата/декларации': '02.07.2021', 'Назначение подарка': 'в дом', 'Вес с упаковкой (кг)': '2.7 кг', 'Комплектность постельного белья': '2 пододеяльника, 1 простыня, 2 наволочки', 'Рисунок': 'цветы и растения', 'Размер наволочки': '70х70 см', 'Ширина упаковки': '28 см'}  Постельное белье семейное поплин. Постельное белье семейное компании ТК «Традиция» - идеальное решение для Вашей спальни! Наш двуспальный комплект из более плотного поплина 110 г/м² - это нежный и восхитительный продукт, производимый из высококачественного сырья. Сделанный из 100% хлопка, этот набор для спальни будет нежным к Вашей коже и вызовет восторг с первого взгляда. Комплект включает в себя 2 пододеяльника 217х146 см, евро простыню 217х240 см и 2 наволочки 70х70 см. Комплект дуэт с двумя пододеяльниками востребован для семейных пар и на кровати и диваны с матрасами больших размеров. Наша компания гарантирует, что наш текстиль подходит для взрослых и детей, не вызывает аллергии, идеально гладится. Мы отвечаем за качество нашей ткани, которая имеет высокую плотность и является абсолютно экологичной. Наш широкий ассортимент постельного декора и различных принтов позволит подобрать постельное бельё в подарок, которое подойдет под любой интерьер, в том числе для квартиры, дома и дачи. Белоснежные и цветные ткани с пастельными принтами, узорами, цветами или прикольными зверюшками создадут в Вашей спальне атмосферу нежности и уюта. Широкий ассортимент размерных решений позволит Вам выбрать подходящий вариант как для стандартных, так и для нестандартных кроватей. Наши текстильные изделия - это идеальный подарок на свадьбу, юбилей, новоселье, День Рождения, Новый год, Рождество, 8 марта, другие праздники или любой другой случай. Наше постельное белье дуэт поплин (на большой евроматрас) вызывает восхищение и восторг у всех его обладателей. Наш гипоаллергенный комплект - это гарантия комфортного сна и отличного отдыха для Вашего тела. Наша компания производит продукцию в Иваново, где мы имеем более чем 20-летний опыт в производстве качественного постельного белья, которое проходит строгий контроль качества и подтверждение соответствия стандартам. Мы рекомендуем нашу продукцию всем, кто ценит качество и классический стиль. Компания ТК Традиция отвечает за качество своих товаров, поэтому Вам останется только наслаждаться восхитительным постельным бельем. Постельное белье Традиция – это проверенные Традиции текстиля, одобренные покупателями Вайлдберриз, 1 миллион проданных товаров, 100 тысяч положительных отзывов (более 4,8 баллов). Отзывы наших клиентов - лучшее подтверждение качества продукции. Сделано в России, производство товаров для дома г. Иваново, текстиль Иваново, Ивановский текстиль. Пусть Ваш дом будет уютным с постельным бельем ""ТК Традиция"".","Добрый день! Принтованные дизайны представлены только в комплектах. Отдельно продаются однотонные изделия из поплина. Приятных Вам покупок. С уважением, команда Текстильной компании ""Традиция"".",0
152717810,"здравствуйте! у вас есть фланелевый комплект из простыни на резинке, двух наволочек 70х50 и двух 1,5-спальных пододеяльников?","{'Ставка НДС': '20', 'Номер сертификата соответствия': 'ЕАЭС RU С-RU.НВ38.В.00606/21', 'Застежка пододеяльника': 'без застежки', 'Комплектация': '1 простынь, 2 пододеяльника, 2 наволочки 70*70', 'Размер постельного белья': 'семейный', 'Повод': 'день рождения', 'Дата окончания действия сертификата/декларации': '25.03.2025', 'Размер простыни': '217х240 см', 'Состав': 'хлопок 100%', 'Количество предметов в упаковке': '5 шт.', 'Страна производства': 'Россия', 'Цвет': 'светло-голубой', 'Назначение текстиля': 'взрослым', 'Вид ткани постельного белья': 'поплин', 'Тип простыни': 'классическая', 'ТНВЭД': '6302210000', 'Размер пододеяльника': '146х217', 'Любимые герои': 'Ивановский текстиль', 'Длина упаковки': '37 см', 'Плотность ткани': '110 г/кв.м', 'Высота упаковки': '9 см', 'Застежка наволочки': 'клапан', 'Дата регистрации сертификата/декларации': '02.07.2021', 'Назначение подарка': 'в дом', 'Вес с упаковкой (кг)': '2.7 кг', 'Комплектность постельного белья': '2 пододеяльника, 1 простыня, 2 наволочки', 'Рисунок': 'цветы и растения', 'Размер наволочки': '70х70 см', 'Ширина упаковки': '28 см'}  Постельное белье семейное поплин. Постельное белье семейное компании ТК «Традиция» - идеальное решение для Вашей спальни! Наш двуспальный комплект из более плотного поплина 110 г/м² - это нежный и восхитительный продукт, производимый из высококачественного сырья. Сделанный из 100% хлопка, этот набор для спальни будет нежным к Вашей коже и вызовет восторг с первого взгляда. Комплект включает в себя 2 пододеяльника 217х146 см, евро простыню 217х240 см и 2 наволочки 70х70 см. Комплект дуэт с двумя пододеяльниками востребован для семейных пар и на кровати и диваны с матрасами больших размеров. Наша компания гарантирует, что наш текстиль подходит для взрослых и детей, не вызывает аллергии, идеально гладится. Мы отвечаем за качество нашей ткани, которая имеет высокую плотность и является абсолютно экологичной. Наш широкий ассортимент постельного декора и различных принтов позволит подобрать постельное бельё в подарок, которое подойдет под любой интерьер, в том числе для квартиры, дома и дачи. Белоснежные и цветные ткани с пастельными принтами, узорами, цветами или прикольными зверюшками создадут в Вашей спальне атмосферу нежности и уюта. Широкий ассортимент размерных решений позволит Вам выбрать подходящий вариант как для стандартных, так и для нестандартных кроватей. Наши текстильные изделия - это идеальный подарок на свадьбу, юбилей, новоселье, День Рождения, Новый год, Рождество, 8 марта, другие праздники или любой другой случай. Наше постельное белье дуэт поплин (на большой евроматрас) вызывает восхищение и восторг у всех его обладателей. Наш гипоаллергенный комплект - это гарантия комфортного сна и отличного отдыха для Вашего тела. Наша компания производит продукцию в Иваново, где мы имеем более чем 20-летний опыт в производстве качественного постельного белья, которое проходит строгий контроль качества и подтверждение соответствия стандартам. Мы рекомендуем нашу продукцию всем, кто ценит качество и классический стиль. Компания ТК Традиция отвечает за качество своих товаров, поэтому Вам останется только наслаждаться восхитительным постельным бельем. Постельное белье Традиция – это проверенные Традиции текстиля, одобренные покупателями Вайлдберриз, 1 миллион проданных товаров, 100 тысяч положительных отзывов (более 4,8 баллов). Отзывы наших клиентов - лучшее подтверждение качества продукции. Сделано в России, производство товаров для дома г. Иваново, текстиль Иваново, Ивановский текстиль. Пусть Ваш дом будет уютным с постельным бельем ""ТК Традиция"".","Добрый день. Такой конфигурации и ткани нет в нашем ассортименте. Рекомендуем обратить внимание на наши популярные дизайны из наличия. С уважением, бренд ""Традиция""",0
2332165,"Добрый вечер, а с чем связана такая цена,весной заказывала эти брюки за 2974,а теперь 5 тыс?","{'Коллекция': 'Осень 2024', 'Уход за вещами': 'стирка при t не более 30°C', 'Декоративные элементы': 'молния', 'ТНВЭД': '6204631800', 'Вид застежки': 'молния', 'Фактура материала': 'гладкая', 'Сезон': 'круглогодичный', 'Цвет': 'глубокий черный', 'Комплектация': 'Брюки', 'Особенности модели': 'дышащий материал', 'Пол': 'Женский', 'Размер на модели': '44', 'Тип посадки': 'средняя', 'Страна производства': 'Беларусь', 'Тип ростовки': 'для высоких', 'Высота упаковки': '4 см', 'Рисунок': 'без рисунка', 'Длина упаковки': '30 см', 'Модель брюк': 'укороченные', 'Рост модели на фото': '173 см', 'Ширина упаковки': '36 см', 'Назначение': 'большие размеры', 'Любимые герои': 'Zara Zarina Lime Uniqlo', 'Тип карманов': 'с отрезным бочком'} {'Российский размер 50-164': 'Обхват бедер, в см 104-108, Обхват талии, в см 78-82, Рост, см 164-170', 'Российский размер 52-164': 'Обхват бедер, в см 108-112, Обхват талии, в см 82-86, Рост, см 164-170', 'Российский размер 54-164': 'Обхват бедер, в см 112-116, Обхват талии, в см 86-90, Рост, см 164-170', 'Российский размер 56-164': 'Обхват бедер, в см 116-120, Обхват талии, в см 90-94, Рост, см 164-170', 'Российский размер 42-164': 'Обхват бедер, в см 88-92, Обхват талии, в см 70-74, Рост, см 164-170', 'Российский размер 44-164': 'Обхват бедер, в см 94-98, Обхват талии, в см 66-70, Рост, см 164-170', 'Российский размер 46-164': 'Обхват бедер, в см 98-102, Обхват талии, в см 70-74, Рост, см 164-170', 'Российский размер 48-164': 'Обхват бедер, в см 102-104, Обхват талии, в см 74-78, Рост, см 164-170', 'Российский размер 52-170': 'Обхват бедер, в см 108-112, Обхват талии, в см 82-86, Рост, см 170-176', 'Российский размер 54-170': 'Обхват бедер, в см 112-116, Обхват талии, в см 86-90, Рост, см 170-176', 'Российский размер 56-170': 'Обхват бедер, в см 116-120, Обхват талии, в см 90-94, Рост, см 170-176', 'Российский размер 42-170': 'Обхват бедер, в см 90-94, Обхват талии, в см 62-66, Рост, см 170-176', 'Российский размер 44-170': 'Обхват бедер, в см 94-98, Обхват талии, в см 66-70, Рост, см 170-176', 'Российский размер 48-170': 'Обхват бедер, в см 102-104, Обхват талии, в см 74-78, Рост, см 170-176', 'Российский размер 42': 'Обхват бедер, в см 90-94, Обхват талии, в см 62-66', 'Российский размер 44': 'Обхват бедер, в см 94-98, Обхват талии, в см 66-70', 'Российский размер 46': 'Обхват бедер, в см 98-102, Обхват талии, в см 70-74', 'Российский размер 48': 'Обхват бедер, в см 100-104, Обхват талии, в см 82-86', 'Российский размер 50': 'Обхват бедер, в см 104-108, Обхват талии, в см 86-90', 'Российский размер 52': 'Обхват бедер, в см 108-112, Обхват талии, в см 82-86', 'Российский размер 54': 'Обхват бедер, в см 112-116, Обхват талии, в см 86-90', 'Российский размер 56': 'Обхват бедер, в см 116-120, Обхват талии, в см 90-94', 'Российский размер 50-170': 'Обхват бедер, в см 104-108, Обхват талии, в см 78-82, Рост, см 170-176', 'Российский размер 46-170': 'Обхват бедер, в см 98-102, Обхват талии, в см 70-74, Рост, см 170-176'} Брюки классические укороченные. Повседневные укороченные черные брюки стрейч 7/8 - универсальная модель подходит для сезона осень, зима и весна. Модель с карманами, шлевками для продевания пояса застегиваются на тесьму-молнию и пуговицу-болт. В боковых швах, внизу, обработаны разрезы, которые застегиваются на тесьму-молнию. Однотонные зауженные штаны к низу могут быть использованы как офисные, деловые, повседневные. Классические брюки прекрасно подойдут для девушек и женщин, хорошо смотрятся на высоких и невысоких, худых, полных и толстых, есть большие оверсайз oversize размеры и маленькие. Femme - современная классика и популярный тренд, Белорусская модная одежда для комфорта. В нашем ассортименте вы можете купить базовые летние, зимние, осенние, весенние вещи для офиса и на каждый день.",Добрый день! Возможно весной была дополнительная акция от WB и цена была ниже. Плюс смена сезона. Хорошего дня!,0
31211424,"какой пылесос моющий посоветуете приобрести, что бы работал без  wi-fi и не через телефон. планируется для пожелого человека без смартфона и интернета.","{'Ширина предмета': '32 см', 'Мощность устройства': '30 Вт', 'Высота предмета': '7.5 см', 'Глубина предмета': '32 см', 'Гарантийный срок': '2 года', 'Максимальный уровень звука/шума': '62 дБ', 'Выходной фильтр': 'HEPA фильтр', 'Объем пылесборника': '0.3 л', 'Ориентация в пространстве': 'Датчики движения вдоль стен', 'Дата регистрации сертификата/декларации': '11.07.2023', 'Индикация робота пылесоса': 'индикация зарядки', 'Комплектация': 'Робот-пылесос, Микрофибра для влажной уборки 2 шт', 'Вес товара без упаковки (г)': '3130 г', 'Питание': 'док-станция', 'Тип пылесборника': 'контейнер', 'Номер сертификата соответствия': 'ЕАЭС RU С-CN.АВ29.В.01434/23', 'Емкость аккумулятора': '2600 мА*ч', 'Вес товара с упаковкой (г)': '4210 г', 'Время автономной работы': '120 мин', 'Дата окончания действия сертификата/декларации': '10.07.2028', 'Материал изделия': 'пластик', 'Время работы (мин)': '120 мин', 'Тип управления': 'управление с телефона', 'Ширина упаковки': '12 см', 'Объем резервуара для воды': '250 мл', 'Высота упаковки': '38 см', 'Допустимая высота препятствия': '15 мм', 'Установка на зарядное устройство': 'автоматическая', 'Страна производства': 'Китай', 'Длина упаковки': '43 см', 'Режимы уборки': 'Полностью автоматическая уборка, Уборка вдоль стены', 'Ограничитель зоны уборки': 'нет', 'Доп. опции робота пылесоса': 'одновременно сухая и влажная уборка', 'Цвет': 'белый', 'Хрупкость': 'хрупкое', 'Модель': 'PVCR G2 0926W Wi-Fi IQ Home', 'Тип уборки': 'влажная'}  Робот-пылесос PVCR G2 0926W Wi-Fi IQ Home c влажной уборкой. Робот-пылесос Polaris PVCR G2 0926W Wi-Fi IQ Home - это умный пылесос, совмещающий сухую и влажную уборку благодаря комбинированному контейнеру 2-в-1 с пылесборником объемом 0,3 л и резервуаром для воды на 0,25 л. Благодаря навигационной системе Gyroinside, робот-пылесос с точностью выполняет алгоритмы движения, обеспечивая тщательную уборку в каждом уголке вашего дома. Карта уборки пространства отображается в приложении Polaris IQ Home. Робот пылесос с влажной и сухой уборкой имеет 4 режима уборки: автоматический, вдоль стен, точечная по спирали, случайный маршрут. Управляйте роботом пылесосом из любой точки мира через приложение Polaris IQ Home на вашем смартфоне. Wi-Fi управление позволяет добавлять неограниченное количество пользователей и настраивать расписание уборки на удобные часы и дни, а также управлять интенсивностью всасывания пыли и подачи воды. Поддержка голосового ассистента Алисы, Маруси и СберСалют делает использование еще проще. Вы можете установить права администратора управления и быть уверенным в защите данных благодаря многоуровневой системе. Робот-пылесос Polaris оснащен универсальной электрощеткой и боковыми щетками, обеспечивая качественное удаление пыли и грязи. Инфракрасные датчики позволяют ориентироваться в пространстве. Срок работы устройства без подзарядки составляет до 120 минут благодаря аккумулятору емкостью 2600 мАч. Автоматический возврат на базу после завершения уборки или для подзарядки аккумулятора. Зарядка длится всего до 5 часов, а уровень шума не превышает 62 дБ, что делает уборку практически бесшумной. Фильтр HEPA 12 улавливает до 99,9% частиц пыли. Polaris — ваш надежный робот-пылесос для дома с функцией сухой и влажной уборки, который упростит бытовые задачи и подарит чистоту и уют!","Добрый день. Спасибо за обращение. Можем порекомендовать вам робот-пылесос  PVCR G2 0926W, он также работает без подключения к Wi-Fi. Запускать робот-пылесос в работу можно с помощью кнопки на корпусе прибора (доступна только сухая уборка). С уважением, Яна – представитель бренда Polaris. Техника для дома и посуда для кухни.",0
31211424,"Здравствуйте. А на пылесос старой версии, где можно приобрести крышку защитную от щетки внутреней?","{'Ширина предмета': '32 см', 'Мощность устройства': '30 Вт', 'Высота предмета': '7.5 см', 'Глубина предмета': '32 см', 'Гарантийный срок': '2 года', 'Максимальный уровень звука/шума': '62 дБ', 'Выходной фильтр': 'HEPA фильтр', 'Объем пылесборника': '0.3 л', 'Ориентация в пространстве': 'Датчики движения вдоль стен', 'Дата регистрации сертификата/декларации': '11.07.2023', 'Индикация робота пылесоса': 'индикация зарядки', 'Комплектация': 'Робот-пылесос, Микрофибра для влажной уборки 2 шт', 'Вес товара без упаковки (г)': '3130 г', 'Питание': 'док-станция', 'Тип пылесборника': 'контейнер', 'Номер сертификата соответствия': 'ЕАЭС RU С-CN.АВ29.В.01434/23', 'Емкость аккумулятора': '2600 мА*ч', 'Вес товара с упаковкой (г)': '4210 г', 'Время автономной работы': '120 мин', 'Дата окончания действия сертификата/декларации': '10.07.2028', 'Материал изделия': 'пластик', 'Время работы (мин)': '120 мин', 'Тип управления': 'управление с телефона', 'Ширина упаковки': '12 см', 'Объем резервуара для воды': '250 мл', 'Высота упаковки': '38 см', 'Допустимая высота препятствия': '15 мм', 'Установка на зарядное устройство': 'автоматическая', 'Страна производства': 'Китай', 'Длина упаковки': '43 см', 'Режимы уборки': 'Полностью автоматическая уборка, Уборка вдоль стены', 'Ограничитель зоны уборки': 'нет', 'Доп. опции робота пылесоса': 'одновременно сухая и влажная уборка', 'Цвет': 'белый', 'Хрупкость': 'хрупкое', 'Модель': 'PVCR G2 0926W Wi-Fi IQ Home', 'Тип уборки': 'влажная'}  Робот-пылесос PVCR G2 0926W Wi-Fi IQ Home c влажной уборкой. Робот-пылесос Polaris PVCR G2 0926W Wi-Fi IQ Home - это умный пылесос, совмещающий сухую и влажную уборку благодаря комбинированному контейнеру 2-в-1 с пылесборником объемом 0,3 л и резервуаром для воды на 0,25 л. Благодаря навигационной системе Gyroinside, робот-пылесос с точностью выполняет алгоритмы движения, обеспечивая тщательную уборку в каждом уголке вашего дома. Карта уборки пространства отображается в приложении Polaris IQ Home. Робот пылесос с влажной и сухой уборкой имеет 4 режима уборки: автоматический, вдоль стен, точечная по спирали, случайный маршрут. Управляйте роботом пылесосом из любой точки мира через приложение Polaris IQ Home на вашем смартфоне. Wi-Fi управление позволяет добавлять неограниченное количество пользователей и настраивать расписание уборки на удобные часы и дни, а также управлять интенсивностью всасывания пыли и подачи воды. Поддержка голосового ассистента Алисы, Маруси и СберСалют делает использование еще проще. Вы можете установить права администратора управления и быть уверенным в защите данных благодаря многоуровневой системе. Робот-пылесос Polaris оснащен универсальной электрощеткой и боковыми щетками, обеспечивая качественное удаление пыли и грязи. Инфракрасные датчики позволяют ориентироваться в пространстве. Срок работы устройства без подзарядки составляет до 120 минут благодаря аккумулятору емкостью 2600 мАч. Автоматический возврат на базу после завершения уборки или для подзарядки аккумулятора. Зарядка длится всего до 5 часов, а уровень шума не превышает 62 дБ, что делает уборку практически бесшумной. Фильтр HEPA 12 улавливает до 99,9% частиц пыли. Polaris — ваш надежный робот-пылесос для дома с функцией сухой и влажной уборки, который упростит бытовые задачи и подарит чистоту и уют!","Добрый день. Спасибо за обращение. Запасные части и аксессуары можно купить в АСЦ. Ближайший к вам сервис посмотрите, пожалуйста, на официальном сайте Polaris в разделе «Сервисные центры». Рекомендуем предварительно уточнить наличие по телефону, который указан там же. С уважением, Яна – представитель бренда Polaris. Техника для дома и посуда для кухни.",0
31211424,"Добрый день, пылесос отгружен в Самару ещё 25 августа, не ждать заказ","{'Ширина предмета': '32 см', 'Мощность устройства': '30 Вт', 'Высота предмета': '7.5 см', 'Глубина предмета': '32 см', 'Гарантийный срок': '2 года', 'Максимальный уровень звука/шума': '62 дБ', 'Выходной фильтр': 'HEPA фильтр', 'Объем пылесборника': '0.3 л', 'Ориентация в пространстве': 'Датчики движения вдоль стен', 'Дата регистрации сертификата/декларации': '11.07.2023', 'Индикация робота пылесоса': 'индикация зарядки', 'Комплектация': 'Робот-пылесос, Микрофибра для влажной уборки 2 шт', 'Вес товара без упаковки (г)': '3130 г', 'Питание': 'док-станция', 'Тип пылесборника': 'контейнер', 'Номер сертификата соответствия': 'ЕАЭС RU С-CN.АВ29.В.01434/23', 'Емкость аккумулятора': '2600 мА*ч', 'Вес товара с упаковкой (г)': '4210 г', 'Время автономной работы': '120 мин', 'Дата окончания действия сертификата/декларации': '10.07.2028', 'Материал изделия': 'пластик', 'Время работы (мин)': '120 мин', 'Тип управления': 'управление с телефона', 'Ширина упаковки': '12 см', 'Объем резервуара для воды': '250 мл', 'Высота упаковки': '38 см', 'Допустимая высота препятствия': '15 мм', 'Установка на зарядное устройство': 'автоматическая', 'Страна производства': 'Китай', 'Длина упаковки': '43 см', 'Режимы уборки': 'Полностью автоматическая уборка, Уборка вдоль стены', 'Ограничитель зоны уборки': 'нет', 'Доп. опции робота пылесоса': 'одновременно сухая и влажная уборка', 'Цвет': 'белый', 'Хрупкость': 'хрупкое', 'Модель': 'PVCR G2 0926W Wi-Fi IQ Home', 'Тип уборки': 'влажная'}  Робот-пылесос PVCR G2 0926W Wi-Fi IQ Home c влажной уборкой. Робот-пылесос Polaris PVCR G2 0926W Wi-Fi IQ Home - это умный пылесос, совмещающий сухую и влажную уборку благодаря комбинированному контейнеру 2-в-1 с пылесборником объемом 0,3 л и резервуаром для воды на 0,25 л. Благодаря навигационной системе Gyroinside, робот-пылесос с точностью выполняет алгоритмы движения, обеспечивая тщательную уборку в каждом уголке вашего дома. Карта уборки пространства отображается в приложении Polaris IQ Home. Робот пылесос с влажной и сухой уборкой имеет 4 режима уборки: автоматический, вдоль стен, точечная по спирали, случайный маршрут. Управляйте роботом пылесосом из любой точки мира через приложение Polaris IQ Home на вашем смартфоне. Wi-Fi управление позволяет добавлять неограниченное количество пользователей и настраивать расписание уборки на удобные часы и дни, а также управлять интенсивностью всасывания пыли и подачи воды. Поддержка голосового ассистента Алисы, Маруси и СберСалют делает использование еще проще. Вы можете установить права администратора управления и быть уверенным в защите данных благодаря многоуровневой системе. Робот-пылесос Polaris оснащен универсальной электрощеткой и боковыми щетками, обеспечивая качественное удаление пыли и грязи. Инфракрасные датчики позволяют ориентироваться в пространстве. Срок работы устройства без подзарядки составляет до 120 минут благодаря аккумулятору емкостью 2600 мАч. Автоматический возврат на базу после завершения уборки или для подзарядки аккумулятора. Зарядка длится всего до 5 часов, а уровень шума не превышает 62 дБ, что делает уборку практически бесшумной. Фильтр HEPA 12 улавливает до 99,9% частиц пыли. Polaris — ваш надежный робот-пылесос для дома с функцией сухой и влажной уборки, который упростит бытовые задачи и подарит чистоту и уют!","Добрый день. Спасибо за обращение. Нам очень жаль, что вы столкнулись с задержками при доставке. К сожалению, мы не можем влиять на сроки поставки товара. Пожалуйста, обратитесь с данным вопросом напрямую к представителю WB через свой личный кабинет. С уважением, Анна – представитель бренда Polaris. Техника для дома и посуда для кухни.",0
31211424,"Здравствуйте! В инструкции указано, что нужно снять транспортировочные пластины с бампера. В описании товара они не указаны. Где они находятся и как их снять?","{'Ширина предмета': '32 см', 'Мощность устройства': '30 Вт', 'Высота предмета': '7.5 см', 'Глубина предмета': '32 см', 'Гарантийный срок': '2 года', 'Максимальный уровень звука/шума': '62 дБ', 'Выходной фильтр': 'HEPA фильтр', 'Объем пылесборника': '0.3 л', 'Ориентация в пространстве': 'Датчики движения вдоль стен', 'Дата регистрации сертификата/декларации': '11.07.2023', 'Индикация робота пылесоса': 'индикация зарядки', 'Комплектация': 'Робот-пылесос, Микрофибра для влажной уборки 2 шт', 'Вес товара без упаковки (г)': '3130 г', 'Питание': 'док-станция', 'Тип пылесборника': 'контейнер', 'Номер сертификата соответствия': 'ЕАЭС RU С-CN.АВ29.В.01434/23', 'Емкость аккумулятора': '2600 мА*ч', 'Вес товара с упаковкой (г)': '4210 г', 'Время автономной работы': '120 мин', 'Дата окончания действия сертификата/декларации': '10.07.2028', 'Материал изделия': 'пластик', 'Время работы (мин)': '120 мин', 'Тип управления': 'управление с телефона', 'Ширина упаковки': '12 см', 'Объем резервуара для воды': '250 мл', 'Высота упаковки': '38 см', 'Допустимая высота препятствия': '15 мм', 'Установка на зарядное устройство': 'автоматическая', 'Страна производства': 'Китай', 'Длина упаковки': '43 см', 'Режимы уборки': 'Полностью автоматическая уборка, Уборка вдоль стены', 'Ограничитель зоны уборки': 'нет', 'Доп. опции робота пылесоса': 'одновременно сухая и влажная уборка', 'Цвет': 'белый', 'Хрупкость': 'хрупкое', 'Модель': 'PVCR G2 0926W Wi-Fi IQ Home', 'Тип уборки': 'влажная'}  Робот-пылесос PVCR G2 0926W Wi-Fi IQ Home c влажной уборкой. Робот-пылесос Polaris PVCR G2 0926W Wi-Fi IQ Home - это умный пылесос, совмещающий сухую и влажную уборку благодаря комбинированному контейнеру 2-в-1 с пылесборником объемом 0,3 л и резервуаром для воды на 0,25 л. Благодаря навигационной системе Gyroinside, робот-пылесос с точностью выполняет алгоритмы движения, обеспечивая тщательную уборку в каждом уголке вашего дома. Карта уборки пространства отображается в приложении Polaris IQ Home. Робот пылесос с влажной и сухой уборкой имеет 4 режима уборки: автоматический, вдоль стен, точечная по спирали, случайный маршрут. Управляйте роботом пылесосом из любой точки мира через приложение Polaris IQ Home на вашем смартфоне. Wi-Fi управление позволяет добавлять неограниченное количество пользователей и настраивать расписание уборки на удобные часы и дни, а также управлять интенсивностью всасывания пыли и подачи воды. Поддержка голосового ассистента Алисы, Маруси и СберСалют делает использование еще проще. Вы можете установить права администратора управления и быть уверенным в защите данных благодаря многоуровневой системе. Робот-пылесос Polaris оснащен универсальной электрощеткой и боковыми щетками, обеспечивая качественное удаление пыли и грязи. Инфракрасные датчики позволяют ориентироваться в пространстве. Срок работы устройства без подзарядки составляет до 120 минут благодаря аккумулятору емкостью 2600 мАч. Автоматический возврат на базу после завершения уборки или для подзарядки аккумулятора. Зарядка длится всего до 5 часов, а уровень шума не превышает 62 дБ, что делает уборку практически бесшумной. Фильтр HEPA 12 улавливает до 99,9% частиц пыли. Polaris — ваш надежный робот-пылесос для дома с функцией сухой и влажной уборки, который упростит бытовые задачи и подарит чистоту и уют!","Добрый день. Спасибо за обращение. Транспортировочная упаковка бампера подразумевает собой белые пенопластовые крепления по бокам прибора. С уважением, Анна – представитель бренда Polaris. Техника для дома и посуда для кухни.",0
31211424,"На сайте отсутствует данная модель,как теперь подключится?!","{'Ширина предмета': '32 см', 'Мощность устройства': '30 Вт', 'Высота предмета': '7.5 см', 'Глубина предмета': '32 см', 'Гарантийный срок': '2 года', 'Максимальный уровень звука/шума': '62 дБ', 'Выходной фильтр': 'HEPA фильтр', 'Объем пылесборника': '0.3 л', 'Ориентация в пространстве': 'Датчики движения вдоль стен', 'Дата регистрации сертификата/декларации': '11.07.2023', 'Индикация робота пылесоса': 'индикация зарядки', 'Комплектация': 'Робот-пылесос, Микрофибра для влажной уборки 2 шт', 'Вес товара без упаковки (г)': '3130 г', 'Питание': 'док-станция', 'Тип пылесборника': 'контейнер', 'Номер сертификата соответствия': 'ЕАЭС RU С-CN.АВ29.В.01434/23', 'Емкость аккумулятора': '2600 мА*ч', 'Вес товара с упаковкой (г)': '4210 г', 'Время автономной работы': '120 мин', 'Дата окончания действия сертификата/декларации': '10.07.2028', 'Материал изделия': 'пластик', 'Время работы (мин)': '120 мин', 'Тип управления': 'управление с телефона', 'Ширина упаковки': '12 см', 'Объем резервуара для воды': '250 мл', 'Высота упаковки': '38 см', 'Допустимая высота препятствия': '15 мм', 'Установка на зарядное устройство': 'автоматическая', 'Страна производства': 'Китай', 'Длина упаковки': '43 см', 'Режимы уборки': 'Полностью автоматическая уборка, Уборка вдоль стены', 'Ограничитель зоны уборки': 'нет', 'Доп. опции робота пылесоса': 'одновременно сухая и влажная уборка', 'Цвет': 'белый', 'Хрупкость': 'хрупкое', 'Модель': 'PVCR G2 0926W Wi-Fi IQ Home', 'Тип уборки': 'влажная'}  Робот-пылесос PVCR G2 0926W Wi-Fi IQ Home c влажной уборкой. Робот-пылесос Polaris PVCR G2 0926W Wi-Fi IQ Home - это умный пылесос, совмещающий сухую и влажную уборку благодаря комбинированному контейнеру 2-в-1 с пылесборником объемом 0,3 л и резервуаром для воды на 0,25 л. Благодаря навигационной системе Gyroinside, робот-пылесос с точностью выполняет алгоритмы движения, обеспечивая тщательную уборку в каждом уголке вашего дома. Карта уборки пространства отображается в приложении Polaris IQ Home. Робот пылесос с влажной и сухой уборкой имеет 4 режима уборки: автоматический, вдоль стен, точечная по спирали, случайный маршрут. Управляйте роботом пылесосом из любой точки мира через приложение Polaris IQ Home на вашем смартфоне. Wi-Fi управление позволяет добавлять неограниченное количество пользователей и настраивать расписание уборки на удобные часы и дни, а также управлять интенсивностью всасывания пыли и подачи воды. Поддержка голосового ассистента Алисы, Маруси и СберСалют делает использование еще проще. Вы можете установить права администратора управления и быть уверенным в защите данных благодаря многоуровневой системе. Робот-пылесос Polaris оснащен универсальной электрощеткой и боковыми щетками, обеспечивая качественное удаление пыли и грязи. Инфракрасные датчики позволяют ориентироваться в пространстве. Срок работы устройства без подзарядки составляет до 120 минут благодаря аккумулятору емкостью 2600 мАч. Автоматический возврат на базу после завершения уборки или для подзарядки аккумулятора. Зарядка длится всего до 5 часов, а уровень шума не превышает 62 дБ, что делает уборку практически бесшумной. Фильтр HEPA 12 улавливает до 99,9% частиц пыли. Polaris — ваш надежный робот-пылесос для дома с функцией сухой и влажной уборки, который упростит бытовые задачи и подарит чистоту и уют!","Добрый день. Спасибо за обращение. Рекомендуем обратиться в службу поддержки в приложении IQ Home (раздел «Профиль» – «Помощь» – «Написать в службу поддержки»). Наши специалисты оперативно помогут в решении возникшей проблемы. 

С уважением, Анна – представитель бренда Polaris. Техника для дома и посуда для кухни.",0
31211424,"Добрый день! Хотела бы поинтересоваться, почему не начислили бонусы на вб кошелек, отзыв оставлен( проверку прошел, не удален, фото/видео и отзыв есть), прошло уже более 14 дней после публикации , но до сих пор ничего не начислилось?","{'Ширина предмета': '32 см', 'Мощность устройства': '30 Вт', 'Высота предмета': '7.5 см', 'Глубина предмета': '32 см', 'Гарантийный срок': '2 года', 'Максимальный уровень звука/шума': '62 дБ', 'Выходной фильтр': 'HEPA фильтр', 'Объем пылесборника': '0.3 л', 'Ориентация в пространстве': 'Датчики движения вдоль стен', 'Дата регистрации сертификата/декларации': '11.07.2023', 'Индикация робота пылесоса': 'индикация зарядки', 'Комплектация': 'Робот-пылесос, Микрофибра для влажной уборки 2 шт', 'Вес товара без упаковки (г)': '3130 г', 'Питание': 'док-станция', 'Тип пылесборника': 'контейнер', 'Номер сертификата соответствия': 'ЕАЭС RU С-CN.АВ29.В.01434/23', 'Емкость аккумулятора': '2600 мА*ч', 'Вес товара с упаковкой (г)': '4210 г', 'Время автономной работы': '120 мин', 'Дата окончания действия сертификата/декларации': '10.07.2028', 'Материал изделия': 'пластик', 'Время работы (мин)': '120 мин', 'Тип управления': 'управление с телефона', 'Ширина упаковки': '12 см', 'Объем резервуара для воды': '250 мл', 'Высота упаковки': '38 см', 'Допустимая высота препятствия': '15 мм', 'Установка на зарядное устройство': 'автоматическая', 'Страна производства': 'Китай', 'Длина упаковки': '43 см', 'Режимы уборки': 'Полностью автоматическая уборка, Уборка вдоль стены', 'Ограничитель зоны уборки': 'нет', 'Доп. опции робота пылесоса': 'одновременно сухая и влажная уборка', 'Цвет': 'белый', 'Хрупкость': 'хрупкое', 'Модель': 'PVCR G2 0926W Wi-Fi IQ Home', 'Тип уборки': 'влажная'}  Робот-пылесос PVCR G2 0926W Wi-Fi IQ Home c влажной уборкой. Робот-пылесос Polaris PVCR G2 0926W Wi-Fi IQ Home - это умный пылесос, совмещающий сухую и влажную уборку благодаря комбинированному контейнеру 2-в-1 с пылесборником объемом 0,3 л и резервуаром для воды на 0,25 л. Благодаря навигационной системе Gyroinside, робот-пылесос с точностью выполняет алгоритмы движения, обеспечивая тщательную уборку в каждом уголке вашего дома. Карта уборки пространства отображается в приложении Polaris IQ Home. Робот пылесос с влажной и сухой уборкой имеет 4 режима уборки: автоматический, вдоль стен, точечная по спирали, случайный маршрут. Управляйте роботом пылесосом из любой точки мира через приложение Polaris IQ Home на вашем смартфоне. Wi-Fi управление позволяет добавлять неограниченное количество пользователей и настраивать расписание уборки на удобные часы и дни, а также управлять интенсивностью всасывания пыли и подачи воды. Поддержка голосового ассистента Алисы, Маруси и СберСалют делает использование еще проще. Вы можете установить права администратора управления и быть уверенным в защите данных благодаря многоуровневой системе. Робот-пылесос Polaris оснащен универсальной электрощеткой и боковыми щетками, обеспечивая качественное удаление пыли и грязи. Инфракрасные датчики позволяют ориентироваться в пространстве. Срок работы устройства без подзарядки составляет до 120 минут благодаря аккумулятору емкостью 2600 мАч. Автоматический возврат на базу после завершения уборки или для подзарядки аккумулятора. Зарядка длится всего до 5 часов, а уровень шума не превышает 62 дБ, что делает уборку практически бесшумной. Фильтр HEPA 12 улавливает до 99,9% частиц пыли. Polaris — ваш надежный робот-пылесос для дома с функцией сухой и влажной уборки, который упростит бытовые задачи и подарит чистоту и уют!","Добрый день. Спасибо за обращение. В этом разделе представитель бренда Polaris отвечает на вопросы о товаре, его особенностях и характеристиках. По поводу работы площадки (размещение отзывов, начисление бонусных баллов и т.п.) обратитесь, пожалуйста, напрямую в WВ через личный кабинет, вкладка «Обратная связь». С уважением, Анна – представитель бренда Polaris. Техника для дома и посуда для кухни.",0
31211424,"Здравствуйте,подскажите на данном пылесосе возможна только одновременно влажная и сухая уборка или же можно включать эти режимы по отдельности?","{'Ширина предмета': '32 см', 'Мощность устройства': '30 Вт', 'Высота предмета': '7.5 см', 'Глубина предмета': '32 см', 'Гарантийный срок': '2 года', 'Максимальный уровень звука/шума': '62 дБ', 'Выходной фильтр': 'HEPA фильтр', 'Объем пылесборника': '0.3 л', 'Ориентация в пространстве': 'Датчики движения вдоль стен', 'Дата регистрации сертификата/декларации': '11.07.2023', 'Индикация робота пылесоса': 'индикация зарядки', 'Комплектация': 'Робот-пылесос, Микрофибра для влажной уборки 2 шт', 'Вес товара без упаковки (г)': '3130 г', 'Питание': 'док-станция', 'Тип пылесборника': 'контейнер', 'Номер сертификата соответствия': 'ЕАЭС RU С-CN.АВ29.В.01434/23', 'Емкость аккумулятора': '2600 мА*ч', 'Вес товара с упаковкой (г)': '4210 г', 'Время автономной работы': '120 мин', 'Дата окончания действия сертификата/декларации': '10.07.2028', 'Материал изделия': 'пластик', 'Время работы (мин)': '120 мин', 'Тип управления': 'управление с телефона', 'Ширина упаковки': '12 см', 'Объем резервуара для воды': '250 мл', 'Высота упаковки': '38 см', 'Допустимая высота препятствия': '15 мм', 'Установка на зарядное устройство': 'автоматическая', 'Страна производства': 'Китай', 'Длина упаковки': '43 см', 'Режимы уборки': 'Полностью автоматическая уборка, Уборка вдоль стены', 'Ограничитель зоны уборки': 'нет', 'Доп. опции робота пылесоса': 'одновременно сухая и влажная уборка', 'Цвет': 'белый', 'Хрупкость': 'хрупкое', 'Модель': 'PVCR G2 0926W Wi-Fi IQ Home', 'Тип уборки': 'влажная'}  Робот-пылесос PVCR G2 0926W Wi-Fi IQ Home c влажной уборкой. Робот-пылесос Polaris PVCR G2 0926W Wi-Fi IQ Home - это умный пылесос, совмещающий сухую и влажную уборку благодаря комбинированному контейнеру 2-в-1 с пылесборником объемом 0,3 л и резервуаром для воды на 0,25 л. Благодаря навигационной системе Gyroinside, робот-пылесос с точностью выполняет алгоритмы движения, обеспечивая тщательную уборку в каждом уголке вашего дома. Карта уборки пространства отображается в приложении Polaris IQ Home. Робот пылесос с влажной и сухой уборкой имеет 4 режима уборки: автоматический, вдоль стен, точечная по спирали, случайный маршрут. Управляйте роботом пылесосом из любой точки мира через приложение Polaris IQ Home на вашем смартфоне. Wi-Fi управление позволяет добавлять неограниченное количество пользователей и настраивать расписание уборки на удобные часы и дни, а также управлять интенсивностью всасывания пыли и подачи воды. Поддержка голосового ассистента Алисы, Маруси и СберСалют делает использование еще проще. Вы можете установить права администратора управления и быть уверенным в защите данных благодаря многоуровневой системе. Робот-пылесос Polaris оснащен универсальной электрощеткой и боковыми щетками, обеспечивая качественное удаление пыли и грязи. Инфракрасные датчики позволяют ориентироваться в пространстве. Срок работы устройства без подзарядки составляет до 120 минут благодаря аккумулятору емкостью 2600 мАч. Автоматический возврат на базу после завершения уборки или для подзарядки аккумулятора. Зарядка длится всего до 5 часов, а уровень шума не превышает 62 дБ, что делает уборку практически бесшумной. Фильтр HEPA 12 улавливает до 99,9% частиц пыли. Polaris — ваш надежный робот-пылесос для дома с функцией сухой и влажной уборки, который упростит бытовые задачи и подарит чистоту и уют!","Добрый день. Спасибо за обращение. Данная модель робота-пылесоса поддерживает сухую и комбинированную уборку. С уважением, Анна – представитель бренда Polaris. Техника для дома и посуда для кухни.",1
31211424,колеса с ресорами?,"{'Ширина предмета': '32 см', 'Мощность устройства': '30 Вт', 'Высота предмета': '7.5 см', 'Глубина предмета': '32 см', 'Гарантийный срок': '2 года', 'Максимальный уровень звука/шума': '62 дБ', 'Выходной фильтр': 'HEPA фильтр', 'Объем пылесборника': '0.3 л', 'Ориентация в пространстве': 'Датчики движения вдоль стен', 'Дата регистрации сертификата/декларации': '11.07.2023', 'Индикация робота пылесоса': 'индикация зарядки', 'Комплектация': 'Робот-пылесос, Микрофибра для влажной уборки 2 шт', 'Вес товара без упаковки (г)': '3130 г', 'Питание': 'док-станция', 'Тип пылесборника': 'контейнер', 'Номер сертификата соответствия': 'ЕАЭС RU С-CN.АВ29.В.01434/23', 'Емкость аккумулятора': '2600 мА*ч', 'Вес товара с упаковкой (г)': '4210 г', 'Время автономной работы': '120 мин', 'Дата окончания действия сертификата/декларации': '10.07.2028', 'Материал изделия': 'пластик', 'Время работы (мин)': '120 мин', 'Тип управления': 'управление с телефона', 'Ширина упаковки': '12 см', 'Объем резервуара для воды': '250 мл', 'Высота упаковки': '38 см', 'Допустимая высота препятствия': '15 мм', 'Установка на зарядное устройство': 'автоматическая', 'Страна производства': 'Китай', 'Длина упаковки': '43 см', 'Режимы уборки': 'Полностью автоматическая уборка, Уборка вдоль стены', 'Ограничитель зоны уборки': 'нет', 'Доп. опции робота пылесоса': 'одновременно сухая и влажная уборка', 'Цвет': 'белый', 'Хрупкость': 'хрупкое', 'Модель': 'PVCR G2 0926W Wi-Fi IQ Home', 'Тип уборки': 'влажная'}  Робот-пылесос PVCR G2 0926W Wi-Fi IQ Home c влажной уборкой. Робот-пылесос Polaris PVCR G2 0926W Wi-Fi IQ Home - это умный пылесос, совмещающий сухую и влажную уборку благодаря комбинированному контейнеру 2-в-1 с пылесборником объемом 0,3 л и резервуаром для воды на 0,25 л. Благодаря навигационной системе Gyroinside, робот-пылесос с точностью выполняет алгоритмы движения, обеспечивая тщательную уборку в каждом уголке вашего дома. Карта уборки пространства отображается в приложении Polaris IQ Home. Робот пылесос с влажной и сухой уборкой имеет 4 режима уборки: автоматический, вдоль стен, точечная по спирали, случайный маршрут. Управляйте роботом пылесосом из любой точки мира через приложение Polaris IQ Home на вашем смартфоне. Wi-Fi управление позволяет добавлять неограниченное количество пользователей и настраивать расписание уборки на удобные часы и дни, а также управлять интенсивностью всасывания пыли и подачи воды. Поддержка голосового ассистента Алисы, Маруси и СберСалют делает использование еще проще. Вы можете установить права администратора управления и быть уверенным в защите данных благодаря многоуровневой системе. Робот-пылесос Polaris оснащен универсальной электрощеткой и боковыми щетками, обеспечивая качественное удаление пыли и грязи. Инфракрасные датчики позволяют ориентироваться в пространстве. Срок работы устройства без подзарядки составляет до 120 минут благодаря аккумулятору емкостью 2600 мАч. Автоматический возврат на базу после завершения уборки или для подзарядки аккумулятора. Зарядка длится всего до 5 часов, а уровень шума не превышает 62 дБ, что делает уборку практически бесшумной. Фильтр HEPA 12 улавливает до 99,9% частиц пыли. Polaris — ваш надежный робот-пылесос для дома с функцией сухой и влажной уборки, который упростит бытовые задачи и подарит чистоту и уют!","Добрый день. Спасибо за обращение. Привода колес рессор не имеют, они подпружинены. С уважением, Анна – представитель бренда Polaris. Техника для дома и посуда для кухни.",0
31211424,Чёрный и белый пылесосы чем-то отличаются по функционалу?,"{'Ширина предмета': '32 см', 'Мощность устройства': '30 Вт', 'Высота предмета': '7.5 см', 'Глубина предмета': '32 см', 'Гарантийный срок': '2 года', 'Максимальный уровень звука/шума': '62 дБ', 'Выходной фильтр': 'HEPA фильтр', 'Объем пылесборника': '0.3 л', 'Ориентация в пространстве': 'Датчики движения вдоль стен', 'Дата регистрации сертификата/декларации': '11.07.2023', 'Индикация робота пылесоса': 'индикация зарядки', 'Комплектация': 'Робот-пылесос, Микрофибра для влажной уборки 2 шт', 'Вес товара без упаковки (г)': '3130 г', 'Питание': 'док-станция', 'Тип пылесборника': 'контейнер', 'Номер сертификата соответствия': 'ЕАЭС RU С-CN.АВ29.В.01434/23', 'Емкость аккумулятора': '2600 мА*ч', 'Вес товара с упаковкой (г)': '4210 г', 'Время автономной работы': '120 мин', 'Дата окончания действия сертификата/декларации': '10.07.2028', 'Материал изделия': 'пластик', 'Время работы (мин)': '120 мин', 'Тип управления': 'управление с телефона', 'Ширина упаковки': '12 см', 'Объем резервуара для воды': '250 мл', 'Высота упаковки': '38 см', 'Допустимая высота препятствия': '15 мм', 'Установка на зарядное устройство': 'автоматическая', 'Страна производства': 'Китай', 'Длина упаковки': '43 см', 'Режимы уборки': 'Полностью автоматическая уборка, Уборка вдоль стены', 'Ограничитель зоны уборки': 'нет', 'Доп. опции робота пылесоса': 'одновременно сухая и влажная уборка', 'Цвет': 'белый', 'Хрупкость': 'хрупкое', 'Модель': 'PVCR G2 0926W Wi-Fi IQ Home', 'Тип уборки': 'влажная'}  Робот-пылесос PVCR G2 0926W Wi-Fi IQ Home c влажной уборкой. Робот-пылесос Polaris PVCR G2 0926W Wi-Fi IQ Home - это умный пылесос, совмещающий сухую и влажную уборку благодаря комбинированному контейнеру 2-в-1 с пылесборником объемом 0,3 л и резервуаром для воды на 0,25 л. Благодаря навигационной системе Gyroinside, робот-пылесос с точностью выполняет алгоритмы движения, обеспечивая тщательную уборку в каждом уголке вашего дома. Карта уборки пространства отображается в приложении Polaris IQ Home. Робот пылесос с влажной и сухой уборкой имеет 4 режима уборки: автоматический, вдоль стен, точечная по спирали, случайный маршрут. Управляйте роботом пылесосом из любой точки мира через приложение Polaris IQ Home на вашем смартфоне. Wi-Fi управление позволяет добавлять неограниченное количество пользователей и настраивать расписание уборки на удобные часы и дни, а также управлять интенсивностью всасывания пыли и подачи воды. Поддержка голосового ассистента Алисы, Маруси и СберСалют делает использование еще проще. Вы можете установить права администратора управления и быть уверенным в защите данных благодаря многоуровневой системе. Робот-пылесос Polaris оснащен универсальной электрощеткой и боковыми щетками, обеспечивая качественное удаление пыли и грязи. Инфракрасные датчики позволяют ориентироваться в пространстве. Срок работы устройства без подзарядки составляет до 120 минут благодаря аккумулятору емкостью 2600 мАч. Автоматический возврат на базу после завершения уборки или для подзарядки аккумулятора. Зарядка длится всего до 5 часов, а уровень шума не превышает 62 дБ, что делает уборку практически бесшумной. Фильтр HEPA 12 улавливает до 99,9% частиц пыли. Polaris — ваш надежный робот-пылесос для дома с функцией сухой и влажной уборки, который упростит бытовые задачи и подарит чистоту и уют!","Добрый день. Спасибо за обращение. Это одна и та же модель, представленная в двух разных цветах. Это основное отличие роботов-пылесосов. 

С уважением, Анна – представитель бренда Polaris. Техника для дома и посуда для кухни.",0
31211424,"Добрый вечер, а есть гарантия на пылесос в течение какого времени можно вернуть если окажется не рабочим?","{'Ширина предмета': '32 см', 'Мощность устройства': '30 Вт', 'Высота предмета': '7.5 см', 'Глубина предмета': '32 см', 'Гарантийный срок': '2 года', 'Максимальный уровень звука/шума': '62 дБ', 'Выходной фильтр': 'HEPA фильтр', 'Объем пылесборника': '0.3 л', 'Ориентация в пространстве': 'Датчики движения вдоль стен', 'Дата регистрации сертификата/декларации': '11.07.2023', 'Индикация робота пылесоса': 'индикация зарядки', 'Комплектация': 'Робот-пылесос, Микрофибра для влажной уборки 2 шт', 'Вес товара без упаковки (г)': '3130 г', 'Питание': 'док-станция', 'Тип пылесборника': 'контейнер', 'Номер сертификата соответствия': 'ЕАЭС RU С-CN.АВ29.В.01434/23', 'Емкость аккумулятора': '2600 мА*ч', 'Вес товара с упаковкой (г)': '4210 г', 'Время автономной работы': '120 мин', 'Дата окончания действия сертификата/декларации': '10.07.2028', 'Материал изделия': 'пластик', 'Время работы (мин)': '120 мин', 'Тип управления': 'управление с телефона', 'Ширина упаковки': '12 см', 'Объем резервуара для воды': '250 мл', 'Высота упаковки': '38 см', 'Допустимая высота препятствия': '15 мм', 'Установка на зарядное устройство': 'автоматическая', 'Страна производства': 'Китай', 'Длина упаковки': '43 см', 'Режимы уборки': 'Полностью автоматическая уборка, Уборка вдоль стены', 'Ограничитель зоны уборки': 'нет', 'Доп. опции робота пылесоса': 'одновременно сухая и влажная уборка', 'Цвет': 'белый', 'Хрупкость': 'хрупкое', 'Модель': 'PVCR G2 0926W Wi-Fi IQ Home', 'Тип уборки': 'влажная'}  Робот-пылесос PVCR G2 0926W Wi-Fi IQ Home c влажной уборкой. Робот-пылесос Polaris PVCR G2 0926W Wi-Fi IQ Home - это умный пылесос, совмещающий сухую и влажную уборку благодаря комбинированному контейнеру 2-в-1 с пылесборником объемом 0,3 л и резервуаром для воды на 0,25 л. Благодаря навигационной системе Gyroinside, робот-пылесос с точностью выполняет алгоритмы движения, обеспечивая тщательную уборку в каждом уголке вашего дома. Карта уборки пространства отображается в приложении Polaris IQ Home. Робот пылесос с влажной и сухой уборкой имеет 4 режима уборки: автоматический, вдоль стен, точечная по спирали, случайный маршрут. Управляйте роботом пылесосом из любой точки мира через приложение Polaris IQ Home на вашем смартфоне. Wi-Fi управление позволяет добавлять неограниченное количество пользователей и настраивать расписание уборки на удобные часы и дни, а также управлять интенсивностью всасывания пыли и подачи воды. Поддержка голосового ассистента Алисы, Маруси и СберСалют делает использование еще проще. Вы можете установить права администратора управления и быть уверенным в защите данных благодаря многоуровневой системе. Робот-пылесос Polaris оснащен универсальной электрощеткой и боковыми щетками, обеспечивая качественное удаление пыли и грязи. Инфракрасные датчики позволяют ориентироваться в пространстве. Срок работы устройства без подзарядки составляет до 120 минут благодаря аккумулятору емкостью 2600 мАч. Автоматический возврат на базу после завершения уборки или для подзарядки аккумулятора. Зарядка длится всего до 5 часов, а уровень шума не превышает 62 дБ, что делает уборку практически бесшумной. Фильтр HEPA 12 улавливает до 99,9% частиц пыли. Polaris — ваш надежный робот-пылесос для дома с функцией сухой и влажной уборки, который упростит бытовые задачи и подарит чистоту и уют!","Добрый день. Спасибо за обращение. Гарантийный срок на прибор – 2 года со дня покупки. Для получения гарантийных услуг необходимо обратиться в АСЦ Polaris. Контакты ближайшего АСЦ можно посмотреть на сайте Polaris в разделе «Сервисные центры». Если недостаток признают производственным, вам будет предложен гарантийный ремонт или акт для возврата товара продавцу. 

С уважением, Анна – представитель бренда Polaris. Техника для дома и посуда для кухни.",0
31211424,Колеса с рессорами?,"{'Ширина предмета': '32 см', 'Мощность устройства': '30 Вт', 'Высота предмета': '7.5 см', 'Глубина предмета': '32 см', 'Гарантийный срок': '2 года', 'Максимальный уровень звука/шума': '62 дБ', 'Выходной фильтр': 'HEPA фильтр', 'Объем пылесборника': '0.3 л', 'Ориентация в пространстве': 'Датчики движения вдоль стен', 'Дата регистрации сертификата/декларации': '11.07.2023', 'Индикация робота пылесоса': 'индикация зарядки', 'Комплектация': 'Робот-пылесос, Микрофибра для влажной уборки 2 шт', 'Вес товара без упаковки (г)': '3130 г', 'Питание': 'док-станция', 'Тип пылесборника': 'контейнер', 'Номер сертификата соответствия': 'ЕАЭС RU С-CN.АВ29.В.01434/23', 'Емкость аккумулятора': '2600 мА*ч', 'Вес товара с упаковкой (г)': '4210 г', 'Время автономной работы': '120 мин', 'Дата окончания действия сертификата/декларации': '10.07.2028', 'Материал изделия': 'пластик', 'Время работы (мин)': '120 мин', 'Тип управления': 'управление с телефона', 'Ширина упаковки': '12 см', 'Объем резервуара для воды': '250 мл', 'Высота упаковки': '38 см', 'Допустимая высота препятствия': '15 мм', 'Установка на зарядное устройство': 'автоматическая', 'Страна производства': 'Китай', 'Длина упаковки': '43 см', 'Режимы уборки': 'Полностью автоматическая уборка, Уборка вдоль стены', 'Ограничитель зоны уборки': 'нет', 'Доп. опции робота пылесоса': 'одновременно сухая и влажная уборка', 'Цвет': 'белый', 'Хрупкость': 'хрупкое', 'Модель': 'PVCR G2 0926W Wi-Fi IQ Home', 'Тип уборки': 'влажная'}  Робот-пылесос PVCR G2 0926W Wi-Fi IQ Home c влажной уборкой. Робот-пылесос Polaris PVCR G2 0926W Wi-Fi IQ Home - это умный пылесос, совмещающий сухую и влажную уборку благодаря комбинированному контейнеру 2-в-1 с пылесборником объемом 0,3 л и резервуаром для воды на 0,25 л. Благодаря навигационной системе Gyroinside, робот-пылесос с точностью выполняет алгоритмы движения, обеспечивая тщательную уборку в каждом уголке вашего дома. Карта уборки пространства отображается в приложении Polaris IQ Home. Робот пылесос с влажной и сухой уборкой имеет 4 режима уборки: автоматический, вдоль стен, точечная по спирали, случайный маршрут. Управляйте роботом пылесосом из любой точки мира через приложение Polaris IQ Home на вашем смартфоне. Wi-Fi управление позволяет добавлять неограниченное количество пользователей и настраивать расписание уборки на удобные часы и дни, а также управлять интенсивностью всасывания пыли и подачи воды. Поддержка голосового ассистента Алисы, Маруси и СберСалют делает использование еще проще. Вы можете установить права администратора управления и быть уверенным в защите данных благодаря многоуровневой системе. Робот-пылесос Polaris оснащен универсальной электрощеткой и боковыми щетками, обеспечивая качественное удаление пыли и грязи. Инфракрасные датчики позволяют ориентироваться в пространстве. Срок работы устройства без подзарядки составляет до 120 минут благодаря аккумулятору емкостью 2600 мАч. Автоматический возврат на базу после завершения уборки или для подзарядки аккумулятора. Зарядка длится всего до 5 часов, а уровень шума не превышает 62 дБ, что делает уборку практически бесшумной. Фильтр HEPA 12 улавливает до 99,9% частиц пыли. Polaris — ваш надежный робот-пылесос для дома с функцией сухой и влажной уборки, который упростит бытовые задачи и подарит чистоту и уют!","Добрый день. Спасибо за обращение. Привода колес рессор не имеют, они подпружинены. С уважением, Анна – представитель бренда Polaris. Техника для дома и посуда для кухни.",0
31211424,Добрый день! Возможна ли влажная уборка без wi-fi?,"{'Ширина предмета': '32 см', 'Мощность устройства': '30 Вт', 'Высота предмета': '7.5 см', 'Глубина предмета': '32 см', 'Гарантийный срок': '2 года', 'Максимальный уровень звука/шума': '62 дБ', 'Выходной фильтр': 'HEPA фильтр', 'Объем пылесборника': '0.3 л', 'Ориентация в пространстве': 'Датчики движения вдоль стен', 'Дата регистрации сертификата/декларации': '11.07.2023', 'Индикация робота пылесоса': 'индикация зарядки', 'Комплектация': 'Робот-пылесос, Микрофибра для влажной уборки 2 шт', 'Вес товара без упаковки (г)': '3130 г', 'Питание': 'док-станция', 'Тип пылесборника': 'контейнер', 'Номер сертификата соответствия': 'ЕАЭС RU С-CN.АВ29.В.01434/23', 'Емкость аккумулятора': '2600 мА*ч', 'Вес товара с упаковкой (г)': '4210 г', 'Время автономной работы': '120 мин', 'Дата окончания действия сертификата/декларации': '10.07.2028', 'Материал изделия': 'пластик', 'Время работы (мин)': '120 мин', 'Тип управления': 'управление с телефона', 'Ширина упаковки': '12 см', 'Объем резервуара для воды': '250 мл', 'Высота упаковки': '38 см', 'Допустимая высота препятствия': '15 мм', 'Установка на зарядное устройство': 'автоматическая', 'Страна производства': 'Китай', 'Длина упаковки': '43 см', 'Режимы уборки': 'Полностью автоматическая уборка, Уборка вдоль стены', 'Ограничитель зоны уборки': 'нет', 'Доп. опции робота пылесоса': 'одновременно сухая и влажная уборка', 'Цвет': 'белый', 'Хрупкость': 'хрупкое', 'Модель': 'PVCR G2 0926W Wi-Fi IQ Home', 'Тип уборки': 'влажная'}  Робот-пылесос PVCR G2 0926W Wi-Fi IQ Home c влажной уборкой. Робот-пылесос Polaris PVCR G2 0926W Wi-Fi IQ Home - это умный пылесос, совмещающий сухую и влажную уборку благодаря комбинированному контейнеру 2-в-1 с пылесборником объемом 0,3 л и резервуаром для воды на 0,25 л. Благодаря навигационной системе Gyroinside, робот-пылесос с точностью выполняет алгоритмы движения, обеспечивая тщательную уборку в каждом уголке вашего дома. Карта уборки пространства отображается в приложении Polaris IQ Home. Робот пылесос с влажной и сухой уборкой имеет 4 режима уборки: автоматический, вдоль стен, точечная по спирали, случайный маршрут. Управляйте роботом пылесосом из любой точки мира через приложение Polaris IQ Home на вашем смартфоне. Wi-Fi управление позволяет добавлять неограниченное количество пользователей и настраивать расписание уборки на удобные часы и дни, а также управлять интенсивностью всасывания пыли и подачи воды. Поддержка голосового ассистента Алисы, Маруси и СберСалют делает использование еще проще. Вы можете установить права администратора управления и быть уверенным в защите данных благодаря многоуровневой системе. Робот-пылесос Polaris оснащен универсальной электрощеткой и боковыми щетками, обеспечивая качественное удаление пыли и грязи. Инфракрасные датчики позволяют ориентироваться в пространстве. Срок работы устройства без подзарядки составляет до 120 минут благодаря аккумулятору емкостью 2600 мАч. Автоматический возврат на базу после завершения уборки или для подзарядки аккумулятора. Зарядка длится всего до 5 часов, а уровень шума не превышает 62 дБ, что делает уборку практически бесшумной. Фильтр HEPA 12 улавливает до 99,9% частиц пыли. Polaris — ваш надежный робот-пылесос для дома с функцией сухой и влажной уборки, который упростит бытовые задачи и подарит чистоту и уют!","Добрый день. Спасибо за обращение. Активировать влажную уборку можно через приложение Polaris IQ Home. Без подключения робота-пылесоса к Wi-Fi можно запускать только сухую уборку с помощью кнопки на корпусе прибора. С уважением, Майя – представитель бренда Polaris. Техника для дома и посуда для кухни.",0
31211424,здравствуйте а он разговаривает?,"{'Ширина предмета': '32 см', 'Мощность устройства': '30 Вт', 'Высота предмета': '7.5 см', 'Глубина предмета': '32 см', 'Гарантийный срок': '2 года', 'Максимальный уровень звука/шума': '62 дБ', 'Выходной фильтр': 'HEPA фильтр', 'Объем пылесборника': '0.3 л', 'Ориентация в пространстве': 'Датчики движения вдоль стен', 'Дата регистрации сертификата/декларации': '11.07.2023', 'Индикация робота пылесоса': 'индикация зарядки', 'Комплектация': 'Робот-пылесос, Микрофибра для влажной уборки 2 шт', 'Вес товара без упаковки (г)': '3130 г', 'Питание': 'док-станция', 'Тип пылесборника': 'контейнер', 'Номер сертификата соответствия': 'ЕАЭС RU С-CN.АВ29.В.01434/23', 'Емкость аккумулятора': '2600 мА*ч', 'Вес товара с упаковкой (г)': '4210 г', 'Время автономной работы': '120 мин', 'Дата окончания действия сертификата/декларации': '10.07.2028', 'Материал изделия': 'пластик', 'Время работы (мин)': '120 мин', 'Тип управления': 'управление с телефона', 'Ширина упаковки': '12 см', 'Объем резервуара для воды': '250 мл', 'Высота упаковки': '38 см', 'Допустимая высота препятствия': '15 мм', 'Установка на зарядное устройство': 'автоматическая', 'Страна производства': 'Китай', 'Длина упаковки': '43 см', 'Режимы уборки': 'Полностью автоматическая уборка, Уборка вдоль стены', 'Ограничитель зоны уборки': 'нет', 'Доп. опции робота пылесоса': 'одновременно сухая и влажная уборка', 'Цвет': 'белый', 'Хрупкость': 'хрупкое', 'Модель': 'PVCR G2 0926W Wi-Fi IQ Home', 'Тип уборки': 'влажная'}  Робот-пылесос PVCR G2 0926W Wi-Fi IQ Home c влажной уборкой. Робот-пылесос Polaris PVCR G2 0926W Wi-Fi IQ Home - это умный пылесос, совмещающий сухую и влажную уборку благодаря комбинированному контейнеру 2-в-1 с пылесборником объемом 0,3 л и резервуаром для воды на 0,25 л. Благодаря навигационной системе Gyroinside, робот-пылесос с точностью выполняет алгоритмы движения, обеспечивая тщательную уборку в каждом уголке вашего дома. Карта уборки пространства отображается в приложении Polaris IQ Home. Робот пылесос с влажной и сухой уборкой имеет 4 режима уборки: автоматический, вдоль стен, точечная по спирали, случайный маршрут. Управляйте роботом пылесосом из любой точки мира через приложение Polaris IQ Home на вашем смартфоне. Wi-Fi управление позволяет добавлять неограниченное количество пользователей и настраивать расписание уборки на удобные часы и дни, а также управлять интенсивностью всасывания пыли и подачи воды. Поддержка голосового ассистента Алисы, Маруси и СберСалют делает использование еще проще. Вы можете установить права администратора управления и быть уверенным в защите данных благодаря многоуровневой системе. Робот-пылесос Polaris оснащен универсальной электрощеткой и боковыми щетками, обеспечивая качественное удаление пыли и грязи. Инфракрасные датчики позволяют ориентироваться в пространстве. Срок работы устройства без подзарядки составляет до 120 минут благодаря аккумулятору емкостью 2600 мАч. Автоматический возврат на базу после завершения уборки или для подзарядки аккумулятора. Зарядка длится всего до 5 часов, а уровень шума не превышает 62 дБ, что делает уборку практически бесшумной. Фильтр HEPA 12 улавливает до 99,9% частиц пыли. Polaris — ваш надежный робот-пылесос для дома с функцией сухой и влажной уборки, который упростит бытовые задачи и подарит чистоту и уют!","Добрый день. Спасибо за обращение. Функция голосового оповещения не предусмотрена в данной модели. Можем порекомендовать с такой возможностью робот-пылесос PVCR 6001 Wi–Fi IQ Home, арт.: 170185428. С уважением, Анна – представитель бренда Polaris. Техника для дома и посуда для кухни.",1
31211424,"Здравствуйте! Модель 0926W можно упоавлять с приложения , и как воспользоваться  влажной уборкой без приложения ?","{'Ширина предмета': '32 см', 'Мощность устройства': '30 Вт', 'Высота предмета': '7.5 см', 'Глубина предмета': '32 см', 'Гарантийный срок': '2 года', 'Максимальный уровень звука/шума': '62 дБ', 'Выходной фильтр': 'HEPA фильтр', 'Объем пылесборника': '0.3 л', 'Ориентация в пространстве': 'Датчики движения вдоль стен', 'Дата регистрации сертификата/декларации': '11.07.2023', 'Индикация робота пылесоса': 'индикация зарядки', 'Комплектация': 'Робот-пылесос, Микрофибра для влажной уборки 2 шт', 'Вес товара без упаковки (г)': '3130 г', 'Питание': 'док-станция', 'Тип пылесборника': 'контейнер', 'Номер сертификата соответствия': 'ЕАЭС RU С-CN.АВ29.В.01434/23', 'Емкость аккумулятора': '2600 мА*ч', 'Вес товара с упаковкой (г)': '4210 г', 'Время автономной работы': '120 мин', 'Дата окончания действия сертификата/декларации': '10.07.2028', 'Материал изделия': 'пластик', 'Время работы (мин)': '120 мин', 'Тип управления': 'управление с телефона', 'Ширина упаковки': '12 см', 'Объем резервуара для воды': '250 мл', 'Высота упаковки': '38 см', 'Допустимая высота препятствия': '15 мм', 'Установка на зарядное устройство': 'автоматическая', 'Страна производства': 'Китай', 'Длина упаковки': '43 см', 'Режимы уборки': 'Полностью автоматическая уборка, Уборка вдоль стены', 'Ограничитель зоны уборки': 'нет', 'Доп. опции робота пылесоса': 'одновременно сухая и влажная уборка', 'Цвет': 'белый', 'Хрупкость': 'хрупкое', 'Модель': 'PVCR G2 0926W Wi-Fi IQ Home', 'Тип уборки': 'влажная'}  Робот-пылесос PVCR G2 0926W Wi-Fi IQ Home c влажной уборкой. Робот-пылесос Polaris PVCR G2 0926W Wi-Fi IQ Home - это умный пылесос, совмещающий сухую и влажную уборку благодаря комбинированному контейнеру 2-в-1 с пылесборником объемом 0,3 л и резервуаром для воды на 0,25 л. Благодаря навигационной системе Gyroinside, робот-пылесос с точностью выполняет алгоритмы движения, обеспечивая тщательную уборку в каждом уголке вашего дома. Карта уборки пространства отображается в приложении Polaris IQ Home. Робот пылесос с влажной и сухой уборкой имеет 4 режима уборки: автоматический, вдоль стен, точечная по спирали, случайный маршрут. Управляйте роботом пылесосом из любой точки мира через приложение Polaris IQ Home на вашем смартфоне. Wi-Fi управление позволяет добавлять неограниченное количество пользователей и настраивать расписание уборки на удобные часы и дни, а также управлять интенсивностью всасывания пыли и подачи воды. Поддержка голосового ассистента Алисы, Маруси и СберСалют делает использование еще проще. Вы можете установить права администратора управления и быть уверенным в защите данных благодаря многоуровневой системе. Робот-пылесос Polaris оснащен универсальной электрощеткой и боковыми щетками, обеспечивая качественное удаление пыли и грязи. Инфракрасные датчики позволяют ориентироваться в пространстве. Срок работы устройства без подзарядки составляет до 120 минут благодаря аккумулятору емкостью 2600 мАч. Автоматический возврат на базу после завершения уборки или для подзарядки аккумулятора. Зарядка длится всего до 5 часов, а уровень шума не превышает 62 дБ, что делает уборку практически бесшумной. Фильтр HEPA 12 улавливает до 99,9% частиц пыли. Polaris — ваш надежный робот-пылесос для дома с функцией сухой и влажной уборки, который упростит бытовые задачи и подарит чистоту и уют!","Добрый день. Спасибо за обращение. Роботом-пылесосом G2 0926W можно управлять удаленно с помощью приложения IQ Home или голосовых помощников. Если вы имеете в виду модель 0926W, то она работает без голосовых помощников. 

Влажную уборку у модели G2 0926W можно включить только с помощью приложения. С уважением, Майя – представитель бренда Polaris. Техника для дома и посуда для кухни.",1
226457302,"почему при заказе одна цена, а при получении другая, причем даже без карты цена выше ???","{'Состав': '72% полиэстер', 'Назначение': 'повседневная', 'Пол': 'Женский', 'Модель брюк': 'классические', 'Рисунок': 'нет', 'Вид застежки': 'молния', 'Рост модели на фото': '170 см', 'Страна производства': 'Беларусь', 'Коллекция': 'Весна-Лето 2024', 'Любимые герои': 'Zara Zarina Lime Uniqlo', 'Цвет': 'бежевый', 'Ширина упаковки': '36 см', 'Высота упаковки': '4 см', 'Фактура материала': 'гладкая', 'Уход за вещами': 'стирка при t не более 30°C', 'Комплектация': 'брюки', 'Тип ростовки': 'для высоких', 'Размер на модели': '42', 'Сезон': 'круглогодичный', 'ТНВЭД': '6204631800', 'Тип посадки': 'средняя', 'Тип карманов': 'без карманов', 'Длина упаковки': '30 см'} {'Российский размер 50': 'Обхват бедер, в см 104-108, Обхват талии, в см 86-90', 'Российский размер 52': 'Обхват бедер, в см 108-112, Обхват талии, в см 82-86', 'Российский размер 54': 'Обхват бедер, в см 112-116, Обхват талии, в см 86-90', 'Российский размер 56': 'Обхват бедер, в см 116-120, Обхват талии, в см 90-94', 'Российский размер 58': 'Обхват бедер, в см 120-124, Обхват талии, в см 94-98', 'Российский размер 60': 'Обхват бедер, в см 124-128, Обхват талии, в см 98-102', 'Российский размер 62': 'Обхват бедер, в см 128-132, Обхват талии, в см 102-106', 'Российский размер 64': 'Обхват бедер, в см 132-136, Обхват талии, в см 106-110', 'Российский размер 66': 'Обхват бедер, в см 136-140, Обхват талии, в см 110-114', 'Российский размер 68': 'Обхват бедер, в см 140-144, Обхват талии, в см 114-118', 'Российский размер 70': 'Обхват бедер, в см 144-148, Обхват талии, в см 118-122', 'Российский размер 44': 'Обхват бедер, в см 94-98, Обхват талии, в см 66-70', 'Российский размер 46': 'Обхват бедер, в см 98-102, Обхват талии, в см 70-74', 'Российский размер 48': 'Обхват бедер, в см 100-104, Обхват талии, в см 82-86'} Брюки классические прямые. Классические прямые брюки со стрелками, пояс на корсажной ленте - резинке. Подходят для сезона лето, осень, зима и весна, произведены из прочной, износостойкой ткани. Модель классика застегивается на тесьму-молнию и пуговицу-болт. Красивые, молодежные брюки с оптимальной и удобной посадкой, приятные на ощупь и к телу, не мнутся, эластичные и легкие, не требуют специального ухода. Они широкие, могут быть использованы как офисные, деловые, повседневные. Штаны офисные однотонные, прекрасно подойдут для девушек и женщин, хорошо смотрятся на высоких и невысоких, худых, полных и толстых, есть большие размеры и маленькие. Femme - это современная классика, и популярный тренд, Белорусская модная одежда для комфорта. В нашем ассортименте вы можете купить базовые летние, зимние, осенние, весенние вещи для офиса и на каждый день, и даже нарядные.",Добрый день! Видимо произошел какой-то сбой. Поставщик такими вопросами не занимается. Хорошего Вам дня!,0
2327983,"Здравствуйте! Товар стеклянный и не факт, что придет целая... И цена приличная.... Я на пункте выдачи смогу от нее отказаться если вдруг придет битая?","{'Материал посуды': 'стекло', 'Глубина предмета': '17.3 см', 'Вес товара с упаковкой (г)': '730 г', 'Ширина упаковки': '12 см', 'Ставка НДС': '20', 'Ширина предмета': '9.7 см', 'Форма посуды': 'фигурная', 'Номер декларации соответствия': 'РОСС RU Д-CN.РА01.В.31009/23', 'Высота упаковки': '11 см', 'Дата окончания действия сертификата/декларации': '14.08.2026', 'Количество предметов в упаковке': '2 шт', 'Высота предмета': '9.7 см', 'Цвет': 'прозрачный', 'Назначение посуды': 'для подачи масла', 'Хрупкость': 'хрупкое', 'Комплектация': 'крышка', 'Рисунок': 'нет', 'Дата регистрации сертификата/декларации': '15.08.2023', 'Количество в наборе': '1 шт.', 'Назначение': 'в подарок', 'Особенности посуды': 'с крышкой', 'Страна производства': 'Китай', 'Длина упаковки': '18 см'}  Масленка ""Бабочка"" с ножом, 17,3х11х9,7 см. Масленка ""Бабочка"" с крышкой и ножом поможет красиво подать масло на стол и удобно хранить его в холодильнике. Масленка выполнена из высококачественного стекла и украшена рельефными узорами. Крышка масленки имеет ручку в форме бабочки, за которую очень удобно браться. Нож в наборе выполнен из нержавеющей стали, а его ручка - из прозрачного пластика. Размер масленки 17,3х11х9,7 см. Набор нельзя использовать в микроволновой печи. Можно использовать в посудомоечной машине только в режиме ""Эко"". Поставляется в яркой картонной упаковке. Масленка ""Бабочка"" сможет украсить интерьер кухни или стать приятным подарком для ваших родных и близких!","Добрый день! Мы следим за качеством нашей продукции и ее упаковки. Товар поставляется в прочной картонной упаковке и обернут в воздушно-пупырчатую пленку. Но когда товар покидает наш склад, мы не можем проконтролировать дальнейшие условия его хранения и транспортировки. Товар с пометкой «Только предоплата. После оплаты Вы не сможете отказаться от товара» можно вернуть, но только в случае обнаружения дефектов или при получении ошибочного вложения. Дополнительную информацию по данному вопросу вам стоит уточнить в службе поддержки WildBerries. Благодарим за интерес к нашей продукции. Приятных покупок!",0
14607136,"здравствуйте, почему цена именно на 45 выше всего?","{'Коллекция': 'Весна-Лето 2024', 'Декоративные элементы': 'перфорация', 'Страна производства': 'Индонезия', 'Дата окончания действия сертификата/декларации': '21.12.2026', 'Ширина упаковки': '21 см', 'Назначение обуви': 'Для поваров', 'Материал подошвы обуви': 'полимер', 'Длина упаковки': '27 см', 'Материал стельки': 'EVA', 'Пол': 'Мужской', 'Цвет': 'белый', 'Комплектация': 'сабо', 'Сезон': 'круглогодичный', 'ТНВЭД': '6401929000', 'Номер декларации соответствия': 'ЕАЭС N RU Д-NL.РА10.В.69016/23', 'Дата регистрации сертификата/декларации': '22.12.2023', 'Состав': 'croslite 100%', 'Высота упаковки': '12 см'} {'Российский размер 39': '(Размер производителя: 39-40/W9, Длина стопы, в см: 25.5-25.5. EU размер: 39-40. )', 'Российский размер 41-42': '(Размер производителя: 41-42 (8-10), Длина стопы, в см: 26.3-26.3. EU размер: 41-42. )', 'Российский размер 46': '(Размер производителя: 46/13, EU размер: 48-49. Длина стопы, в см: 29.7-29.7. )', 'Российский размер 38-39': '(Размер производителя: 38-39/6-8, Длина стопы, в см: 24.2-24.2. EU размер: 38-39. )', 'Российский размер 48-49/W13': '(48-49)', 'Российский размер 43': '(Размер производителя: 43/44, Длина стопы, в см: 27.2-27.2. EU размер: 43-44. )', 'Российский размер 41': '(Размер производителя: 41-42/9-11, Длина стопы, в см: 27.2-27.2. EU размер: 42-43. )', 'Российский размер 39-40': '(Размер производителя: 39-40/7-9, EU размер: 39-40. Длина стопы, в см: 24.6-24.6. )', 'Российский размер 37-38': '(Размер производителя: 37-38/5-7, EU размер: 37-38. Длина стопы, в см: 23.3-23.3. )', 'Российский размер 40-41': '(Размер производителя: 40-41/8-10, EU размер: 41-42. Длина стопы, в см: 25.5-25.5. )', 'Российский размер 44': '(Размер производителя: 44/11, EU размер: 45-46. Длина стопы, в см: 28-28. )', 'Российский размер 42': '(Размер производителя: 42-43/10-12, Длина стопы, в см: 26.3-26.3. EU размер: 42-43. )', 'Российский размер 45': '(Размер производителя: 45/12, EU размер: 46-47. Длина стопы, в см: 28.8-28.8. )', 'Российский размер 36-37': '(Размер производителя: 36-37/4-6, Длина стопы, в см: 22.8-22.8. EU размер: 36-37. )', 'Российский размер 47': '(Размер производителя: 47/12, EU размер: 49-50. Длина стопы, в см: 30.5-30.5. )'} Сабо летние взрослые. Стильные сабо CROCS Classic известны высоким уровнем удобства и пользуются популярностью по всему миру. Материал Croslite обеспечивает комфорт на протяжении всего дня. Удобство в каждом шаге, универсальный дизайн и легкость обуви позволяют носить ее в офисе, дома, на улице. Узнаваемый стиль и практичность в одном флаконе. У компании Crocs фабрики обуви расположены в нескольких странах, например, в таких как Китай, Индонезия, Вьетнам и Босния. Технология производства на всех фабриках одинаковая.",Отклонён,0
14607136,"Здравствуйте. Я одна не знаю, чем так знамениты эти тапки? Почему на них такая цена?","{'Коллекция': 'Весна-Лето 2024', 'Декоративные элементы': 'перфорация', 'Страна производства': 'Индонезия', 'Дата окончания действия сертификата/декларации': '21.12.2026', 'Ширина упаковки': '21 см', 'Назначение обуви': 'Для поваров', 'Материал подошвы обуви': 'полимер', 'Длина упаковки': '27 см', 'Материал стельки': 'EVA', 'Пол': 'Мужской', 'Цвет': 'белый', 'Комплектация': 'сабо', 'Сезон': 'круглогодичный', 'ТНВЭД': '6401929000', 'Номер декларации соответствия': 'ЕАЭС N RU Д-NL.РА10.В.69016/23', 'Дата регистрации сертификата/декларации': '22.12.2023', 'Состав': 'croslite 100%', 'Высота упаковки': '12 см'} {'Российский размер 39': '(Размер производителя: 39-40/W9, Длина стопы, в см: 25.5-25.5. EU размер: 39-40. )', 'Российский размер 41-42': '(Размер производителя: 41-42 (8-10), Длина стопы, в см: 26.3-26.3. EU размер: 41-42. )', 'Российский размер 46': '(Размер производителя: 46/13, EU размер: 48-49. Длина стопы, в см: 29.7-29.7. )', 'Российский размер 38-39': '(Размер производителя: 38-39/6-8, Длина стопы, в см: 24.2-24.2. EU размер: 38-39. )', 'Российский размер 48-49/W13': '(48-49)', 'Российский размер 43': '(Размер производителя: 43/44, Длина стопы, в см: 27.2-27.2. EU размер: 43-44. )', 'Российский размер 41': '(Размер производителя: 41-42/9-11, Длина стопы, в см: 27.2-27.2. EU размер: 42-43. )', 'Российский размер 39-40': '(Размер производителя: 39-40/7-9, EU размер: 39-40. Длина стопы, в см: 24.6-24.6. )', 'Российский размер 37-38': '(Размер производителя: 37-38/5-7, EU размер: 37-38. Длина стопы, в см: 23.3-23.3. )', 'Российский размер 40-41': '(Размер производителя: 40-41/8-10, EU размер: 41-42. Длина стопы, в см: 25.5-25.5. )', 'Российский размер 44': '(Размер производителя: 44/11, EU размер: 45-46. Длина стопы, в см: 28-28. )', 'Российский размер 42': '(Размер производителя: 42-43/10-12, Длина стопы, в см: 26.3-26.3. EU размер: 42-43. )', 'Российский размер 45': '(Размер производителя: 45/12, EU размер: 46-47. Длина стопы, в см: 28.8-28.8. )', 'Российский размер 36-37': '(Размер производителя: 36-37/4-6, Длина стопы, в см: 22.8-22.8. EU размер: 36-37. )', 'Российский размер 47': '(Размер производителя: 47/12, EU размер: 49-50. Длина стопы, в см: 30.5-30.5. )'} Сабо летние взрослые. Стильные сабо CROCS Classic известны высоким уровнем удобства и пользуются популярностью по всему миру. Материал Croslite обеспечивает комфорт на протяжении всего дня. Удобство в каждом шаге, универсальный дизайн и легкость обуви позволяют носить ее в офисе, дома, на улице. Узнаваемый стиль и практичность в одном флаконе. У компании Crocs фабрики обуви расположены в нескольких странах, например, в таких как Китай, Индонезия, Вьетнам и Босния. Технология производства на всех фабриках одинаковая.","Добрый день! Продукция Crocs производится из материала Croslite, который значительно превосходит аналоги из ЭВА в чистом виде по следующим параметрам: качество пены, гибкость, упругость, износостойкость, легкость, эластичность и др.",0
14607136,На 37 размер ноги какой размер заказывать?,"{'Коллекция': 'Весна-Лето 2024', 'Декоративные элементы': 'перфорация', 'Страна производства': 'Индонезия', 'Дата окончания действия сертификата/декларации': '21.12.2026', 'Ширина упаковки': '21 см', 'Назначение обуви': 'Для поваров', 'Материал подошвы обуви': 'полимер', 'Длина упаковки': '27 см', 'Материал стельки': 'EVA', 'Пол': 'Мужской', 'Цвет': 'белый', 'Комплектация': 'сабо', 'Сезон': 'круглогодичный', 'ТНВЭД': '6401929000', 'Номер декларации соответствия': 'ЕАЭС N RU Д-NL.РА10.В.69016/23', 'Дата регистрации сертификата/декларации': '22.12.2023', 'Состав': 'croslite 100%', 'Высота упаковки': '12 см'} {'Российский размер 39': '(Размер производителя: 39-40/W9, Длина стопы, в см: 25.5-25.5. EU размер: 39-40. )', 'Российский размер 41-42': '(Размер производителя: 41-42 (8-10), Длина стопы, в см: 26.3-26.3. EU размер: 41-42. )', 'Российский размер 46': '(Размер производителя: 46/13, EU размер: 48-49. Длина стопы, в см: 29.7-29.7. )', 'Российский размер 38-39': '(Размер производителя: 38-39/6-8, Длина стопы, в см: 24.2-24.2. EU размер: 38-39. )', 'Российский размер 48-49/W13': '(48-49)', 'Российский размер 43': '(Размер производителя: 43/44, Длина стопы, в см: 27.2-27.2. EU размер: 43-44. )', 'Российский размер 41': '(Размер производителя: 41-42/9-11, Длина стопы, в см: 27.2-27.2. EU размер: 42-43. )', 'Российский размер 39-40': '(Размер производителя: 39-40/7-9, EU размер: 39-40. Длина стопы, в см: 24.6-24.6. )', 'Российский размер 37-38': '(Размер производителя: 37-38/5-7, EU размер: 37-38. Длина стопы, в см: 23.3-23.3. )', 'Российский размер 40-41': '(Размер производителя: 40-41/8-10, EU размер: 41-42. Длина стопы, в см: 25.5-25.5. )', 'Российский размер 44': '(Размер производителя: 44/11, EU размер: 45-46. Длина стопы, в см: 28-28. )', 'Российский размер 42': '(Размер производителя: 42-43/10-12, Длина стопы, в см: 26.3-26.3. EU размер: 42-43. )', 'Российский размер 45': '(Размер производителя: 45/12, EU размер: 46-47. Длина стопы, в см: 28.8-28.8. )', 'Российский размер 36-37': '(Размер производителя: 36-37/4-6, Длина стопы, в см: 22.8-22.8. EU размер: 36-37. )', 'Российский размер 47': '(Размер производителя: 47/12, EU размер: 49-50. Длина стопы, в см: 30.5-30.5. )'} Сабо летние взрослые. Стильные сабо CROCS Classic известны высоким уровнем удобства и пользуются популярностью по всему миру. Материал Croslite обеспечивает комфорт на протяжении всего дня. Удобство в каждом шаге, универсальный дизайн и легкость обуви позволяют носить ее в офисе, дома, на улице. Узнаваемый стиль и практичность в одном флаконе. У компании Crocs фабрики обуви расположены в нескольких странах, например, в таких как Китай, Индонезия, Вьетнам и Босния. Технология производства на всех фабриках одинаковая.","Здравствуйте. В карточке есть дополнительная фотография с информацией по размерам. Размер обуви рекомендуем подбирать по длине стопы. В таблице размеров указана длина стопы, для которой подходит данный размер. Длина стельки обуви примерно на 1 см больше. Перед покупкой рекомендуем примерить обувь, чтобы подобрать наиболее удобный для вас размер.",1
14607136,Почему нет коробки?,"{'Коллекция': 'Весна-Лето 2024', 'Декоративные элементы': 'перфорация', 'Страна производства': 'Индонезия', 'Дата окончания действия сертификата/декларации': '21.12.2026', 'Ширина упаковки': '21 см', 'Назначение обуви': 'Для поваров', 'Материал подошвы обуви': 'полимер', 'Длина упаковки': '27 см', 'Материал стельки': 'EVA', 'Пол': 'Мужской', 'Цвет': 'белый', 'Комплектация': 'сабо', 'Сезон': 'круглогодичный', 'ТНВЭД': '6401929000', 'Номер декларации соответствия': 'ЕАЭС N RU Д-NL.РА10.В.69016/23', 'Дата регистрации сертификата/декларации': '22.12.2023', 'Состав': 'croslite 100%', 'Высота упаковки': '12 см'} {'Российский размер 39': '(Размер производителя: 39-40/W9, Длина стопы, в см: 25.5-25.5. EU размер: 39-40. )', 'Российский размер 41-42': '(Размер производителя: 41-42 (8-10), Длина стопы, в см: 26.3-26.3. EU размер: 41-42. )', 'Российский размер 46': '(Размер производителя: 46/13, EU размер: 48-49. Длина стопы, в см: 29.7-29.7. )', 'Российский размер 38-39': '(Размер производителя: 38-39/6-8, Длина стопы, в см: 24.2-24.2. EU размер: 38-39. )', 'Российский размер 48-49/W13': '(48-49)', 'Российский размер 43': '(Размер производителя: 43/44, Длина стопы, в см: 27.2-27.2. EU размер: 43-44. )', 'Российский размер 41': '(Размер производителя: 41-42/9-11, Длина стопы, в см: 27.2-27.2. EU размер: 42-43. )', 'Российский размер 39-40': '(Размер производителя: 39-40/7-9, EU размер: 39-40. Длина стопы, в см: 24.6-24.6. )', 'Российский размер 37-38': '(Размер производителя: 37-38/5-7, EU размер: 37-38. Длина стопы, в см: 23.3-23.3. )', 'Российский размер 40-41': '(Размер производителя: 40-41/8-10, EU размер: 41-42. Длина стопы, в см: 25.5-25.5. )', 'Российский размер 44': '(Размер производителя: 44/11, EU размер: 45-46. Длина стопы, в см: 28-28. )', 'Российский размер 42': '(Размер производителя: 42-43/10-12, Длина стопы, в см: 26.3-26.3. EU размер: 42-43. )', 'Российский размер 45': '(Размер производителя: 45/12, EU размер: 46-47. Длина стопы, в см: 28.8-28.8. )', 'Российский размер 36-37': '(Размер производителя: 36-37/4-6, Длина стопы, в см: 22.8-22.8. EU размер: 36-37. )', 'Российский размер 47': '(Размер производителя: 47/12, EU размер: 49-50. Длина стопы, в см: 30.5-30.5. )'} Сабо летние взрослые. Стильные сабо CROCS Classic известны высоким уровнем удобства и пользуются популярностью по всему миру. Материал Croslite обеспечивает комфорт на протяжении всего дня. Удобство в каждом шаге, универсальный дизайн и легкость обуви позволяют носить ее в офисе, дома, на улице. Узнаваемый стиль и практичность в одном флаконе. У компании Crocs фабрики обуви расположены в нескольких странах, например, в таких как Китай, Индонезия, Вьетнам и Босния. Технология производства на всех фабриках одинаковая.",Добрый день! Большинство пар доставляется в фирменном пакете Crocs.,0
8426242,"Здравствуйте, подскажите здесь 1 пара трусов стоит 2000?","{'Рост модели на фото': '170 см', 'Назначение белья/купальника': 'повседневное', 'Уход за вещами': 'бережная стирка при 30 градусах', 'Упаковка': 'зип лок', 'Страна производства': 'Россия', 'Номер сертификата соответствия': 'ЕАЭС RU С-RU.АД02.В.00769/23', 'Дата регистрации сертификата/декларации': '08.06.2023', 'Коллекция': 'весна-лето 2024', 'Особенности белья': 'классическая модель', 'Высота упаковки': '2 см', 'Назначение': 'большие размеры', 'Тип посадки': 'высокая', 'Ширина упаковки': '18 см', 'Цвет': 'синий', 'Состав': 'хлопок', 'Фактура материала белья': 'гладкая', 'Длина упаковки': '20 см', 'Рисунок': 'без рисунка', 'Модель трусов': 'слипы', 'Пол': 'Женский', 'Дата окончания действия сертификата/декларации': '07.06.2026', 'Комплектация': 'качественные трусы - 1 шт.'} {'Российский размер 42': 'Длина, в см 62-62, Обхват груди, в см 90-90, Рост, см 155-165, Ширина, в см 45-45', 'Российский размер 46': 'Длина, в см 67-67, Обхват груди, в см 99-99, Рост, см 175-185, Ширина, в см 49-49', 'Российский размер 48': 'Длина, в см 68-68, Обхват груди, в см 101-101, Рост, см 185-195, Ширина, в см 50-50', 'Российский размер 44': 'Длина, в см 65-65, Обхват груди, в см 96-96, Рост, см 165-175, Ширина, в см 48-48', 'Российский размер 50': 'Длина, в см 71-71, Обхват груди, в см 106-106, Рост, см 195-205, Ширина, в см 53-53', 'Российский размер 52': 'Обхват бедер, в см 108-112, Обхват талии, в см 90-94', 'Российский размер 54': 'Обхват бедер, в см 112-116, Обхват талии, в см 94-98'} Трусы женские хлопок слипы с высокой посадкой. Хлопковые трусы с высокой посадкой идеально подходят для женщин и подростков, предпочитающих удобство и практичность. Эти женские трусики макси созданы из натурального хлопка, что делает их мягкими на ощупь и комфортными в носке. Высокая посадка плавок обеспечивает отличную поддержку талии и скрывает живот, особенно для больших размеров. Такие красивые вещи подходят не только для повседневной носки, но и на особенные случаи. Завышенная модель позволяет чувствовать себя уверенно в любой ситуации. Изделие особенно актуально в качестве послеродовых трусов благодаря своей мягкости и эластичности. Их можно использовать как многоразовые менструальные трусы, обеспечивающие дополнительную защиту во время месячных. Выбор в пользу хб материала гарантирует влагопоглощение и свежесть на протяжении всего дня. Произведенное в России, также как и в Турции, это брендовое белье сочетает стильный дизайн с высоким качеством исполнения. Отличная альтернатива подростковым моделям для девочек, желающих найти комфортное нижнее белье с завышенной талией.","Добрый день! Нет, одна пара около 400 рублей. Можно взять комплектом 3 шт около 800 рублей",1
3454022,"Здравствуйте, подскажите, пожалуйста, какой размер лучше взять 94--77--94?","{'Дата регистрации сертификата/декларации': '01.06.2022', 'Модель лифа': 'топ', 'Страна производства': 'Россия', 'Вид купальника': 'слитный купальник', 'Высота упаковки': '4 см', 'Материал подкладки': 'полиэстер', 'Пол': 'Женский', 'Состав': 'полиамид 80%', 'Коллекция': 'Базовая коллекция', 'Длина упаковки': '25 см', 'Назначение белья/купальника': 'спорт', 'Дата окончания действия сертификата/декларации': '31.05.2027', 'Цвет': 'черный', 'Уход за вещами': 'барабанная сушка запрещена', 'Номер сертификата соответствия': 'ЕАЭС RU С-RU.НА80.В.01148/22', 'Отличительные особенности': 'спортивная модель', 'Комплектация': 'купальник', 'Ширина упаковки': '19 см'} {'Российский размер 48': 'Обхват бедер, в см 102-106, Обхват груди, в см 94-98, Обхват талии, в см 74-78', 'Российский размер 44': 'Обхват бедер, в см 94-98, Обхват груди, в см 86-90, Обхват талии, в см 66-70', 'Российский размер 46': 'Обхват бедер, в см 98-102, Обхват груди, в см 90-94, Обхват талии, в см 70-74', 'Российский размер 54': 'Обхват бедер, в см 114-118, Обхват груди, в см 106-110, Обхват талии, в см 86-90', 'Российский размер 42': 'Обхват бедер, в см 90-94, Обхват груди, в см 82-86, Обхват талии, в см 62-66', 'Российский размер 50': 'Обхват бедер, в см 106-110, Обхват груди, в см 98-102, Обхват талии, в см 78-82', 'Российский размер 52': 'Обхват бедер, в см 110-114, Обхват груди, в см 102-106, Обхват талии, в см 82-86'} Купальник слитный для бассейна. Купальник спортивный женский для водного спорта, бассейна и пляжа. Слитный женский купальник с лифом на подкладке с эластичной резинкой под грудью обеспечивает хорошую поддержку. U-образный вырез спинки облегчает процесс надевания. Классический вырез бедра. Эластичные полотна обеспечивают комфорт во время плавания. Материал устойчив к воздействию хлора и ультрафиолета. Большой размер купальника в этой линейке 54. ПОЖАЛУЙСТА, ВЫБИРАЙТЕ РАЗМЕРЫ ТОЛЬКО ПО НАШЕЙ РАЗМЕРНОЙ ТАБЛИЦЕ, КОТОРАЯ НАХОДИТСЯ В ФОТОГРАФИЯХ.","Добрый день. 
Благодарим за обращение и интерес к продукции нашего бренда. Рекомендуем заказать 46 размер с примеркой в пункте выдачи перед оплатой, так как товар невозвратный. 

С уважением, Kickers.",1
3454022,"Добрый день. Какой размер выбрать если талия на 50,а бедра на 48 размер?","{'Дата регистрации сертификата/декларации': '01.06.2022', 'Модель лифа': 'топ', 'Страна производства': 'Россия', 'Вид купальника': 'слитный купальник', 'Высота упаковки': '4 см', 'Материал подкладки': 'полиэстер', 'Пол': 'Женский', 'Состав': 'полиамид 80%', 'Коллекция': 'Базовая коллекция', 'Длина упаковки': '25 см', 'Назначение белья/купальника': 'спорт', 'Дата окончания действия сертификата/декларации': '31.05.2027', 'Цвет': 'черный', 'Уход за вещами': 'барабанная сушка запрещена', 'Номер сертификата соответствия': 'ЕАЭС RU С-RU.НА80.В.01148/22', 'Отличительные особенности': 'спортивная модель', 'Комплектация': 'купальник', 'Ширина упаковки': '19 см'} {'Российский размер 48': 'Обхват бедер, в см 102-106, Обхват груди, в см 94-98, Обхват талии, в см 74-78', 'Российский размер 44': 'Обхват бедер, в см 94-98, Обхват груди, в см 86-90, Обхват талии, в см 66-70', 'Российский размер 46': 'Обхват бедер, в см 98-102, Обхват груди, в см 90-94, Обхват талии, в см 70-74', 'Российский размер 54': 'Обхват бедер, в см 114-118, Обхват груди, в см 106-110, Обхват талии, в см 86-90', 'Российский размер 42': 'Обхват бедер, в см 90-94, Обхват груди, в см 82-86, Обхват талии, в см 62-66', 'Российский размер 50': 'Обхват бедер, в см 106-110, Обхват груди, в см 98-102, Обхват талии, в см 78-82', 'Российский размер 52': 'Обхват бедер, в см 110-114, Обхват груди, в см 102-106, Обхват талии, в см 82-86'} Купальник слитный для бассейна. Купальник спортивный женский для водного спорта, бассейна и пляжа. Слитный женский купальник с лифом на подкладке с эластичной резинкой под грудью обеспечивает хорошую поддержку. U-образный вырез спинки облегчает процесс надевания. Классический вырез бедра. Эластичные полотна обеспечивают комфорт во время плавания. Материал устойчив к воздействию хлора и ультрафиолета. Большой размер купальника в этой линейке 54. ПОЖАЛУЙСТА, ВЫБИРАЙТЕ РАЗМЕРЫ ТОЛЬКО ПО НАШЕЙ РАЗМЕРНОЙ ТАБЛИЦЕ, КОТОРАЯ НАХОДИТСЯ В ФОТОГРАФИЯХ.","Добрый день. 
Напишите пожалуйста свои ОГ, ОТ, ОБ и рост в одном обращении, поможем выбрать размер. 

С уважением, Kickers.",1
3454022,здравствуйте.  на какой рост рассчитан купальник?,"{'Дата регистрации сертификата/декларации': '01.06.2022', 'Модель лифа': 'топ', 'Страна производства': 'Россия', 'Вид купальника': 'слитный купальник', 'Высота упаковки': '4 см', 'Материал подкладки': 'полиэстер', 'Пол': 'Женский', 'Состав': 'полиамид 80%', 'Коллекция': 'Базовая коллекция', 'Длина упаковки': '25 см', 'Назначение белья/купальника': 'спорт', 'Дата окончания действия сертификата/декларации': '31.05.2027', 'Цвет': 'черный', 'Уход за вещами': 'барабанная сушка запрещена', 'Номер сертификата соответствия': 'ЕАЭС RU С-RU.НА80.В.01148/22', 'Отличительные особенности': 'спортивная модель', 'Комплектация': 'купальник', 'Ширина упаковки': '19 см'} {'Российский размер 48': 'Обхват бедер, в см 102-106, Обхват груди, в см 94-98, Обхват талии, в см 74-78', 'Российский размер 44': 'Обхват бедер, в см 94-98, Обхват груди, в см 86-90, Обхват талии, в см 66-70', 'Российский размер 46': 'Обхват бедер, в см 98-102, Обхват груди, в см 90-94, Обхват талии, в см 70-74', 'Российский размер 54': 'Обхват бедер, в см 114-118, Обхват груди, в см 106-110, Обхват талии, в см 86-90', 'Российский размер 42': 'Обхват бедер, в см 90-94, Обхват груди, в см 82-86, Обхват талии, в см 62-66', 'Российский размер 50': 'Обхват бедер, в см 106-110, Обхват груди, в см 98-102, Обхват талии, в см 78-82', 'Российский размер 52': 'Обхват бедер, в см 110-114, Обхват груди, в см 102-106, Обхват талии, в см 82-86'} Купальник слитный для бассейна. Купальник спортивный женский для водного спорта, бассейна и пляжа. Слитный женский купальник с лифом на подкладке с эластичной резинкой под грудью обеспечивает хорошую поддержку. U-образный вырез спинки облегчает процесс надевания. Классический вырез бедра. Эластичные полотна обеспечивают комфорт во время плавания. Материал устойчив к воздействию хлора и ультрафиолета. Большой размер купальника в этой линейке 54. ПОЖАЛУЙСТА, ВЫБИРАЙТЕ РАЗМЕРЫ ТОЛЬКО ПО НАШЕЙ РАЗМЕРНОЙ ТАБЛИЦЕ, КОТОРАЯ НАХОДИТСЯ В ФОТОГРАФИЯХ.","Добрый день. Благодарим за обращение. Купальник рассчитан на рост 164-176 см. С уважением, Kickers.",0
3454022,здравствуйте. купальник утягивает фигуру?,"{'Дата регистрации сертификата/декларации': '01.06.2022', 'Модель лифа': 'топ', 'Страна производства': 'Россия', 'Вид купальника': 'слитный купальник', 'Высота упаковки': '4 см', 'Материал подкладки': 'полиэстер', 'Пол': 'Женский', 'Состав': 'полиамид 80%', 'Коллекция': 'Базовая коллекция', 'Длина упаковки': '25 см', 'Назначение белья/купальника': 'спорт', 'Дата окончания действия сертификата/декларации': '31.05.2027', 'Цвет': 'черный', 'Уход за вещами': 'барабанная сушка запрещена', 'Номер сертификата соответствия': 'ЕАЭС RU С-RU.НА80.В.01148/22', 'Отличительные особенности': 'спортивная модель', 'Комплектация': 'купальник', 'Ширина упаковки': '19 см'} {'Российский размер 48': 'Обхват бедер, в см 102-106, Обхват груди, в см 94-98, Обхват талии, в см 74-78', 'Российский размер 44': 'Обхват бедер, в см 94-98, Обхват груди, в см 86-90, Обхват талии, в см 66-70', 'Российский размер 46': 'Обхват бедер, в см 98-102, Обхват груди, в см 90-94, Обхват талии, в см 70-74', 'Российский размер 54': 'Обхват бедер, в см 114-118, Обхват груди, в см 106-110, Обхват талии, в см 86-90', 'Российский размер 42': 'Обхват бедер, в см 90-94, Обхват груди, в см 82-86, Обхват талии, в см 62-66', 'Российский размер 50': 'Обхват бедер, в см 106-110, Обхват груди, в см 98-102, Обхват талии, в см 78-82', 'Российский размер 52': 'Обхват бедер, в см 110-114, Обхват груди, в см 102-106, Обхват талии, в см 82-86'} Купальник слитный для бассейна. Купальник спортивный женский для водного спорта, бассейна и пляжа. Слитный женский купальник с лифом на подкладке с эластичной резинкой под грудью обеспечивает хорошую поддержку. U-образный вырез спинки облегчает процесс надевания. Классический вырез бедра. Эластичные полотна обеспечивают комфорт во время плавания. Материал устойчив к воздействию хлора и ультрафиолета. Большой размер купальника в этой линейке 54. ПОЖАЛУЙСТА, ВЫБИРАЙТЕ РАЗМЕРЫ ТОЛЬКО ПО НАШЕЙ РАЗМЕРНОЙ ТАБЛИЦЕ, КОТОРАЯ НАХОДИТСЯ В ФОТОГРАФИЯХ.","Добрый день. 
Данный купальник не имеет эффекта утяжки. В нашем ассортименте представлен утягивающий купальник артикула 137900807.
С уважением, Kickers.",0
3454022,"не подошёл,хотим вернуть купальник.","{'Дата регистрации сертификата/декларации': '01.06.2022', 'Модель лифа': 'топ', 'Страна производства': 'Россия', 'Вид купальника': 'слитный купальник', 'Высота упаковки': '4 см', 'Материал подкладки': 'полиэстер', 'Пол': 'Женский', 'Состав': 'полиамид 80%', 'Коллекция': 'Базовая коллекция', 'Длина упаковки': '25 см', 'Назначение белья/купальника': 'спорт', 'Дата окончания действия сертификата/декларации': '31.05.2027', 'Цвет': 'черный', 'Уход за вещами': 'барабанная сушка запрещена', 'Номер сертификата соответствия': 'ЕАЭС RU С-RU.НА80.В.01148/22', 'Отличительные особенности': 'спортивная модель', 'Комплектация': 'купальник', 'Ширина упаковки': '19 см'} {'Российский размер 48': 'Обхват бедер, в см 102-106, Обхват груди, в см 94-98, Обхват талии, в см 74-78', 'Российский размер 44': 'Обхват бедер, в см 94-98, Обхват груди, в см 86-90, Обхват талии, в см 66-70', 'Российский размер 46': 'Обхват бедер, в см 98-102, Обхват груди, в см 90-94, Обхват талии, в см 70-74', 'Российский размер 54': 'Обхват бедер, в см 114-118, Обхват груди, в см 106-110, Обхват талии, в см 86-90', 'Российский размер 42': 'Обхват бедер, в см 90-94, Обхват груди, в см 82-86, Обхват талии, в см 62-66', 'Российский размер 50': 'Обхват бедер, в см 106-110, Обхват груди, в см 98-102, Обхват талии, в см 78-82', 'Российский размер 52': 'Обхват бедер, в см 110-114, Обхват груди, в см 102-106, Обхват талии, в см 82-86'} Купальник слитный для бассейна. Купальник спортивный женский для водного спорта, бассейна и пляжа. Слитный женский купальник с лифом на подкладке с эластичной резинкой под грудью обеспечивает хорошую поддержку. U-образный вырез спинки облегчает процесс надевания. Классический вырез бедра. Эластичные полотна обеспечивают комфорт во время плавания. Материал устойчив к воздействию хлора и ультрафиолета. Большой размер купальника в этой линейке 54. ПОЖАЛУЙСТА, ВЫБИРАЙТЕ РАЗМЕРЫ ТОЛЬКО ПО НАШЕЙ РАЗМЕРНОЙ ТАБЛИЦЕ, КОТОРАЯ НАХОДИТСЯ В ФОТОГРАФИЯХ.","Здравствуйте. Благодарим Вас за интерес к нашему бренду. Вы написали в чат производителя. Реализацией наших изделий занимается WB. Эта модель попадает в категорию «бельё». По правилам WB разрешена примерка в ПВЗ до оформления купли-продажи. Если все правила соблюдены, ПВЗ обязано принять не подошедший по размеру товар. Если обнаружен брак, создается соответствующее обращение в личном кабинете и отсылается производителю. С уважением, Kickers.",0
3454022,"рост176 ,ОГ -105 ,ОБ-100,ОТ-95 ,КАКОЙ РАЗМЕР ПОДОЙДЕТ ?","{'Дата регистрации сертификата/декларации': '01.06.2022', 'Модель лифа': 'топ', 'Страна производства': 'Россия', 'Вид купальника': 'слитный купальник', 'Высота упаковки': '4 см', 'Материал подкладки': 'полиэстер', 'Пол': 'Женский', 'Состав': 'полиамид 80%', 'Коллекция': 'Базовая коллекция', 'Длина упаковки': '25 см', 'Назначение белья/купальника': 'спорт', 'Дата окончания действия сертификата/декларации': '31.05.2027', 'Цвет': 'черный', 'Уход за вещами': 'барабанная сушка запрещена', 'Номер сертификата соответствия': 'ЕАЭС RU С-RU.НА80.В.01148/22', 'Отличительные особенности': 'спортивная модель', 'Комплектация': 'купальник', 'Ширина упаковки': '19 см'} {'Российский размер 48': 'Обхват бедер, в см 102-106, Обхват груди, в см 94-98, Обхват талии, в см 74-78', 'Российский размер 44': 'Обхват бедер, в см 94-98, Обхват груди, в см 86-90, Обхват талии, в см 66-70', 'Российский размер 46': 'Обхват бедер, в см 98-102, Обхват груди, в см 90-94, Обхват талии, в см 70-74', 'Российский размер 54': 'Обхват бедер, в см 114-118, Обхват груди, в см 106-110, Обхват талии, в см 86-90', 'Российский размер 42': 'Обхват бедер, в см 90-94, Обхват груди, в см 82-86, Обхват талии, в см 62-66', 'Российский размер 50': 'Обхват бедер, в см 106-110, Обхват груди, в см 98-102, Обхват талии, в см 78-82', 'Российский размер 52': 'Обхват бедер, в см 110-114, Обхват груди, в см 102-106, Обхват талии, в см 82-86'} Купальник слитный для бассейна. Купальник спортивный женский для водного спорта, бассейна и пляжа. Слитный женский купальник с лифом на подкладке с эластичной резинкой под грудью обеспечивает хорошую поддержку. U-образный вырез спинки облегчает процесс надевания. Классический вырез бедра. Эластичные полотна обеспечивают комфорт во время плавания. Материал устойчив к воздействию хлора и ультрафиолета. Большой размер купальника в этой линейке 54. ПОЖАЛУЙСТА, ВЫБИРАЙТЕ РАЗМЕРЫ ТОЛЬКО ПО НАШЕЙ РАЗМЕРНОЙ ТАБЛИЦЕ, КОТОРАЯ НАХОДИТСЯ В ФОТОГРАФИЯХ.","Добрый день. Благодарим за обращение и интерес к продукции нашего бренда. Можем порекомендовать вам заказать 52 размер, с обязательной примеркой в ПВЗ, до оплаты. Обращаем внимание, что по правилам WB товар невозвратный (для возврата по причине несоразмерности разрешена примерка в пункте выдачи перед оформлением покупки). С уважением, Kickers.",1
